Timestamp;Nome;Ruolo;Club;ScoutScore;FVM;Quotazione;PV;MV;FM;Gol;Assist;Titolarita;Trend;Status
2026-09-05T15:45:33.222379+02:00;Osmajic;A;Genoa;0;88.8;28;8;2;6.0;7.5;1;0;100.0;50.0;available
2026-09-05T15:45:33.222379+02:00;Locatelli;C;Juventus;0;88.1;33;9;2;6.5;6.75;0;1;90.0;50.0;available
2026-09-05T15:45:33.222379+02:00;De Winter;D;Milan;0;87.3;20;5;2;6.5;6.5;0;0;90.0;50.0;available
2026-09-05T15:45:33.222379+02:00;Cristante;C;Roma;0;87.0;29;9;2;6.5;6.5;0;0;90.0;50.0;available
2026-09-05T15:45:33.222379+02:00;Njie;C;Fiorentina;0;86.1;28;4;1;7.0;7.0;0;0;100.0;50.0;available
2026-09-05T15:45:33.222379+02:00;Comuzzo;D;Torino;0;85.8;13;8;2;6.25;7.75;1;0;100.0;50.0;available
2026-09-05T15:45:33.222379+02:00;Romano;C;Cagliari;0;85.4;21;7;2;7.0;8.5;1;0;90.0;50.0;available
2026-09-05T15:45:33.222379+02:00;Doekhi;D;Lazio;0;84.3;16;8;2;6.25;6.25;0;0;80.0;50.0;available
2026-09-05T15:45:33.222379+02:00;Chukwueze;C;Milan;0;84.1;22;8;2;6.75;7.25;0;1;85.0;50.0;available
2026-09-05T15:45:33.222379+02:00;Vergara;C;Napoli;0;83.2;35;10;1;7.5;11.5;1;1;55.0;50.0;available
2026-09-05T15:45:33.222379+02:00;Ferguson;C;Bologna;0;82.7;23;7;2;6.25;6.25;0;0;90.0;50.0;available
2026-09-05T15:45:33.222379+02:00;Rodriguez Ju.;D;Cagliari;0;82.0;14;4;2;6.25;6.25;0;0;90.0;50.0;available
2026-09-05T15:45:33.222379+02:00;Obert;D;Cagliari;0;81.7;15;7;2;6.0;6.0;0;0;90.0;50.0;available
2026-09-05T15:45:33.222379+02:00;Romero D.;A;Parma;0;80.9;37;10;1;6.5;6.5;0;0;55.0;50.0;available
2026-09-05T15:45:33.222379+02:00;Tourè E.;A;Parma;0;80.8;37;10;2;5.5;5.5;0;0;90.0;50.0;available
2026-09-05T15:45:33.222379+02:00;Coulibaly L.;C;Lecce;0;79.6;17;7;2;6.0;6.5;0;1;90.0;50.0;available
2026-09-05T15:45:33.222379+02:00;Cissè A.;C;Milan;0;79.3;24;5;2;6.5;8.0;1;0;60.0;50.0;available
2026-09-05T15:45:33.222379+02:00;Bartesaghi;D;Milan;0;78.6;22;8;2;6.0;6.0;0;0;60.0;50.0;available
2026-09-05T15:45:33.222379+02:00;Karlstrom;C;Udinese;0;78.3;20;7;2;6.0;6.0;0;0;90.0;50.0;available
2026-09-05T15:45:33.222379+02:00;Baldanzi;C;Genoa;0;77.7;28;11;3;5.83;5.83;0;0;100.0;50.0;available
2026-09-05T15:45:33.222379+02:00;Fitz-Jim;C;Torino;0;77.2;18;5;2;6.0;6.0;0;0;100.0;50.0;available
2026-09-05T15:45:33.222379+02:00;Maldini;A;Cagliari;0;77.1;21;5;2;5.75;5.75;0;0;80.0;50.0;available
2026-09-05T15:45:33.222379+02:00;Calvani;D;Frosinone;0;77.1;13;5;2;6.5;6.0;0;0;90.0;50.0;available
2026-09-05T15:45:33.222379+02:00;Pisilli;C;Roma;0;77.0;19;7;2;6.25;7.75;1;0;60.0;50.0;available
2026-09-05T15:45:33.222379+02:00;Colpani;C;Monza;0;76.9;15;9;2;5.75;7.25;1;0;80.0;50.0;available
2026-09-05T15:45:33.222379+02:00;Fortini;D;Torino;0;76.4;12;6;2;6.0;6.0;0;0;100.0;50.0;available
2026-09-05T15:45:33.222379+02:00;Provstgaard;D;Lazio;0;76.3;13;4;2;6.25;6.0;0;0;90.0;50.0;available
2026-09-05T15:45:33.222379+02:00;Leysen F.;D;Sassuolo;0;75.5;12;6;2;6.25;6.75;0;1;70.0;50.0;available
2026-09-05T15:45:33.222379+02:00;Coco;D;Torino;0;75.1;14;7;2;5.5;5.5;0;0;100.0;50.0;available
2026-09-05T15:45:33.222379+02:00;Adopo;C;Cagliari;0;74.5;13;7;2;6.0;6.5;0;1;90.0;50.0;available
2026-09-05T15:45:33.222379+02:00;Veiga D.;D;Lecce;0;74.4;12;6;2;5.75;6.0;0;1;90.0;50.0;available
2026-09-05T15:45:33.222379+02:00;Pedraza;D;Lazio;0;73.7;14;6;2;6.0;6.0;0;0;60.0;50.0;available
2026-09-05T15:45:33.222379+02:00;Koopmeiners;C;Juventus;0;73.0;15;7;1;7.0;10.0;1;0;60.0;50.0;available
2026-09-05T15:45:33.222379+02:00;Musah;C;Milan;0;73.0;15;3;2;6.25;6.25;0;0;90.0;50.0;available
2026-09-05T15:45:33.222379+02:00;Busio;C;Venezia;0;73.0;14;5;2;6.25;6.25;0;0;90.0;50.0;available
2026-09-05T15:45:33.222379+02:00;Kevin Carlos;A;Cagliari;0;72.8;36;12;1;5.5;5.0;0;0;55.0;50.0;available
2026-09-05T15:45:33.222379+02:00;Folorunsho;C;Monza;0;72.6;17;4;1;6.0;6.0;0;0;85.0;50.0;available
2026-09-05T15:45:33.222379+02:00;Frendrup;C;Genoa;0;72.2;19;7;3;5.83;5.83;0;0;100.0;50.0;available
2026-09-05T15:45:33.222379+02:00;Pierotti;C;Lecce;0;72.1;19;6;2;5.75;5.75;0;0;90.0;50.0;available
2026-09-05T15:45:33.222379+02:00;Viery;D;Fiorentina;0;72.1;12;6;1;5.5;5.5;0;0;100.0;50.0;available
2026-09-05T15:45:33.222379+02:00;Obrador;D;Sassuolo;0;71.7;13;6;1;6.0;6.0;0;0;60.0;50.0;available
2026-09-05T15:45:33.222379+02:00;Holm;D;Bologna;0;71.7;13;6;2;6.0;6.0;0;0;60.0;50.0;available
2026-09-05T15:45:33.222379+02:00;Fatah;A;Lecce;0;71.3;14;4;1;6.0;6.0;0;0;55.0;50.0;available
2026-09-05T15:45:33.222379+02:00;Marusic;D;Lazio;0;71.2;20;6;1;6.0;6.0;0;0;30.0;50.0;available
2026-09-05T15:45:33.222379+02:00;Comert;D;Torino;0;70.8;12;4;1;5.5;5.5;0;0;100.0;50.0;available
2026-09-05T15:45:33.222379+02:00;Kempf;D;Como;0;70.7;13;5;1;6.5;6.5;0;0;40.0;50.0;available
2026-09-05T15:45:33.222379+02:00;Zalewski;C;Atalanta;0;70.5;18;7;2;6.0;6.5;0;1;40.0;50.0;available
2026-09-05T15:45:33.222379+02:00;Bakola;C;Sassuolo;0;70.5;14;6;2;6.25;6.25;0;0;75.0;50.0;available
2026-09-05T15:45:33.222379+02:00;Lucca;A;Napoli;0;70.4;12;4;1;6.5;6.5;0;0;60.0;50.0;available
2026-09-05T15:45:33.222379+02:00;Oyono A.;D;Frosinone;0;70.4;10;6;2;6.25;6.25;0;0;80.0;50.0;available
2026-09-05T15:45:33.222379+02:00;Unai Gomez;C;Udinese;0;70.0;16;7;1;5.5;5.5;0;0;90.0;50.0;available
2026-09-05T15:45:33.222379+02:00;Zè Pedro;D;Cagliari;0;70.0;13;5;2;5.75;5.5;0;0;90.0;50.0;available
2026-09-05T15:45:33.222379+02:00;Tornqvist;P;Monza;0;69.8;10;1;0;0.0;0.0;0;0;75.0;50.0;available
2026-09-05T15:45:33.222379+02:00;Gabbia;D;Milan;0;69.7;15;7;1;6.0;6.0;0;0;30.0;50.0;available
2026-09-05T15:45:33.222379+02:00;Oulai;C;Fiorentina;0;69.0;18;6;2;5.5;5.5;0;0;100.0;50.0;available
2026-09-05T15:45:33.222379+02:00;Birindelli;D;Monza;0;68.8;12;4;2;5.75;5.75;0;0;90.0;50.0;available
2026-09-05T15:45:33.222379+02:00;Estupinan;D;Milan;0;68.4;13;3;1;6.0;6.0;0;0;55.0;50.0;available
2026-09-05T15:45:33.222379+02:00;Akinsanmiro;C;Monza;0;68.3;11;7;1;6.5;7.5;0;1;80.0;50.0;available
2026-09-05T15:45:33.222379+02:00;Ismajli;D;Torino;0;68.2;13;7;2;6.0;6.0;0;0;40.0;50.0;available
2026-09-05T15:45:33.222379+02:00;Gallo;D;Lecce;0;68.1;12;6;1;5.5;5.5;0;0;80.0;50.0;available
2026-09-05T15:45:33.222379+02:00;Elmas;C;Atalanta;0;67.9;22;7;1;5.5;5.5;0;0;55.0;50.0;available
2026-09-05T15:45:33.222379+02:00;Basic;C;Venezia;0;67.8;19;6;2;5.5;5.5;0;0;90.0;50.0;available
2026-09-05T15:45:33.222379+02:00;Winks;C;Cagliari;0;67.8;15;6;2;5.75;5.75;0;0;90.0;50.0;available
2026-09-05T15:45:33.222379+02:00;Matic;C;Sassuolo;0;67.8;15;6;2;6.0;5.75;0;0;90.0;50.0;available
2026-09-05T15:45:33.222379+02:00;Floriani Mussolini;D;Lazio;0;67.5;10;4;2;6.25;6.0;0;0;90.0;50.0;available
2026-09-05T15:45:33.222379+02:00;Joao Mario;D;Fiorentina;0;67.1;12;3;1;5.0;5.0;0;0;100.0;50.0;available
2026-09-05T15:45:33.222379+02:00;Kelly L.;D;Juventus;0;66.8;12;5;2;6.0;6.0;0;0;55.0;50.0;available
2026-09-05T15:45:33.222379+02:00;Schmid;C;Frosinone;0;66.6;25;8;2;5.75;5.5;0;0;60.0;50.0;available
2026-09-05T15:45:33.222379+02:00;Mendy P.;A;Cagliari;0;66.4;12;4;2;5.75;5.75;0;0;60.0;50.0;available
2026-09-05T15:45:33.222379+02:00;N'Dri;A;Lecce;0;66.4;12;4;2;5.75;5.75;0;0;60.0;50.0;available
2026-09-05T15:45:33.222379+02:00;Haps;D;Venezia;0;66.2;10;5;2;6.25;6.0;0;0;80.0;50.0;available
2026-09-05T15:45:33.222379+02:00;Cancellieri;C;Lazio;0;65.8;25;9;2;5.75;5.5;0;0;55.0;50.0;available
2026-09-05T15:45:33.222379+02:00;Lang;A;Napoli;0;65.8;14;4;2;5.5;5.5;0;0;55.0;50.0;available
2026-09-05T15:45:33.222379+02:00;Daffara;P;Parma;0;65.6;7;6;0;0.0;0.0;0;0;45.0;50.0;available
2026-09-05T15:45:33.222379+02:00;Douglas Luiz;C;Juventus;0;65.5;15;4;2;5.75;5.75;0;0;85.0;50.0;available
2026-09-05T15:45:33.222379+02:00;Rovella;C;Lazio;0;65.2;16;7;2;6.25;6.25;0;0;30.0;50.0;available
2026-09-05T15:45:33.222379+02:00;Odgaard;C;Bologna;0;65.1;17;8;2;5.75;5.5;0;0;80.0;50.0;available
2026-09-05T15:45:33.222379+02:00;Kossounou;D;Atalanta;0;64.8;12;4;2;5.75;5.75;0;0;70.0;50.0;available
2026-09-05T15:45:33.222379+02:00;Lontani;A;Parma;0;64.8;11;3;2;6.0;6.0;0;0;60.0;50.0;available
2026-09-05T15:45:33.222379+02:00;Lulli;D;Roma;0;64.3;10;2;2;6.5;6.5;0;0;60.0;50.0;available
2026-09-05T15:45:33.222379+02:00;Abankwah;D;Udinese;0;63.7;10;2;2;6.25;6.0;0;0;80.0;50.0;available
2026-09-05T15:45:33.222379+02:00;Dodò;D;Fiorentina;0;62.9;20;9;1;5.0;5.0;0;0;20.0;50.0;available
2026-09-05T15:45:33.222379+02:00;Keita M.;C;Parma;0;62.9;15;5;2;5.5;5.5;0;0;90.0;50.0;available
2026-09-05T15:45:33.222379+02:00;Caqueret;C;Como;0;62.8;17;6;2;6.0;6.0;0;0;30.0;50.0;available
2026-09-05T15:45:33.222379+02:00;Hainaut;D;Venezia;0;62.8;12;4;2;5.75;5.75;0;0;60.0;50.0;available
2026-09-05T15:45:33.222379+02:00;Jashari;C;Milan;0;62.2;13;5;2;6.0;6.0;0;0;55.0;50.0;available
2026-09-05T15:45:33.222379+02:00;Helland;D;Bologna;0;62.2;12;3;2;6.0;6.0;0;0;40.0;50.0;available
2026-09-05T15:45:33.222379+02:00;Doig;D;Sassuolo;0;62.2;10;5;2;6.0;6.0;0;0;60.0;50.0;available
2026-09-05T15:45:33.222379+02:00;Fini;C;Frosinone;0;62.1;13;4;2;5.75;5.75;0;0;80.0;50.0;available
2026-09-05T15:45:33.222379+02:00;Ghilardi;D;Roma;0;61.8;10;5;1;6.5;6.5;0;0;40.0;50.0;available
2026-09-05T15:45:33.222379+02:00;Dragusin;D;Fiorentina;0;61.5;20;7;2;4.0;3.75;0;0;100.0;50.0;available
2026-09-05T15:45:33.222379+02:00;Zerbin;C;Frosinone;0;61.5;12;6;2;6.0;6.0;0;0;60.0;50.0;available
2026-09-05T15:45:33.222379+02:00;Stankovic F.;P;Venezia;0;61.5;11;6;2;6.0;4.0;0;0;90.0;50.0;available
2026-09-05T15:45:33.222379+02:00;Casadei;C;Torino;0;61.4;27;9;1;5.0;5.0;0;0;30.0;50.0;available
2026-09-05T15:45:33.222379+02:00;Palma;D;Udinese;0;61.4;11;3;1;6.5;6.5;0;0;30.0;50.0;available
2026-09-05T15:45:33.222379+02:00;Ordonez C.;C;Parma;0;60.8;10;3;2;6.0;6.0;0;0;90.0;50.0;available
2026-09-05T15:45:33.222379+02:00;Pobega;C;Bologna;0;60.5;12;6;1;6.0;6.0;0;0;55.0;50.0;available
2026-09-05T15:45:33.222379+02:00;Bertola;D;Udinese;0;60.5;10;4;1;6.0;6.0;0;0;55.0;50.0;available
2026-09-05T15:45:33.222379+02:00;Gnonto;A;Fiorentina;0;60.2;25;7;0;0.0;0.0;0;0;55.0;50.0;available
2026-09-05T15:45:33.222379+02:00;Sutalo J.;D;Lazio;0;60.2;19;7;0;0.0;0.0;0;0;50.0;50.0;available
2026-09-05T15:45:33.222379+02:00;Miller L.;C;Udinese;0;60.2;12;4;2;6.0;6.0;0;0;60.0;50.0;available
2026-09-05T15:45:33.222379+02:00;Gineitis;C;Torino;0;60.1;12;5;2;5.25;5.5;0;1;100.0;50.0;available
2026-09-05T15:45:33.222379+02:00;Thuram K.;C;Juventus;0;59.8;25;9;0;0.0;0.0;0;0;60.0;50.0;available
2026-09-05T15:45:33.222379+02:00;Britschgi;D;Parma;0;59.6;10;3;1;6.0;6.0;0;0;55.0;50.0;available
2026-09-05T15:45:33.222379+02:00;Masini;C;Frosinone;0;59.5;8;3;2;6.25;6.25;0;0;80.0;50.0;available
2026-09-05T15:45:33.222379+02:00;Heggem;D;Bologna;0;59.0;15;6;2;5.5;5.25;0;0;90.0;50.0;available
2026-09-05T15:45:33.222379+02:00;Fadera;C;Cagliari;0;58.8;12;2;1;6.0;6.0;0;0;60.0;50.0;available
2026-09-05T15:45:33.222379+02:00;Kristensen T.;D;Atalanta;0;58.4;20;6;0;0.0;0.0;0;0;40.0;50.0;available
2026-09-05T15:45:33.222379+02:00;Zhegrova;C;Juventus;0;58.4;17;6;1;5.5;5.5;0;0;30.0;50.0;available
2026-09-05T15:45:33.222379+02:00;Marcandalli;D;Genoa;0;58.2;14;6;3;5.17;5.17;0;0;100.0;50.0;available
2026-09-05T15:45:33.222379+02:00;Siebert;D;Lecce;0;58.0;12;4;2;5.5;5.5;0;0;50.0;50.0;available
2026-09-05T15:45:33.222379+02:00;Neres;A;Napoli;0;57.2;20;6;0;0.0;0.0;0;0;50.0;50.0;available
2026-09-05T15:45:33.222379+02:00;Fagioli;C;Fiorentina;0;57.2;20;7;2;5.25;5.0;0;0;100.0;50.0;available
2026-09-05T15:45:33.222379+02:00;Monteiro J.;C;Lecce;0;57.1;23;7;0;0.0;0.0;0;0;55.0;50.0;available
2026-09-05T15:45:33.222379+02:00;Fazzini;C;Cagliari;0;57.1;23;6;2;5.5;5.25;0;0;90.0;50.0;available
2026-09-05T15:45:33.222379+02:00;Rrahmani Al.;A;Venezia;0;56.9;13;7;0;0.0;0.0;0;0;60.0;50.0;available
2026-09-05T15:45:33.222379+02:00;Smolcic I.;D;Como;0;56.1;10;4;1;5.5;5.5;0;0;55.0;50.0;available
2026-09-05T15:45:33.222379+02:00;Badiashile;D;Napoli;0;56.0;18;7;0;0.0;0.0;0;0;30.0;50.0;available
2026-09-05T15:45:33.222379+02:00;Cichella;C;Frosinone;0;55.7;12;4;1;5.5;5.5;0;0;60.0;50.0;available
2026-09-05T15:45:33.222379+02:00;Carboni A.;D;Monza;0;55.6;9;3;2;5.5;5.5;0;0;85.0;50.0;available
2026-09-05T15:45:33.222379+02:00;Caleta-Car;D;Sassuolo;0;55.4;15;6;0;0.0;0.0;0;0;35.0;50.0;available
2026-09-05T15:45:33.222379+02:00;Troilo;D;Parma;0;55.3;14;3;2;5.5;5.25;0;0;90.0;50.0;available
2026-09-05T15:45:33.222379+02:00;Ricci S.;C;Como;0;55.2;12;4;1;6.0;6.0;0;0;35.0;50.0;available
2026-09-05T15:45:33.222379+02:00;Luis Henrique;C;Inter;0;54.9;12;5;2;6.0;6.0;0;0;30.0;50.0;available
2026-09-05T15:45:33.222379+02:00;Braganca;C;Torino;0;54.8;20;6;0;0.0;0.0;0;0;55.0;50.0;available
2026-09-05T15:45:33.222379+02:00;Odenthal;D;Sassuolo;0;54.8;8;3;1;6.5;9.5;1;0;25.0;50.0;available
2026-09-05T15:45:33.222379+02:00;Ndiaye;D;Parma;0;54.5;8;2;1;6.0;6.0;0;0;55.0;50.0;available
2026-09-05T15:45:33.222379+02:00;Buongiorno;D;Napoli;0;54.4;15;6;0;0.0;0.0;0;0;30.0;50.0;available
2026-09-05T15:45:33.222379+02:00;Kulenovic;A;Torino;0;54.3;9;4;1;5.5;5.5;0;0;35.0;50.0;available
2026-09-05T15:45:33.222379+02:00;Sohm;C;Venezia;0;53.8;11;5;1;5.5;5.5;0;0;60.0;50.0;available
2026-09-05T15:45:33.222379+02:00;Messias;C;Genoa;0;53.5;8;4;3;6.0;6.0;0;0;60.0;50.0;available
2026-09-05T15:45:33.222379+02:00;Sugawara;D;Cagliari;0;53.4;15;6;0;0.0;0.0;0;0;25.0;50.0;available
2026-09-05T15:45:33.222379+02:00;El Shaarawy;C;Genoa;0;53.2;25;7;0;0.0;0.0;0;0;30.0;50.0;available
2026-09-05T15:45:33.222379+02:00;Kofler;D;Cagliari;0;53.0;8;5;1;6.0;6.0;0;0;35.0;50.0;available
2026-09-05T15:45:33.222379+02:00;Sow;C;Genoa;0;52.8;15;7;3;5.67;5.5;0;0;100.0;50.0;available
2026-09-05T15:45:33.222379+02:00;Dele-Bashiru;C;Lazio;0;52.8;13;5;1;5.5;5.5;0;0;30.0;50.0;available
2026-09-05T15:45:33.222379+02:00;Meichtry;C;Genoa;0;52.8;11;5;2;5.75;5.75;0;0;55.0;50.0;available
2026-09-05T15:45:33.222379+02:00;Sabelli;D;Genoa;0;52.4;5;2;1;5.0;5.0;0;0;100.0;50.0;available
2026-09-05T15:45:33.222379+02:00;Van Der Brempt;D;Sassuolo;0;52.1;11;2;0;0.0;0.0;0;0;80.0;50.0;available
2026-09-05T15:45:33.222379+02:00;Almqvist;C;Parma;0;52.0;11;4;1;5.5;5.5;0;0;55.0;50.0;available
2026-09-05T15:45:33.222379+02:00;Gueye;A;Udinese;0;51.8;7;4;2;5.5;5.5;0;0;60.0;50.0;available
2026-09-05T15:45:33.222379+02:00;Belahyane;C;Lazio;0;51.8;3;2;1;6.0;6.0;0;0;85.0;50.0;available
2026-09-05T15:45:33.222379+02:00;Dominguez B.;C;Sassuolo;0;51.7;12;4;2;5.75;5.75;0;0;40.0;50.0;available
2026-09-05T15:45:33.222379+02:00;Gaspar K.;D;Lecce;0;51.6;12;5;2;5.5;5.25;0;0;90.0;50.0;available
2026-09-05T15:45:33.222379+02:00;Alhassane;D;Bologna;0;51.5;6;2;1;6.5;6.5;0;0;35.0;50.0;available
2026-09-05T15:45:33.222379+02:00;Birligea;A;Frosinone;0;51.3;11;5;0;0.0;0.0;0;0;60.0;50.0;available
2026-09-05T15:45:33.222379+02:00;Pellegrini Lo.;C;Roma;0;51.1;20;9;0;0.0;0.0;0;0;30.0;50.0;available
2026-09-05T15:45:33.222379+02:00;Konè I.;C;Sassuolo;0;50.9;20;8;0;0.0;0.0;0;0;30.0;50.0;available
2026-09-05T15:45:33.222379+02:00;Amondarain;C;Bologna;0;50.9;10;5;1;5.5;5.5;0;0;55.0;50.0;available
2026-09-05T15:45:33.222379+02:00;Ehizibue;D;Genoa;0;50.1;10;4;1;5.5;5.5;0;0;25.0;50.0;available
2026-09-05T15:45:33.222379+02:00;Mout;C;Monza;0;49.4;12;1;1;5.0;5.0;0;0;60.0;50.0;available
2026-09-05T15:45:33.222379+02:00;Kouadio;D;Monza;0;49.3;14;3;2;5.5;5.25;0;0;60.0;50.0;available
2026-09-05T15:45:33.222379+02:00;Ilic;C;Lecce;0;49.2;10;1;1;6.0;5.5;0;0;60.0;50.0;available
2026-09-05T15:45:33.222379+02:00;Patterson;D;Torino;0;49.1;12;5;0;0.0;0.0;0;0;40.0;50.0;available
2026-09-05T15:45:33.222379+02:00;Olivera;D;Napoli;0;48.9;13;5;1;4.5;4.5;0;0;60.0;50.0;available
2026-09-05T15:45:33.222379+02:00;Diallo O.;C;Parma;0;48.9;12;3;1;5.5;5.5;0;0;30.0;50.0;available
2026-09-05T15:45:33.222379+02:00;Elphege;A;Parma;0;48.0;11;3;0;0.0;0.0;0;0;55.0;50.0;available
2026-09-05T15:45:33.222379+02:00;Tourè I.;C;Monza;0;47.9;14;6;0;0.0;0.0;0;0;55.0;50.0;available
2026-09-05T15:45:33.222379+02:00;Stulic;A;Lecce;0;47.9;11;6;2;5.25;5.25;0;0;90.0;50.0;available
2026-09-05T15:45:33.222379+02:00;Deiola;C;Cagliari;0;47.9;8;3;2;5.75;5.5;0;0;80.0;50.0;available
2026-09-05T15:45:33.222379+02:00;Moro N.;C;Bologna;0;47.6;14;4;0;0.0;0.0;0;0;60.0;50.0;available
2026-09-05T15:45:33.222379+02:00;Nzola;A;Cagliari;0;47.5;10;4;0;0.0;0.0;0;0;60.0;50.0;available
2026-09-05T15:45:33.222379+02:00;Vitinha O.;A;Genoa;0;47.3;13;8;3;5.5;5.5;0;0;60.0;50.0;available
2026-09-05T15:45:33.222379+02:00;Rodriguez R.;D;Torino;0;47.1;12;5;0;0.0;0.0;0;0;30.0;50.0;available
2026-09-05T15:45:33.222379+02:00;Maleh;C;Lecce;0;47.0;7;3;2;5.75;5.75;0;0;60.0;50.0;available
2026-09-05T15:45:33.222379+02:00;Mitaj;D;Genoa;0;46.7;10;4;0;0.0;0.0;0;0;60.0;50.0;available
2026-09-05T15:45:33.222379+02:00;Nicolussi Caviglia;C;Parma;0;46.0;16;6;0;0.0;0.0;0;0;30.0;50.0;available
2026-09-05T15:45:33.222379+02:00;Bella-Kotchap;D;Venezia;0;45.8;13;5;2;5.0;5.0;0;0;50.0;50.0;available
2026-09-05T15:45:33.222379+02:00;Hien;D;Atalanta;0;45.8;11;7;0;0.0;0.0;0;0;30.0;50.0;available
2026-09-05T15:45:33.222379+02:00;Zarraga;C;Udinese;0;45.8;4;2;1;6.0;6.0;0;0;50.0;50.0;available
2026-09-05T15:45:33.222379+02:00;Noslin;A;Lazio;0;45.4;8;6;0;0.0;0.0;0;0;60.0;50.0;available
2026-09-05T15:45:33.222379+02:00;Ilkhan;C;Torino;0;45.1;8;4;1;5.5;5.5;0;0;40.0;50.0;available
2026-09-05T15:45:33.222379+02:00;Lucchesi;D;Monza;0;45.0;11;3;2;5.25;4.75;0;0;85.0;50.0;available
2026-09-05T15:45:33.222379+02:00;Lolic;P;Frosinone;0;45.0;1;1;0;0.0;0.0;0;0;30.0;50.0;available
2026-09-05T15:45:33.222379+02:00;Russo A.;P;Sassuolo;0;45.0;1;1;0;0.0;0.0;0;0;30.0;50.0;available
2026-09-05T15:45:33.222379+02:00;Felici;C;Cagliari;0;44.9;7;5;1;6.0;6.0;0;0;20.0;50.0;available
2026-09-05T15:45:33.222379+02:00;Valenti;D;Parma;0;44.7;10;4;0;0.0;0.0;0;0;50.0;50.0;available
2026-09-05T15:45:33.222379+02:00;Oristanio;C;Torino;0;44.6;12;6;0;0.0;0.0;0;0;55.0;50.0;available
2026-09-05T15:45:33.222379+02:00;Loftus-Cheek;C;Milan;0;44.4;16;4;2;5.5;5.25;0;0;60.0;50.0;available
2026-09-05T15:45:33.222379+02:00;Schingtienne;D;Venezia;0;44.4;10;3;2;5.5;5.25;0;0;90.0;50.0;available
2026-09-05T15:45:33.222379+02:00;Franjic;D;Venezia;0;44.4;7;3;2;5.75;5.75;0;0;30.0;50.0;available
2026-09-05T15:45:33.222379+02:00;Pongracic;D;Fiorentina;0;44.2;8;4;1;5.0;5.0;0;0;30.0;50.0;available
2026-09-05T15:45:33.222379+02:00;Mota;A;Monza;0;43.9;8;4;0;0.0;0.0;0;0;60.0;50.0;available
2026-09-05T15:45:33.222379+02:00;Ebosse;D;Udinese;0;43.1;5;3;2;5.75;5.75;0;0;35.0;50.0;available
2026-09-05T15:45:33.222379+02:00;Brescianini;C;Fiorentina;0;42.5;11;3;2;5.25;5.25;0;0;100.0;50.0;available
2026-09-05T15:45:33.222379+02:00;Desplanches;P;Frosinone;0;42.3;1;2;0;0.0;0.0;0;0;5.0;50.0;available
2026-09-05T15:45:33.222379+02:00;Vitik;D;Bologna;0;41.7;10;4;0;0.0;0.0;0;0;35.0;50.0;available
2026-09-05T15:45:33.222379+02:00;Gatti;D;Juventus;0;41.7;10;4;0;0.0;0.0;0;0;35.0;50.0;available
2026-09-05T15:45:33.222379+02:00;Milik;A;Juventus;0;41.5;10;4;0;0.0;0.0;0;0;30.0;50.0;available
2026-09-05T15:45:33.222379+02:00;Arizala;D;Udinese;0;41.5;8;4;0;0.0;0.0;0;0;55.0;50.0;available
2026-09-05T15:45:33.222379+02:00;Hasa;C;Frosinone;0;40.9;5;2;1;6.0;6.0;0;0;20.0;50.0;available
2026-09-05T15:45:33.222379+02:00;Zanoli;D;Udinese;0;40.7;10;4;0;0.0;0.0;0;0;30.0;50.0;available
2026-09-05T15:45:33.222379+02:00;Parisi;D;Fiorentina;0;40.7;10;4;0;0.0;0.0;0;0;30.0;50.0;available
2026-09-05T15:45:33.222379+02:00;Walukiewicz;D;Sassuolo;0;40.7;10;4;0;0.0;0.0;0;0;30.0;50.0;available
2026-09-05T15:45:33.222379+02:00;Fabbian;C;Parma;0;40.7;8;4;0;0.0;0.0;0;0;75.0;50.0;available
2026-09-05T15:45:33.222379+02:00;Forson O.;C;Monza;0;40.7;1;2;1;6.0;6.0;0;0;40.0;50.0;available
2026-09-05T15:45:33.222379+02:00;Halhal;D;Venezia;0;40.6;10;3;1;5.0;3.0;0;0;80.0;50.0;available
2026-09-05T15:45:33.222379+02:00;Thiam;P;Monza;0;40.6;5;4;1;4.5;1.5;0;0;5.0;50.0;available
2026-09-05T15:45:33.222379+02:00;Berisha M.;C;Lecce;0;40.4;12;4;0;0.0;0.0;0;0;40.0;50.0;available
2026-09-05T15:45:33.222379+02:00;Ndaba;D;Lecce;0;40.4;5;2;2;5.5;5.5;0;0;40.0;50.0;available
2026-09-05T15:45:33.222379+02:00;Ekhator;A;Juventus;0;40.3;10;3;0;0.0;0.0;0;0;30.0;50.0;available
2026-09-05T15:45:33.222379+02:00;Ziolkowski;D;Monza;0;40.0;8;1;0;0.0;0.0;0;0;60.0;50.0;available
2026-09-05T15:45:33.222379+02:00;Mrozek;P;Udinese;0;40.0;1;1;0;0.0;0.0;0;0;5.0;50.0;available
2026-09-05T15:45:33.222379+02:00;Penev;P;Lecce;0;40.0;1;1;0;0.0;0.0;0;0;5.0;50.0;available
2026-09-05T15:45:33.222379+02:00;Motta;P;Lazio;0;40.0;1;1;0;0.0;0.0;0;0;5.0;50.0;available
2026-09-05T15:45:33.222379+02:00;Pessina Mas.;P;Bologna;0;40.0;1;1;0;0.0;0.0;0;0;5.0;50.0;available
2026-09-05T15:45:33.222379+02:00;Stolz;P;Genoa;0;40.0;1;1;0;0.0;0.0;0;0;5.0;50.0;available
2026-09-05T15:45:33.222379+02:00;Christensen O.;P;Fiorentina;0;40.0;1;1;0;0.0;0.0;0;0;5.0;50.0;available
2026-09-05T15:45:33.222379+02:00;Montipò;P;Venezia;0;40.0;1;1;0;0.0;0.0;0;0;5.0;50.0;available
2026-09-05T15:45:33.222379+02:00;Turati;P;Sassuolo;0;40.0;1;1;0;0.0;0.0;0;0;5.0;50.0;available
2026-09-05T15:45:33.222379+02:00;Terracciano;P;Milan;0;40.0;1;1;0;0.0;0.0;0;0;5.0;50.0;available
2026-09-05T15:45:33.222379+02:00;Sportiello;P;Atalanta;0;40.0;1;1;0;0.0;0.0;0;0;5.0;50.0;available
2026-09-05T15:45:33.222379+02:00;Radunovic;P;Cagliari;0;40.0;1;1;0;0.0;0.0;0;0;5.0;50.0;available
2026-09-05T15:45:33.222379+02:00;Drameh;D;Genoa;0;39.8;10;3;0;0.0;0.0;0;0;30.0;50.0;available
2026-09-05T15:45:33.222379+02:00;Juan Jesus;D;Venezia;0;39.7;10;4;0;0.0;0.0;0;0;25.0;50.0;available
2026-09-05T15:45:33.222379+02:00;Pessina;C;Monza;0;39.4;15;6;0;0.0;0.0;0;0;5.0;50.0;available
2026-09-05T15:45:33.222379+02:00;Massolin;C;Cagliari;0;39.4;12;4;0;0.0;0.0;0;0;35.0;50.0;available
2026-09-05T15:45:33.222379+02:00;Sulemana K.;A;Atalanta;0;39.4;8;6;0;0.0;0.0;0;0;30.0;50.0;available
2026-09-05T15:45:33.222379+02:00;Otoa;D;Genoa;0;39.4;5;2;1;5.0;5.0;0;0;35.0;50.0;available
2026-09-05T15:45:33.222379+02:00;Mascardi;P;Torino;0;39.2;5;1;2;6.0;4.0;0;0;5.0;50.0;available
2026-09-05T15:45:33.222379+02:00;Pompei;P;Atalanta;0;39.2;1;1;0;0.0;0.0;0;0;1.0;50.0;available
2026-09-05T15:45:33.222379+02:00;Pisseri;P;Frosinone;0;39.2;1;1;0;0.0;0.0;0;0;1.0;50.0;available
2026-09-05T15:45:33.222379+02:00;Renzetti;P;Lazio;0;39.2;1;1;0;0.0;0.0;0;0;1.0;50.0;available
2026-09-05T15:45:33.222379+02:00;Happonen;P;Bologna;0;39.2;1;1;0;0.0;0.0;0;0;1.0;50.0;available
2026-09-05T15:45:33.222379+02:00;Pozzi;P;Venezia;0;39.2;1;1;0;0.0;0.0;0;0;1.0;50.0;available
2026-09-05T15:45:33.222379+02:00;Strajnar;P;Monza;0;39.2;1;1;0;0.0;0.0;0;0;1.0;50.0;available
2026-09-05T15:45:33.222379+02:00;Siviero;P;Torino;0;39.2;1;1;0;0.0;0.0;0;0;1.0;50.0;available
2026-09-05T15:45:33.222379+02:00;Torriani;P;Milan;0;39.2;1;1;0;0.0;0.0;0;0;1.0;50.0;available
2026-09-05T15:45:33.222379+02:00;Grandi;P;Venezia;0;39.2;1;1;0;0.0;0.0;0;0;1.0;50.0;available
2026-09-05T15:45:33.222379+02:00;Sherri;P;Cagliari;0;39.2;1;1;0;0.0;0.0;0;0;1.0;50.0;available
2026-09-05T15:45:33.222379+02:00;Piana;P;Udinese;0;39.2;1;1;0;0.0;0.0;0;0;1.0;50.0;available
2026-09-05T15:45:33.222379+02:00;Bleve;P;Lecce;0;39.2;1;1;0;0.0;0.0;0;0;1.0;50.0;available
2026-09-05T15:45:33.222379+02:00;Ghidotti;P;Parma;0;39.2;1;1;0;0.0;0.0;0;0;1.0;50.0;available
2026-09-05T15:45:33.222379+02:00;Contini;P;Napoli;0;39.2;1;1;0;0.0;0.0;0;0;1.0;50.0;available
2026-09-05T15:45:33.222379+02:00;Vigorito;P;Como;0;39.2;1;1;0;0.0;0.0;0;0;1.0;50.0;available
2026-09-05T15:45:33.222379+02:00;Satalino;P;Sassuolo;0;39.2;1;1;0;0.0;0.0;0;0;1.0;50.0;available
2026-09-05T15:45:33.222379+02:00;Pinsoglio;P;Juventus;0;39.2;1;1;0;0.0;0.0;0;0;1.0;50.0;available
2026-09-05T15:45:33.222379+02:00;Di Gennaro;P;Inter;0;39.2;1;1;0;0.0;0.0;0;0;1.0;50.0;available
2026-09-05T15:45:33.222379+02:00;Padelli;P;Udinese;0;39.2;1;1;0;0.0;0.0;0;0;1.0;50.0;available
2026-09-05T15:45:33.222379+02:00;Sommariva;P;Genoa;0;39.2;1;1;0;0.0;0.0;0;0;1.0;50.0;available
2026-09-05T15:45:33.222379+02:00;Lezzerini;P;Fiorentina;0;39.2;1;1;0;0.0;0.0;0;0;1.0;50.0;available
2026-09-05T15:45:33.222379+02:00;Cinquegrano;D;Sassuolo;0;39.1;4;2;2;5.75;5.75;0;0;30.0;50.0;available
2026-09-05T15:45:33.222379+02:00;Bakoune;D;Monza;0;39.1;4;2;1;5.5;5.5;0;0;30.0;50.0;available
2026-09-05T15:45:33.222379+02:00;Moreno M.;D;Venezia;0;39.0;6;4;0;0.0;0.0;0;0;55.0;50.0;available
2026-09-05T15:45:33.222379+02:00;Grillitsch;C;Frosinone;0;38.8;10;4;0;0.0;0.0;0;0;55.0;50.0;available
2026-09-05T15:45:33.222379+02:00;De Roon;C;Roma;0;38.8;10;4;0;0.0;0.0;0;0;55.0;50.0;available
2026-09-05T15:45:33.222379+02:00;Cataldi;C;Lazio;0;38.4;12;4;0;0.0;0.0;0;0;30.0;50.0;available
2026-09-05T15:45:33.222379+02:00;Cremaschi;C;Parma;0;38.4;3;2;1;5.5;5.5;0;0;40.0;50.0;available
2026-09-05T15:45:33.222379+02:00;Ngom;C;Lecce;0;38.0;12;4;2;5.5;5.25;0;0;60.0;50.0;available
2026-09-05T15:45:33.222379+02:00;Adorante;A;Venezia;0;37.9;8;4;0;0.0;0.0;0;0;30.0;50.0;available
2026-09-05T15:45:33.222379+02:00;Tchato;D;Frosinone;0;37.6;8;3;0;0.0;0.0;0;0;40.0;50.0;available
2026-09-05T15:45:33.222379+02:00;Tomori;D;Milan;0;36.8;8;6;0;0.0;0.0;0;0;25.0;50.0;available
2026-09-05T15:45:33.222379+02:00;Traorè Hj.;C;Genoa;0;36.7;11;4;0;0.0;0.0;0;0;35.0;50.0;available
2026-09-05T15:45:33.222379+02:00;Frigan;A;Parma;0;36.4;6;4;0;0.0;0.0;0;0;40.0;50.0;available
2026-09-05T15:45:33.222379+02:00;Fernandez T.;C;Venezia;0;35.9;8;3;0;0.0;0.0;0;0;55.0;50.0;available
2026-09-05T15:45:33.222379+02:00;Gagliardini;C;Cagliari;0;35.9;8;3;0;0.0;0.0;0;0;55.0;50.0;available
2026-09-05T15:45:33.222379+02:00;Giovane;A;Napoli;0;35.5;7;4;0;0.0;0.0;0;0;30.0;50.0;available
2026-09-05T15:45:33.222379+02:00;Drobnic;D;Parma;0;35.5;1;2;1;5.5;5.5;0;0;30.0;50.0;available
2026-09-05T15:45:33.222379+02:00;Amorim;C;Genoa;0;35.3;11;4;3;5.67;5.5;0;0;60.0;50.0;available
2026-09-05T15:45:33.222379+02:00;Foe Ondoa;C;Monza;0;35.3;2;2;1;5.0;5.0;0;0;50.0;50.0;available
2026-09-05T15:45:33.222379+02:00;Gandelman;C;Lecce;0;34.8;10;4;0;0.0;0.0;0;0;35.0;50.0;available
2026-09-05T15:45:33.222379+02:00;Aboukhlal;C;Torino;0;34.8;5;3;2;5.5;5.5;0;0;30.0;50.0;available
2026-09-05T15:45:33.222379+02:00;Mkhitaryan;C;Inter;0;34.6;9;4;0;0.0;0.0;0;0;40.0;50.0;available
2026-09-05T15:45:33.222379+02:00;Kambwala;D;Como;0;34.6;8;3;0;0.0;0.0;0;0;25.0;50.0;available
2026-09-05T15:45:33.222379+02:00;Ranieri L.;D;Fiorentina;0;34.4;10;3;1;4.5;4.5;0;0;40.0;50.0;available
2026-09-05T15:45:33.222379+02:00;Gilmour;C;Napoli;0;34.0;10;3;0;0.0;0.0;0;0;35.0;50.0;available
2026-09-05T15:45:33.222379+02:00;Candè;D;Sassuolo;0;33.9;7;3;0;0.0;0.0;0;0;30.0;50.0;available
2026-09-05T15:45:33.222379+02:00;Sverko;D;Venezia;0;33.9;7;3;0;0.0;0.0;0;0;30.0;50.0;available
2026-09-05T15:45:33.222379+02:00;Addai;C;Como;0;33.8;10;4;0;0.0;0.0;0;0;30.0;50.0;available
2026-09-05T15:45:33.222379+02:00;Kaba;C;Lecce;0;33.7;2;1;0;0.0;0.0;0;0;80.0;50.0;available
2026-09-05T15:45:33.222379+02:00;Marin R.;D;Napoli;0;33.3;8;2;2;5.25;5.25;0;0;60.0;50.0;available
2026-09-05T15:45:33.222379+02:00;Havel;A;Genoa;0;33.2;5;4;0;0.0;0.0;0;0;30.0;50.0;available
2026-09-05T15:45:33.222379+02:00;Akpoguma;D;Frosinone;0;33.1;6;3;0;0.0;0.0;0;0;30.0;50.0;available
2026-09-05T15:45:33.222379+02:00;Goglichidze;D;Monza;0;32.7;5;2;0;0.0;0.0;0;0;40.0;50.0;available
2026-09-05T15:45:33.222379+02:00;Lazzari;D;Lazio;0;32.7;5;2;0;0.0;0.0;0;0;40.0;50.0;available
2026-09-05T15:45:33.222379+02:00;Robinson J.;A;Monza;0;32.2;5;4;0;0.0;0.0;0;0;25.0;50.0;available
2026-09-05T15:45:33.222379+02:00;Lipani;C;Sassuolo;0;32.1;5;2;0;0.0;0.0;0;0;55.0;50.0;available
2026-09-05T15:45:33.222379+02:00;Casale;D;Bologna;0;31.6;5;3;0;0.0;0.0;0;0;30.0;50.0;available
2026-09-05T15:45:33.222379+02:00;Pellegrini Lu.;D;Lazio;0;31.0;7;2;0;0.0;0.0;0;0;20.0;50.0;available
2026-09-05T15:45:33.222379+02:00;Aurelio;D;Cagliari;0;29.7;5;2;0;0.0;0.0;0;0;25.0;50.0;available
2026-09-05T15:45:33.222379+02:00;Sulemana I.;C;Sassuolo;0;29.6;7;3;0;0.0;0.0;0;0;30.0;50.0;available
2026-09-05T15:45:33.222379+02:00;Robinho Junior;A;Genoa;0;28.9;3;1;0;0.0;0.0;0;0;30.0;50.0;available
2026-09-05T15:45:33.222379+02:00;Gelli F.;C;Frosinone;0;28.8;6;3;0;0.0;0.0;0;0;30.0;50.0;available
2026-09-05T15:45:33.222379+02:00;Biraghi;D;Torino;0;28.7;5;2;0;0.0;0.0;0;0;20.0;50.0;available
2026-09-05T15:45:33.222379+02:00;Jean;D;Lecce;0;28.7;4;2;0;0.0;0.0;0;0;30.0;50.0;available
2026-09-05T15:45:33.222379+02:00;Stankovic A.;C;Inter;0;28.6;7;3;0;0.0;0.0;0;0;25.0;50.0;available
2026-09-05T15:45:33.222379+02:00;Dagasso;C;Venezia;0;28.4;1;1;1;5.5;5.0;0;0;25.0;50.0;available
2026-09-05T15:45:33.222379+02:00;Chakvetadze;C;Udinese;0;28.2;6;2;0;0.0;0.0;0;0;30.0;50.0;available
2026-09-05T15:45:33.222379+02:00;Ciurria;C;Monza;0;28.2;6;2;0;0.0;0.0;0;0;30.0;50.0;available
2026-09-05T15:45:33.222379+02:00;Jovanovic;C;Udinese;0;28.1;5;2;0;0.0;0.0;0;0;35.0;50.0;available
2026-09-05T15:45:33.222379+02:00;Puczka;D;Genoa;0;28.1;3;2;0;0.0;0.0;0;0;35.0;50.0;available
2026-09-05T15:45:33.222379+02:00;Cabal;D;Juventus;0;28.0;4;1;0;0.0;0.0;0;0;30.0;50.0;available
2026-09-05T15:45:33.222379+02:00;Idrissi R.;D;Cagliari;0;28.0;3;3;0;0.0;0.0;0;0;30.0;50.0;available
2026-09-05T15:45:33.222379+02:00;Sagrado;D;Venezia;0;27.7;4;2;0;0.0;0.0;0;0;25.0;50.0;available
2026-09-05T15:45:33.222379+02:00;Terracciano F.;D;Milan;0;27.7;4;2;0;0.0;0.0;0;0;25.0;50.0;available
2026-09-05T15:45:33.222379+02:00;Trepy;A;Cagliari;0;27.7;2;1;0;0.0;0.0;0;0;30.0;50.0;available
2026-09-05T15:45:33.222379+02:00;Helgason;C;Venezia;0;27.6;3;3;0;0.0;0.0;0;0;40.0;50.0;available
2026-09-05T15:45:33.222379+02:00;Enem;A;Bologna;0;27.5;4;2;0;0.0;0.0;0;0;15.0;50.0;available
2026-09-05T15:45:33.222379+02:00;Boloca;C;Sassuolo;0;27.1;5;2;0;0.0;0.0;0;0;30.0;50.0;available
2026-09-05T15:45:33.222379+02:00;Lauberbach;A;Venezia;0;27.1;1;1;0;0.0;0.0;0;0;35.0;50.0;available
2026-09-05T15:45:33.222379+02:00;Diawara S.;D;Milan;0;26.7;4;2;0;0.0;0.0;0;0;20.0;50.0;available
2026-09-05T15:45:33.222379+02:00;Dembelè A.;D;Lecce;0;26.6;2;1;0;0.0;0.0;0;0;35.0;50.0;available
2026-09-05T15:45:33.222379+02:00;Marianucci;D;Napoli;0;26.4;3;1;0;0.0;0.0;0;0;30.0;50.0;available
2026-09-05T15:45:33.222379+02:00;Ciervo;C;Cagliari;0;26.3;1;1;0;0.0;0.0;0;0;50.0;50.0;available
2026-09-05T15:45:33.222379+02:00;El Azzouzi O.;C;Bologna;0;26.1;10;2;1;5.0;4.5;0;0;30.0;50.0;available
2026-09-05T15:45:33.222379+02:00;De Silvestri;D;Bologna;0;26.0;4;1;0;0.0;0.0;0;0;20.0;50.0;available
2026-09-05T15:45:33.222379+02:00;Venturino;C;Genoa;0;25.9;4;2;0;0.0;0.0;0;0;30.0;50.0;available
2026-09-05T15:45:33.222379+02:00;Duncan;C;Venezia;0;25.9;4;2;0;0.0;0.0;0;0;30.0;50.0;available
2026-09-05T15:45:33.222379+02:00;Przyborek;C;Lazio;0;25.5;5;1;0;0.0;0.0;0;0;25.0;50.0;available
2026-09-05T15:45:33.222379+02:00;Colombo L.;C;Monza;0;25.5;4;3;0;0.0;0.0;0;0;25.0;50.0;available
2026-09-05T15:45:33.222379+02:00;Carboni F.;D;Parma;0;25.4;3;1;0;0.0;0.0;0;0;25.0;50.0;available
2026-09-05T15:45:33.222379+02:00;Rugani;D;Juventus;0;25.4;3;1;0;0.0;0.0;0;0;25.0;50.0;available
2026-09-05T15:45:33.222379+02:00;Maye;D;Monza;0;25.4;1;1;0;0.0;0.0;0;0;35.0;50.0;available
2026-09-05T15:45:33.222379+02:00;Kone B.;C;Frosinone;0;24.4;3;1;0;0.0;0.0;0;0;30.0;50.0;available
2026-09-05T15:45:33.222379+02:00;Pieragnolo;D;Sassuolo;0;24.4;1;1;0;0.0;0.0;0;0;30.0;50.0;available
2026-09-05T15:45:33.222379+02:00;Amey;D;Frosinone;0;24.4;1;1;0;0.0;0.0;0;0;30.0;50.0;available
2026-09-05T15:45:33.222379+02:00;Patric;D;Lazio;0;24.4;1;1;0;0.0;0.0;0;0;30.0;50.0;available
2026-09-05T15:45:33.222379+02:00;Antov;D;Monza;0;23.6;2;1;0;0.0;0.0;0;0;20.0;50.0;available
2026-09-05T15:45:33.222379+02:00;Gomes;D;Venezia;0;23.4;1;1;0;0.0;0.0;0;0;25.0;50.0;available
2026-09-05T15:45:33.222379+02:00;De Martis;A;Parma;0;23.1;1;1;0;0.0;0.0;0;0;15.0;50.0;available
2026-09-05T15:45:33.222379+02:00;Lisman;A;Venezia;0;23.1;1;1;0;0.0;0.0;0;0;15.0;50.0;available
2026-09-05T15:45:33.222379+02:00;Omar Fayed;D;Frosinone;0;22.4;1;1;0;0.0;0.0;0;0;20.0;50.0;available
2026-09-05T15:45:33.222379+02:00;Goldaniga;D;Como;0;22.4;1;1;0;0.0;0.0;0;0;20.0;50.0;available
2026-09-05T15:45:33.222379+02:00;Comotto;C;Milan;0;22.3;1;1;0;0.0;0.0;0;0;30.0;50.0;available
2026-09-05T15:45:33.222379+02:00;El Azzouzi A.;C;Frosinone;0;22.3;1;1;0;0.0;0.0;0;0;30.0;50.0;available
2026-09-05T15:45:33.222379+02:00;Fofana Sa.;C;Lecce;0;22.3;1;1;0;0.0;0.0;0;0;30.0;50.0;available
2026-09-05T15:45:33.222379+02:00;Sierro;C;Parma;0;21.3;1;1;0;0.0;0.0;0;0;25.0;50.0;available
2026-09-05T15:45:33.222379+02:00;Laerke;C;Lecce;0;20.3;1;1;0;0.0;0.0;0;0;20.0;50.0;available
2026-09-05T15:45:33.222379+02:00;Liteta;C;Cagliari;0;20.3;1;1;0;0.0;0.0;0;0;20.0;50.0;available
2026-09-05T15:45:33.222379+02:00;Bayo V.;A;Udinese;0;20.0;3;1;1;4.5;4.5;0;0;35.0;50.0;available
2026-09-05T15:45:33.222379+02:00;Lahdo;C;Como;0;19.3;1;1;0;0.0;0.0;0;0;15.0;50.0;available
2026-09-05T15:45:33.222379+02:00;Morata;A;Roma;1;0.0;100;20;0;0.0;0.0;0;0;0.0;50.0;available
2026-09-05T15:45:33.222379+02:00;Leao;A;Milan;1;0.0;75;18;0;0.0;0.0;0;0;0.0;50.0;available
2026-09-05T15:45:33.222379+02:00;Lukaku;A;Napoli;1;0.0;45;10;0;0.0;0.0;0;0;0.0;50.0;available
2026-09-05T15:45:33.222379+02:00;Gutierrez;D;Napoli;1;0.0;26;8;0;0.0;0.0;0;0;0.0;50.0;available
2026-09-05T15:45:33.222379+02:00;David;A;Juventus;1;0.0;25;8;1;5.0;5.0;0;0;0.0;50.0;available
2026-09-05T15:45:33.222379+02:00;Ratkov;A;Lazio;1;0.0;22;9;0;0.0;0.0;0;0;0.0;50.0;available
2026-09-05T15:45:33.222379+02:00;Dia;A;Lazio;1;0.0;20;10;2;6.0;6.25;0;1;0.0;50.0;available
2026-09-05T15:45:33.222379+02:00;Nkunku;A;Milan;1;0.0;20;13;0;0.0;0.0;0;0;0.0;50.0;available
2026-09-05T15:45:33.222379+02:00;Romagnoli;D;Lazio;1;0.0;20;6;0;0.0;0.0;0;0;0.0;50.0;available
2026-09-05T15:45:33.222379+02:00;Suzuki;P;Parma;1;0.0;20;7;0;0.0;0.0;0;0;0.0;50.0;available
2026-09-05T15:45:33.222379+02:00;Zappa;D;Atalanta;1;0.0;19;8;1;6.0;6.0;0;0;0.0;50.0;available
2026-09-05T15:45:33.222379+02:00;Ondrejka;C;Parma;1;0.0;18;5;0;0.0;0.0;0;0;0.0;50.0;available
2026-09-05T15:45:33.222379+02:00;Circati;D;Parma;1;0.0;18;6;0;0.0;0.0;0;0;0.0;50.0;available
2026-09-05T15:45:33.222379+02:00;Djimsiti;D;Atalanta;1;0.0;16;7;0;0.0;0.0;0;0;0.0;50.0;available
2026-09-05T15:45:33.222379+02:00;Norton-Cuffy;D;Genoa;1;0.0;15;8;2;6.0;6.0;0;0;0.0;50.0;available
2026-09-05T15:45:33.222379+02:00;El Aynaoui;C;Roma;1;0.0;13;4;0;0.0;0.0;0;0;0.0;50.0;available
2026-09-05T15:45:33.222379+02:00;Ahanor;D;Atalanta;1;0.0;13;6;0;0.0;0.0;0;0;0.0;50.0;available
2026-09-05T15:45:33.222379+02:00;Sorensen O.;C;Parma;1;0.0;12;3;0;0.0;0.0;0;0;0.0;50.0;available
2026-09-05T15:45:33.222379+02:00;Pedersen;D;Torino;1;0.0;12;5;1;6.0;6.0;0;0;0.0;50.0;available
2026-09-05T15:45:33.222379+02:00;Angelino;D;Roma;1;0.0;12;3;0;0.0;0.0;0;0;0.0;50.0;available
2026-09-05T15:45:33.222379+02:00;Koutsoupias;C;Frosinone;1;0.0;11;4;0;0.0;0.0;0;0;0.0;50.0;available
2026-09-05T15:45:33.222379+02:00;Delli Carri;D;Monza;1;0.0;11;4;1;6.0;6.0;0;0;0.0;50.0;available
2026-09-05T15:45:33.222379+02:00;Gimenez;A;Milan;1;0.0;10;6;0;0.0;0.0;0;0;0.0;50.0;available
2026-09-05T15:45:33.222379+02:00;Dallinga;A;Bologna;1;0.0;10;8;0;0.0;0.0;0;0;0.0;50.0;available
2026-09-05T15:45:33.222379+02:00;Fofana Y.;C;Milan;1;0.0;10;4;0;0.0;0.0;0;0;0.0;50.0;available
2026-09-05T15:45:33.222379+02:00;Di Gregorio;P;Juventus;1;0.0;10;9;0;0.0;0.0;0;0;0.0;50.0;available
2026-09-05T15:45:33.222379+02:00;Borrelli;A;Cagliari;1;0.0;9;4;1;6.0;6.0;0;0;0.0;50.0;available
2026-09-05T15:45:33.222379+02:00;Cuenca A.;D;Como;1;0.0;8;1;0;0.0;0.0;0;0;0.0;50.0;available
2026-09-05T15:45:33.222379+02:00;Athekame;D;Milan;1;0.0;8;3;0;0.0;0.0;0;0;0.0;50.0;available
2026-09-05T15:45:33.222379+02:00;Martin;D;Genoa;1;0.0;8;4;0;0.0;0.0;0;0;0.0;50.0;available
2026-09-05T15:45:33.222379+02:00;Mutandwa;A;Cagliari;1;0.0;7;6;0;0.0;0.0;0;0;0.0;50.0;available
2026-09-05T15:45:33.222379+02:00;Prati;C;Cagliari;1;0.0;7;4;0;0.0;0.0;0;0;0.0;50.0;available
2026-09-05T15:45:33.222379+02:00;Miretti;C;Juventus;1;0.0;7;3;0;0.0;0.0;0;0;0.0;50.0;available
2026-09-05T15:45:33.222379+02:00;Kuhn;A;Como;1;0.0;5;3;0;0.0;0.0;0;0;0.0;50.0;available
2026-09-05T15:45:33.222379+02:00;Petagna;A;Monza;1;0.0;5;2;0;0.0;0.0;0;0;0.0;50.0;available
2026-09-05T15:45:33.222379+02:00;Perin;P;Juventus;1;0.0;5;6;0;0.0;0.0;0;0;0.0;50.0;available
2026-09-05T15:45:33.222379+02:00;Buksa;A;Udinese;1;0.0;4;2;0;0.0;0.0;0;0;0.0;50.0;available
2026-09-05T15:45:33.222379+02:00;Vaz;A;Roma;1;0.0;4;1;0;0.0;0.0;0;0;0.0;50.0;available
2026-09-05T15:45:33.222379+02:00;Anjorin;C;Torino;1;0.0;4;1;0;0.0;0.0;0;0;0.0;50.0;available
2026-09-05T15:45:33.222379+02:00;Camara A.;C;Udinese;1;0.0;3;1;0;0.0;0.0;0;0;0.0;50.0;available
2026-09-05T15:45:33.222379+02:00;Bjarkason;C;Venezia;1;0.0;3;1;0;0.0;0.0;0;0;0.0;50.0;available
2026-09-05T15:45:33.222379+02:00;Mlacic;D;Udinese;1;0.0;3;1;0;0.0;0.0;0;0;0.0;50.0;available
2026-09-05T15:45:33.222379+02:00;Oyono J.;D;Frosinone;1;0.0;2;1;0;0.0;0.0;0;0;0.0;50.0;available
2026-09-05T15:45:33.222379+02:00;Vogliacco;D;Genoa;1;0.0;2;1;0;0.0;0.0;0;0;0.0;50.0;available
2026-09-05T15:45:33.222379+02:00;Matturro;D;Genoa;1;0.0;2;1;0;0.0;0.0;0;0;0.0;50.0;available
2026-09-05T15:45:33.222379+02:00;Missori;D;Sassuolo;1;0.0;2;1;0;0.0;0.0;0;0;0.0;50.0;available
2026-09-05T15:45:33.222379+02:00;Albarracin;A;Cagliari;1;0.0;1;1;0;0.0;0.0;0;0;0.0;50.0;available
2026-09-05T15:45:33.222379+02:00;Moro L.;A;Sassuolo;1;0.0;1;1;0;0.0;0.0;0;0;0.0;50.0;available
2026-09-05T15:45:33.222379+02:00;Azon;A;Como;1;0.0;1;1;0;0.0;0.0;0;0;0.0;50.0;available
2026-09-05T15:45:33.222379+02:00;Iannoni;C;Sassuolo;1;0.0;1;1;0;0.0;0.0;0;0;0.0;50.0;available
2026-09-05T15:45:33.222379+02:00;Corrado;D;Frosinone;1;0.0;1;1;0;0.0;0.0;0;0;0.0;50.0;available
2026-09-05T15:45:33.222379+02:00;Gelli J.;D;Frosinone;1;0.0;1;1;0;0.0;0.0;0;0;0.0;50.0;available
2026-09-05T15:45:33.222379+02:00;Macchioni;D;Sassuolo;1;0.0;1;1;0;0.0;0.0;0;0;0.0;50.0;available
2026-09-05T15:45:33.222379+02:00;Raterink;D;Cagliari;1;0.0;1;1;0;0.0;0.0;0;0;0.0;50.0;available
2026-09-05T15:45:33.222379+02:00;Perez M.;D;Lecce;1;0.0;1;1;0;0.0;0.0;0;0;0.0;50.0;available
2026-09-05T15:45:33.222379+02:00;Vismara;P;Atalanta;1;0.0;1;1;0;0.0;0.0;0;0;0.0;50.0;available
2026-09-05T15:45:33.222379+02:00;Pizzignacco;P;Monza;1;0.0;1;1;1;4.5;0.5;0;0;0.0;50.0;available
2026-09-05T15:45:33.222379+02:00;Samooja;P;Lecce;1;0.0;1;1;0;0.0;0.0;0;0;0.0;50.0;available
2026-09-05T15:45:33.222379+02:00;Paleari;P;Torino;1;0.0;1;1;0;0.0;0.0;0;0;0.0;50.0;available
2026-09-05T15:45:33.222379+02:00;Ciocci;P;Cagliari;1;0.0;1;1;0;0.0;0.0;0;0;0.0;50.0;available
2026-09-05T15:45:33.222379+02:00;Fruchtl;P;Lecce;1;0.0;1;1;0;0.0;0.0;0;0;0.0;50.0;available
2026-09-05T15:45:33.222379+02:00;Rossi F.;P;Atalanta;1;0.0;1;1;0;0.0;0.0;0;0;0.0;50.0;available
2026-09-06T14:55:52.191865+02:00;Vergara;C;Napoli;0;93.2;35;10;2;6.5;8.25;1;1;100.0;58.2;available
2026-09-06T14:55:52.191865+02:00;Romero D.;A;Parma;0;91.3;37;10;1;6.5;6.5;0;0;100.0;56.8;available
2026-09-06T14:55:52.191865+02:00;Cristante;C;Roma;0;90.2;29;9;3;6.5;6.5;0;0;100.0;53.0;available
2026-09-06T14:55:52.191865+02:00;Osmajic;A;Genoa;0;88.8;28;8;2;6.0;7.5;1;0;100.0;50.0;available
2026-09-06T14:55:52.191865+02:00;Locatelli;C;Juventus;0;87.9;33;9;2;6.5;6.75;0;1;90.0;50.0;available
2026-09-06T14:55:52.191865+02:00;De Winter;D;Milan;0;87.3;20;5;2;6.5;6.5;0;0;90.0;50.0;available
2026-09-06T14:55:52.191865+02:00;Comuzzo;D;Torino;0;86.1;13;8;3;6.17;7.17;1;0;100.0;51.5;available
2026-09-06T14:55:52.191865+02:00;Romano;C;Cagliari;0;85.7;21;7;2;7.0;8.5;1;0;90.0;50.0;available
2026-09-06T14:55:52.191865+02:00;Njie;C;Fiorentina;0;84.9;28;4;2;6.25;6.25;0;0;100.0;51.5;available
2026-09-06T14:55:52.191865+02:00;Chukwueze;C;Milan;0;84.1;22;8;2;6.75;7.25;0;1;85.0;50.0;available
2026-09-06T14:55:52.191865+02:00;Doekhi;D;Lazio;0;83.6;16;8;2;6.25;6.25;0;0;80.0;50.0;available
2026-09-06T14:55:52.191865+02:00;Ferguson;C;Bologna;0;82.6;23;7;2;6.25;6.25;0;0;90.0;50.0;available
2026-09-06T14:55:52.191865+02:00;Tourè E.;A;Parma;0;81.4;37;10;2;5.5;5.5;0;0;100.0;51.5;available
2026-09-06T14:55:52.191865+02:00;Rodriguez Ju.;D;Cagliari;0;81.3;14;4;2;6.25;6.25;0;0;90.0;50.0;available
2026-09-06T14:55:52.191865+02:00;Fitz-Jim;C;Torino;0;81.2;18;5;3;6.17;6.17;0;0;100.0;51.5;available
2026-09-06T14:55:52.191865+02:00;Obert;D;Cagliari;0;81.1;15;7;2;6.0;6.0;0;0;90.0;50.0;available
2026-09-06T14:55:52.191865+02:00;Comert;D;Torino;0;80.9;12;4;2;6.0;6.5;0;1;100.0;57.5;available
2026-09-06T14:55:52.191865+02:00;Fortini;D;Torino;0;80.6;12;6;3;6.17;6.17;0;0;100.0;51.5;available
2026-09-06T14:55:52.191865+02:00;Coulibaly L.;C;Lecce;0;79.7;17;7;2;6.0;6.5;0;1;90.0;50.0;available
2026-09-06T14:55:52.191865+02:00;Cissè A.;C;Milan;0;79.3;24;5;2;6.5;8.0;1;0;60.0;50.0;available
2026-09-06T14:55:52.191865+02:00;Calvani;D;Frosinone;0;78.7;13;5;2;6.5;6.0;0;0;100.0;51.5;available
2026-09-06T14:55:52.191865+02:00;Maldini;A;Cagliari;0;78.5;21;5;2;5.75;5.75;0;0;90.0;51.5;available
2026-09-06T14:55:52.191865+02:00;Bartesaghi;D;Milan;0;78.0;22;8;2;6.0;6.0;0;0;60.0;50.0;available
2026-09-06T14:55:52.191865+02:00;Karlstrom;C;Udinese;0;77.9;20;7;2;6.0;6.0;0;0;90.0;50.0;available
2026-09-06T14:55:52.191865+02:00;Baldanzi;C;Genoa;0;77.5;28;11;3;5.83;5.83;0;0;100.0;50.0;available
2026-09-06T14:55:52.191865+02:00;Pisilli;C;Roma;0;77.0;19;7;2;6.25;7.75;1;0;60.0;50.0;available
2026-09-06T14:55:52.191865+02:00;Coco;D;Torino;0;76.6;14;7;3;5.67;5.67;0;0;100.0;51.5;available
2026-09-06T14:55:52.191865+02:00;Provstgaard;D;Lazio;0;75.7;13;4;2;6.25;6.0;0;0;90.0;50.0;available
2026-09-06T14:55:52.191865+02:00;Folorunsho;C;Monza;0;75.5;17;4;1;6.0;6.0;0;0;100.0;52.2;available
2026-09-06T14:55:52.191865+02:00;Leysen F.;D;Sassuolo;0;75.5;12;6;2;6.25;6.75;0;1;70.0;50.0;available
2026-09-06T14:55:52.191865+02:00;Schmid;C;Frosinone;0;75.2;25;8;2;5.75;5.5;0;0;100.0;56.0;available
2026-09-06T14:55:52.191865+02:00;Busio;C;Venezia;0;75.1;14;5;2;6.25;6.25;0;0;100.0;51.5;available
2026-09-06T14:55:52.191865+02:00;Adopo;C;Cagliari;0;74.7;13;7;2;6.0;6.5;0;1;90.0;50.0;available
2026-09-06T14:55:52.191865+02:00;Oyono A.;D;Frosinone;0;74.1;10;6;2;6.25;6.25;0;0;100.0;53.0;available
2026-09-06T14:55:52.191865+02:00;Veiga D.;D;Lecce;0;73.8;12;6;2;5.75;6.0;0;1;90.0;50.0;available
2026-09-06T14:55:52.191865+02:00;Elmas;C;Atalanta;0;73.4;22;7;2;5.5;5.5;0;0;100.0;58.2;available
2026-09-06T14:55:52.191865+02:00;Gnonto;A;Fiorentina;0;73.1;25;7;1;5.5;5.5;0;0;55.0;51.5;available
2026-09-06T14:55:52.191865+02:00;Pedraza;D;Lazio;0;73.1;14;6;2;6.0;6.0;0;0;60.0;50.0;available
2026-09-06T14:55:52.191865+02:00;Lulli;D;Roma;0;73.1;10;2;3;6.33;6.33;0;0;100.0;57.5;available
2026-09-06T14:55:52.191865+02:00;Koopmeiners;C;Juventus;0;73.0;15;7;1;7.0;10.0;1;0;60.0;50.0;available
2026-09-06T14:55:52.191865+02:00;Musah;C;Milan;0;72.9;15;3;2;6.25;6.25;0;0;90.0;50.0;available
2026-09-06T14:55:52.191865+02:00;Akinsanmiro;C;Monza;0;72.7;11;7;1;6.5;7.5;0;1;100.0;53.0;available
2026-09-06T14:55:52.191865+02:00;Colpani;C;Monza;0;72.5;15;9;2;5.75;7.25;1;0;60.0;47.0;available
2026-09-06T14:55:52.191865+02:00;Ismajli;D;Torino;0;72.4;13;7;3;6.17;6.17;0;0;40.0;51.5;available
2026-09-06T14:55:52.191865+02:00;Mendy P.;A;Cagliari;0;72.3;12;4;2;5.75;5.75;0;0;90.0;54.5;available
2026-09-06T14:55:52.191865+02:00;Frendrup;C;Genoa;0;72.0;19;7;3;5.83;5.83;0;0;100.0;50.0;available
2026-09-06T14:55:52.191865+02:00;Pierotti;C;Lecce;0;71.8;19;6;2;5.75;5.75;0;0;90.0;50.0;available
2026-09-06T14:55:52.191865+02:00;Fatah;A;Lecce;0;71.7;14;4;1;6.0;6.0;0;0;55.0;50.0;available
2026-09-06T14:55:52.191865+02:00;Hainaut;D;Venezia;0;71.6;12;4;2;5.75;5.75;0;0;100.0;56.0;available
2026-09-06T14:55:52.191865+02:00;Obrador;D;Sassuolo;0;71.1;13;6;1;6.0;6.0;0;0;60.0;50.0;available
2026-09-06T14:55:52.191865+02:00;Holm;D;Bologna;0;71.1;13;6;2;6.0;6.0;0;0;60.0;50.0;available
2026-09-06T14:55:52.191865+02:00;Birindelli;D;Monza;0;70.9;12;4;2;5.75;5.75;0;0;100.0;51.5;available
2026-09-06T14:55:52.191865+02:00;Marusic;D;Lazio;0;70.6;20;6;1;6.0;6.0;0;0;30.0;50.0;available
2026-09-06T14:55:52.191865+02:00;Braganca;C;Torino;0;70.5;20;6;1;6.0;6.0;0;0;55.0;51.5;available
2026-09-06T14:55:52.191865+02:00;Oulai;C;Fiorentina;0;70.4;18;6;3;5.67;5.67;0;0;100.0;51.5;available
2026-09-06T14:55:52.191865+02:00;Zalewski;C;Atalanta;0;70.4;18;7;3;5.83;6.17;0;1;40.0;51.5;available
2026-09-06T14:55:52.191865+02:00;Bakola;C;Sassuolo;0;70.4;14;6;2;6.25;6.25;0;0;75.0;50.0;available
2026-09-06T14:55:52.191865+02:00;Neres;A;Napoli;0;70.1;20;6;1;5.5;5.5;0;0;50.0;51.5;available
2026-09-06T14:55:52.191865+02:00;Kossounou;D;Atalanta;0;70.1;12;4;3;5.67;5.67;0;0;100.0;56.0;available
2026-09-06T14:55:52.191865+02:00;Haps;D;Venezia;0;70.0;10;5;2;6.25;6.0;0;0;100.0;53.0;available
2026-09-06T14:55:52.191865+02:00;Kempf;D;Como;0;69.9;13;5;1;6.5;6.5;0;0;40.0;50.0;available
2026-09-06T14:55:52.191865+02:00;Zè Pedro;D;Cagliari;0;69.7;13;5;2;5.75;5.5;0;0;90.0;50.0;available
2026-09-06T14:55:52.191865+02:00;Unai Gomez;C;Udinese;0;69.6;16;7;1;5.5;5.5;0;0;90.0;50.0;available
2026-09-06T14:55:52.191865+02:00;Lucca;A;Napoli;0;69.4;12;4;2;6.0;6.0;0;0;60.0;51.5;available
2026-09-06T14:55:52.191865+02:00;Viery;D;Fiorentina;0;69.3;12;6;2;5.5;5.5;0;0;100.0;51.5;available
2026-09-06T14:55:52.191865+02:00;Gabbia;D;Milan;0;69.1;15;7;1;6.0;6.0;0;0;30.0;50.0;available
2026-09-06T14:55:52.191865+02:00;Britschgi;D;Parma;0;69.0;10;3;1;6.0;6.0;0;0;100.0;56.8;available
2026-09-06T14:55:52.191865+02:00;Gallo;D;Lecce;0;68.0;12;6;1;5.5;5.5;0;0;80.0;50.0;available
2026-09-06T14:55:52.191865+02:00;Estupinan;D;Milan;0;67.8;13;3;1;6.0;6.0;0;0;55.0;50.0;available
2026-09-06T14:55:52.191865+02:00;Winks;C;Cagliari;0;67.5;15;6;2;5.75;5.75;0;0;90.0;50.0;available
2026-09-06T14:55:52.191865+02:00;Matic;C;Sassuolo;0;67.5;15;6;2;6.0;5.75;0;0;90.0;50.0;available
2026-09-06T14:55:52.191865+02:00;Kelly L.;D;Juventus;0;67.3;12;5;2;6.0;6.0;0;0;60.0;50.8;available
2026-09-06T14:55:52.191865+02:00;Floriani Mussolini;D;Lazio;0;66.9;10;4;2;6.25;6.0;0;0;90.0;50.0;available
2026-09-06T14:55:52.191865+02:00;Fini;C;Frosinone;0;66.2;13;4;2;5.75;5.75;0;0;100.0;53.0;available
2026-09-06T14:55:52.191865+02:00;Kevin Carlos;A;Cagliari;0;65.6;36;12;1;5.5;5.0;0;0;30.0;46.2;available
2026-09-06T14:55:52.191865+02:00;N'Dri;A;Lecce;0;65.6;12;4;2;5.75;5.75;0;0;60.0;50.0;available
2026-09-06T14:55:52.191865+02:00;Cancellieri;C;Lazio;0;65.5;25;9;2;5.75;5.5;0;0;55.0;50.0;available
2026-09-06T14:55:52.191865+02:00;Douglas Luiz;C;Juventus;0;65.2;15;4;2;5.75;5.75;0;0;85.0;50.0;available
2026-09-06T14:55:52.191865+02:00;Lontani;A;Parma;0;65.2;11;3;2;6.0;6.0;0;0;60.0;50.0;available
2026-09-06T14:55:52.191865+02:00;Rovella;C;Lazio;0;65.1;16;7;2;6.25;6.25;0;0;30.0;50.0;available
2026-09-06T14:55:52.191865+02:00;Rrahmani Al.;A;Venezia;0;65.0;13;7;0;0.0;0.0;0;0;100.0;56.0;available
2026-09-06T14:55:52.191865+02:00;Odgaard;C;Bologna;0;64.8;17;8;2;5.75;5.5;0;0;80.0;50.0;available
2026-09-06T14:55:52.191865+02:00;Keita M.;C;Parma;0;64.8;15;5;2;5.5;5.5;0;0;100.0;51.5;available
2026-09-06T14:55:52.191865+02:00;Lang;A;Napoli;0;64.2;14;4;2;5.5;5.5;0;0;55.0;50.0;available
2026-09-06T14:55:52.191865+02:00;Masini;C;Frosinone;0;63.8;8;3;2;6.25;6.25;0;0;100.0;53.0;available
2026-09-06T14:55:52.191865+02:00;Stankovic F.;P;Venezia;0;63.7;11;6;2;6.0;4.0;0;0;100.0;51.5;available
2026-09-06T14:55:52.191865+02:00;Badiashile;D;Napoli;0;63.6;18;7;1;5.0;5.0;0;0;30.0;51.5;available
2026-09-06T14:55:52.191865+02:00;Patterson;D;Torino;0;63.4;12;5;1;6.0;6.0;0;0;40.0;51.5;available
2026-09-06T14:55:52.191865+02:00;Abankwah;D;Udinese;0;63.1;10;2;2;6.25;6.0;0;0;80.0;50.0;available
2026-09-06T14:55:52.191865+02:00;Dodò;D;Fiorentina;0;62.7;20;9;1;5.0;5.0;0;0;20.0;50.0;available
2026-09-06T14:55:52.191865+02:00;Ordonez C.;C;Parma;0;62.7;10;3;2;6.0;6.0;0;0;100.0;51.5;available
2026-09-06T14:55:52.191865+02:00;Dragusin;D;Fiorentina;0;62.6;20;7;3;4.5;4.67;0;1;100.0;57.5;available
2026-09-06T14:55:52.191865+02:00;Zhegrova;C;Juventus;0;62.5;17;6;1;5.5;5.5;0;0;50.0;53.0;available
2026-09-06T14:55:52.191865+02:00;Caqueret;C;Como;0;62.5;17;6;2;6.0;6.0;0;0;30.0;50.0;available
2026-09-06T14:55:52.191865+02:00;Sohm;C;Venezia;0;62.3;11;5;1;5.5;5.5;0;0;100.0;56.0;available
2026-09-06T14:55:52.191865+02:00;Jashari;C;Milan;0;61.9;13;5;2;6.0;6.0;0;0;55.0;50.0;available
2026-09-06T14:55:52.191865+02:00;Thiam;P;Monza;0;61.7;5;4;1;4.5;1.5;0;0;100.0;64.2;available
2026-09-06T14:55:52.191865+02:00;Helland;D;Bologna;0;61.6;12;3;2;6.0;6.0;0;0;40.0;50.0;available
2026-09-06T14:55:52.191865+02:00;Doig;D;Sassuolo;0;61.6;10;5;2;6.0;6.0;0;0;60.0;50.0;available
2026-09-06T14:55:52.191865+02:00;Ghilardi;D;Roma;0;61.3;10;5;2;6.25;6.25;0;0;40.0;51.5;available
2026-09-06T14:55:52.191865+02:00;Casadei;C;Torino;0;61.1;27;9;1;5.0;5.0;0;0;30.0;50.0;available
2026-09-06T14:55:52.191865+02:00;Zerbin;C;Frosinone;0;61.1;12;6;2;6.0;6.0;0;0;60.0;50.0;available
2026-09-06T14:55:52.191865+02:00;Basic;C;Venezia;0;60.8;19;6;2;5.5;5.5;0;0;60.0;45.5;available
2026-09-06T14:55:52.191865+02:00;Palma;D;Udinese;0;60.7;11;3;1;6.5;6.5;0;0;30.0;50.0;available
2026-09-06T14:55:52.191865+02:00;Sutalo J.;D;Lazio;0;60.2;19;7;0;0.0;0.0;0;0;50.0;50.0;available
2026-09-06T14:55:52.191865+02:00;Pobega;C;Bologna;0;60.1;12;6;1;6.0;6.0;0;0;55.0;50.0;available
2026-09-06T14:55:52.191865+02:00;Bertola;D;Udinese;0;59.9;10;4;1;6.0;6.0;0;0;55.0;50.0;available
2026-09-06T14:55:52.191865+02:00;Thuram K.;C;Juventus;0;59.8;25;9;0;0.0;0.0;0;0;60.0;50.0;available
2026-09-06T14:55:52.191865+02:00;Miller L.;C;Udinese;0;59.8;12;4;2;6.0;6.0;0;0;60.0;50.0;available
2026-09-06T14:55:52.191865+02:00;Heggem;D;Bologna;0;59.2;15;6;2;5.5;5.25;0;0;90.0;50.0;available
2026-09-06T14:55:52.191865+02:00;Sugawara;D;Cagliari;0;59.0;15;6;0;0.0;0.0;0;0;50.0;53.8;available
2026-09-06T14:55:52.191865+02:00;Carboni A.;D;Monza;0;58.7;9;3;2;5.5;5.5;0;0;100.0;52.2;available
2026-09-06T14:55:52.191865+02:00;Kristensen T.;D;Atalanta;0;58.4;20;6;0;0.0;0.0;0;0;40.0;50.0;available
2026-09-06T14:55:52.191865+02:00;Kouadio;D;Monza;0;58.4;14;3;2;5.5;5.25;0;0;100.0;56.0;available
2026-09-06T14:55:52.191865+02:00;Fadera;C;Cagliari;0;58.4;12;2;1;6.0;6.0;0;0;60.0;50.0;available
2026-09-06T14:55:52.191865+02:00;Marcandalli;D;Genoa;0;58.3;14;6;3;5.17;5.17;0;0;100.0;50.0;available
2026-09-06T14:55:52.191865+02:00;Siebert;D;Lecce;0;57.8;12;4;2;5.5;5.5;0;0;50.0;50.0;available
2026-09-06T14:55:52.191865+02:00;Troilo;D;Parma;0;57.7;14;3;2;5.5;5.25;0;0;100.0;51.5;available
2026-09-06T14:55:52.191865+02:00;Fazzini;C;Cagliari;0;57.4;23;6;2;5.5;5.25;0;0;90.0;50.0;available
2026-09-06T14:55:52.191865+02:00;Fagioli;C;Fiorentina;0;57.4;20;7;3;5.33;5.17;0;0;100.0;51.5;available
2026-09-06T14:55:52.191865+02:00;Monteiro J.;C;Lecce;0;57.1;23;7;0;0.0;0.0;0;0;55.0;50.0;available
2026-09-06T14:55:52.191865+02:00;Bella-Kotchap;D;Venezia;0;57.1;13;5;2;5.0;5.0;0;0;100.0;57.5;available
2026-09-06T14:55:52.191865+02:00;Daffara;P;Parma;0;56.7;7;6;0;0.0;0.0;0;0;5.0;44.0;available
2026-09-06T14:55:52.191865+02:00;Smolcic I.;D;Como;0;56.0;10;4;1;5.5;5.5;0;0;55.0;50.0;available
2026-09-06T14:55:52.191865+02:00;Caleta-Car;D;Sassuolo;0;55.4;15;6;0;0.0;0.0;0;0;35.0;50.0;available
2026-09-06T14:55:52.191865+02:00;Cichella;C;Frosinone;0;55.4;12;4;1;5.5;5.5;0;0;60.0;50.0;available
2026-09-06T14:55:52.191865+02:00;Ricci S.;C;Como;0;54.8;12;4;1;6.0;6.0;0;0;35.0;50.0;available
2026-09-06T14:55:52.191865+02:00;Luis Henrique;C;Inter;0;54.6;12;5;2;6.0;6.0;0;0;30.0;50.0;available
2026-09-06T14:55:52.191865+02:00;Odenthal;D;Sassuolo;0;54.6;8;3;1;6.5;9.5;1;0;25.0;50.0;available
2026-09-06T14:55:52.191865+02:00;Buongiorno;D;Napoli;0;54.4;15;6;0;0.0;0.0;0;0;30.0;50.0;available
2026-09-06T14:55:52.191865+02:00;Tornqvist;P;Monza;0;54.2;10;1;0;0.0;0.0;0;0;5.0;39.5;available
2026-09-06T14:55:52.191865+02:00;Ndiaye;D;Parma;0;53.9;8;2;1;6.0;6.0;0;0;55.0;50.0;available
2026-09-06T14:55:52.191865+02:00;Forson O.;C;Monza;0;53.7;1;2;1;6.0;6.0;0;0;100.0;59.0;available
2026-09-06T14:55:52.191865+02:00;Kulenovic;A;Torino;0;53.5;9;4;1;5.5;5.5;0;0;35.0;50.0;available
2026-09-06T14:55:52.191865+02:00;El Shaarawy;C;Genoa;0;53.2;25;7;0;0.0;0.0;0;0;30.0;50.0;available
2026-09-06T14:55:52.191865+02:00;Messias;C;Genoa;0;53.2;8;4;3;6.0;6.0;0;0;60.0;50.0;available
2026-09-06T14:55:52.191865+02:00;Sow;C;Genoa;0;53.0;15;7;3;5.67;5.5;0;0;100.0;50.0;available
2026-09-06T14:55:52.191865+02:00;Joao Mario;D;Fiorentina;0;52.5;12;3;2;5.25;5.25;0;0;100.0;51.5;available
2026-09-06T14:55:52.191865+02:00;Dele-Bashiru;C;Lazio;0;52.4;13;5;1;5.5;5.5;0;0;30.0;50.0;available
2026-09-06T14:55:52.191865+02:00;Meichtry;C;Genoa;0;52.4;11;5;2;5.75;5.75;0;0;55.0;50.0;available
2026-09-06T14:55:52.191865+02:00;Kofler;D;Cagliari;0;52.4;8;5;1;6.0;6.0;0;0;35.0;50.0;available
2026-09-06T14:55:52.191865+02:00;Sabelli;D;Genoa;0;52.2;5;2;1;5.0;5.0;0;0;100.0;50.0;available
2026-09-06T14:55:52.191865+02:00;Van Der Brempt;D;Sassuolo;0;52.1;11;2;0;0.0;0.0;0;0;80.0;50.0;available
2026-09-06T14:55:52.191865+02:00;Mota;A;Monza;0;52.0;8;4;0;0.0;0.0;0;0;100.0;56.0;available
2026-09-06T14:55:52.191865+02:00;Gaspar K.;D;Lecce;0;51.9;12;5;2;5.5;5.25;0;0;90.0;50.0;available
2026-09-06T14:55:52.191865+02:00;Almqvist;C;Parma;0;51.7;11;4;1;5.5;5.5;0;0;55.0;50.0;available
2026-09-06T14:55:52.191865+02:00;Belahyane;C;Lazio;0;51.5;3;2;1;6.0;6.0;0;0;85.0;50.0;available
2026-09-06T14:55:52.191865+02:00;Dominguez B.;C;Sassuolo;0;51.4;12;4;2;5.75;5.75;0;0;40.0;50.0;available
2026-09-06T14:55:52.191865+02:00;Pellegrini Lo.;C;Roma;0;51.1;20;9;0;0.0;0.0;0;0;30.0;50.0;available
2026-09-06T14:55:52.191865+02:00;Konè I.;C;Sassuolo;0;50.9;20;8;0;0.0;0.0;0;0;30.0;50.0;available
2026-09-06T14:55:52.191865+02:00;Alhassane;D;Bologna;0;50.8;6;2;1;6.5;6.5;0;0;35.0;50.0;available
2026-09-06T14:55:52.191865+02:00;Birligea;A;Frosinone;0;50.6;11;5;0;0.0;0.0;0;0;60.0;50.0;available
2026-09-06T14:55:52.191865+02:00;Amondarain;C;Bologna;0;50.5;10;5;1;5.5;5.5;0;0;55.0;50.0;available
2026-09-06T14:55:52.191865+02:00;Gueye;A;Udinese;0;50.2;7;4;2;5.5;5.5;0;0;60.0;50.0;available
2026-09-06T14:55:52.191865+02:00;Ehizibue;D;Genoa;0;50.0;10;4;1;5.5;5.5;0;0;25.0;50.0;available
2026-09-06T14:55:52.191865+02:00;Deiola;C;Cagliari;0;49.8;8;3;2;5.75;5.5;0;0;90.0;51.5;available
2026-09-06T14:55:52.191865+02:00;Gilmour;C;Napoli;0;49.7;10;3;1;6.0;6.0;0;0;35.0;51.5;available
2026-09-06T14:55:52.191865+02:00;Olivera;D;Napoli;0;49.1;13;5;1;4.5;4.5;0;0;60.0;50.0;available
2026-09-06T14:55:52.191865+02:00;Mout;C;Monza;0;49.1;12;1;1;5.0;5.0;0;0;60.0;50.0;available
2026-09-06T14:55:52.191865+02:00;Ilic;C;Lecce;0;48.8;10;1;1;6.0;5.5;0;0;60.0;50.0;available
2026-09-06T14:55:52.191865+02:00;Diallo O.;C;Parma;0;48.6;12;3;1;5.5;5.5;0;0;30.0;50.0;available
2026-09-06T14:55:52.191865+02:00;Lucchesi;D;Monza;0;48.4;11;3;2;5.25;4.75;0;0;100.0;52.2;available
2026-09-06T14:55:52.191865+02:00;Robinson J.;A;Monza;0;48.1;5;4;0;0.0;0.0;0;0;100.0;61.2;available
2026-09-06T14:55:52.191865+02:00;Stulic;A;Lecce;0;47.9;11;6;2;5.25;5.25;0;0;90.0;50.0;available
2026-09-06T14:55:52.191865+02:00;Moro N.;C;Bologna;0;47.6;14;4;0;0.0;0.0;0;0;60.0;50.0;available
2026-09-06T14:55:52.191865+02:00;Vitinha O.;A;Genoa;0;47.3;13;8;3;5.5;5.5;0;0;60.0;50.0;available
2026-09-06T14:55:52.191865+02:00;Gineitis;C;Torino;0;47.2;12;5;3;5.33;5.5;0;1;100.0;51.5;available
2026-09-06T14:55:52.191865+02:00;Elphege;A;Parma;0;47.2;11;3;0;0.0;0.0;0;0;55.0;50.0;available
2026-09-06T14:55:52.191865+02:00;Rodriguez R.;D;Torino;0;47.1;12;5;0;0.0;0.0;0;0;30.0;50.0;available
2026-09-06T14:55:52.191865+02:00;Schingtienne;D;Venezia;0;46.8;10;3;2;5.5;5.25;0;0;100.0;51.5;available
2026-09-06T14:55:52.191865+02:00;Mitaj;D;Genoa;0;46.7;10;4;0;0.0;0.0;0;0;60.0;50.0;available
2026-09-06T14:55:52.191865+02:00;Maleh;C;Lecce;0;46.6;7;3;2;5.75;5.75;0;0;60.0;50.0;available
2026-09-06T14:55:52.191865+02:00;Fabbian;C;Parma;0;46.3;8;4;0;0.0;0.0;0;0;100.0;53.8;available
2026-09-06T14:55:52.191865+02:00;Nicolussi Caviglia;C;Parma;0;46.0;16;6;0;0.0;0.0;0;0;30.0;50.0;available
2026-09-06T14:55:52.191865+02:00;Hien;D;Atalanta;0;45.8;11;7;0;0.0;0.0;0;0;30.0;50.0;available
2026-09-06T14:55:52.191865+02:00;Zarraga;C;Udinese;0;45.4;4;2;1;6.0;6.0;0;0;50.0;50.0;available
2026-09-06T14:55:52.191865+02:00;Halhal;D;Venezia;0;45.0;10;3;1;5.0;3.0;0;0;100.0;53.0;available
2026-09-06T14:55:52.191865+02:00;Lolic;P;Frosinone;0;45.0;1;1;0;0.0;0.0;0;0;30.0;50.0;available
2026-09-06T14:55:52.191865+02:00;Russo A.;P;Sassuolo;0;45.0;1;1;0;0.0;0.0;0;0;30.0;50.0;available
2026-09-06T14:55:52.191865+02:00;Valenti;D;Parma;0;44.7;10;4;0;0.0;0.0;0;0;50.0;50.0;available
2026-09-06T14:55:52.191865+02:00;Ilkhan;C;Torino;0;44.7;8;4;1;5.5;5.5;0;0;40.0;50.0;available
2026-09-06T14:55:52.191865+02:00;Loftus-Cheek;C;Milan;0;44.6;16;4;2;5.5;5.25;0;0;60.0;50.0;available
2026-09-06T14:55:52.191865+02:00;Oristanio;C;Torino;0;44.6;12;6;0;0.0;0.0;0;0;55.0;50.0;available
2026-09-06T14:55:52.191865+02:00;Noslin;A;Lazio;0;44.6;8;6;0;0.0;0.0;0;0;60.0;50.0;available
2026-09-06T14:55:52.191865+02:00;Felici;C;Cagliari;0;44.6;7;5;1;6.0;6.0;0;0;20.0;50.0;available
2026-09-06T14:55:52.191865+02:00;Franjic;D;Venezia;0;44.2;7;3;2;5.75;5.75;0;0;30.0;50.0;available
2026-09-06T14:55:52.191865+02:00;Pongracic;D;Fiorentina;0;43.9;8;4;1;5.0;5.0;0;0;30.0;50.0;available
2026-09-06T14:55:52.191865+02:00;Massolin;C;Cagliari;0;43.8;12;4;0;0.0;0.0;0;0;55.0;53.0;available
2026-09-06T14:55:52.191865+02:00;Ebosse;D;Udinese;0;43.0;5;3;2;5.75;5.75;0;0;35.0;50.0;available
2026-09-06T14:55:52.191865+02:00;Tourè I.;C;Monza;0;42.3;14;6;0;0.0;0.0;0;0;30.0;46.2;available
2026-09-06T14:55:52.191865+02:00;Desplanches;P;Frosinone;0;42.3;1;2;0;0.0;0.0;0;0;5.0;50.0;available
2026-09-06T14:55:52.191865+02:00;Brescianini;C;Fiorentina;0;42.1;11;3;3;5.33;5.33;0;0;100.0;51.5;available
2026-09-06T14:55:52.191865+02:00;Vitik;D;Bologna;0;41.7;10;4;0;0.0;0.0;0;0;35.0;50.0;available
2026-09-06T14:55:52.191865+02:00;Gatti;D;Juventus;0;41.7;10;4;0;0.0;0.0;0;0;35.0;50.0;available
2026-09-06T14:55:52.191865+02:00;Arizala;D;Udinese;0;41.5;8;4;0;0.0;0.0;0;0;55.0;50.0;available
2026-09-06T14:55:52.191865+02:00;Marin R.;D;Napoli;0;41.2;8;2;3;5.33;5.17;0;0;100.0;57.5;available
2026-09-06T14:55:52.191865+02:00;Juan Jesus;D;Venezia;0;40.8;10;4;0;0.0;0.0;0;0;30.0;50.8;available
2026-09-06T14:55:52.191865+02:00;Milik;A;Juventus;0;40.7;10;4;0;0.0;0.0;0;0;30.0;50.0;available
2026-09-06T14:55:52.191865+02:00;Zanoli;D;Udinese;0;40.7;10;4;0;0.0;0.0;0;0;30.0;50.0;available
2026-09-06T14:55:52.191865+02:00;Parisi;D;Fiorentina;0;40.7;10;4;0;0.0;0.0;0;0;30.0;50.0;available
2026-09-06T14:55:52.191865+02:00;Walukiewicz;D;Sassuolo;0;40.7;10;4;0;0.0;0.0;0;0;30.0;50.0;available
2026-09-06T14:55:52.191865+02:00;Hasa;C;Frosinone;0;40.6;5;2;1;6.0;6.0;0;0;20.0;50.0;available
2026-09-06T14:55:52.191865+02:00;Berisha M.;C;Lecce;0;40.4;12;4;0;0.0;0.0;0;0;40.0;50.0;available
2026-09-06T14:55:52.191865+02:00;Ndaba;D;Lecce;0;40.2;5;2;2;5.5;5.5;0;0;40.0;50.0;available
2026-09-06T14:55:52.191865+02:00;Nzola;A;Cagliari;0;40.0;10;4;0;0.0;0.0;0;0;30.0;45.5;available
2026-09-06T14:55:52.191865+02:00;Mrozek;P;Udinese;0;40.0;1;1;0;0.0;0.0;0;0;5.0;50.0;available
2026-09-06T14:55:52.191865+02:00;Penev;P;Lecce;0;40.0;1;1;0;0.0;0.0;0;0;5.0;50.0;available
2026-09-06T14:55:52.191865+02:00;Motta;P;Lazio;0;40.0;1;1;0;0.0;0.0;0;0;5.0;50.0;available
2026-09-06T14:55:52.191865+02:00;Pessina Mas.;P;Bologna;0;40.0;1;1;0;0.0;0.0;0;0;5.0;50.0;available
2026-09-06T14:55:52.191865+02:00;Stolz;P;Genoa;0;40.0;1;1;0;0.0;0.0;0;0;5.0;50.0;available
2026-09-06T14:55:52.191865+02:00;Christensen O.;P;Fiorentina;0;40.0;1;1;0;0.0;0.0;0;0;5.0;50.0;available
2026-09-06T14:55:52.191865+02:00;Montipò;P;Venezia;0;40.0;1;1;0;0.0;0.0;0;0;5.0;50.0;available
2026-09-06T14:55:52.191865+02:00;Turati;P;Sassuolo;0;40.0;1;1;0;0.0;0.0;0;0;5.0;50.0;available
2026-09-06T14:55:52.191865+02:00;Terracciano;P;Milan;0;40.0;1;1;0;0.0;0.0;0;0;5.0;50.0;available
2026-09-06T14:55:52.191865+02:00;Sportiello;P;Atalanta;0;40.0;1;1;0;0.0;0.0;0;0;5.0;50.0;available
2026-09-06T14:55:52.191865+02:00;Radunovic;P;Cagliari;0;40.0;1;1;0;0.0;0.0;0;0;5.0;50.0;available
2026-09-06T14:55:52.191865+02:00;Drameh;D;Genoa;0;39.8;10;3;0;0.0;0.0;0;0;30.0;50.0;available
2026-09-06T14:55:52.191865+02:00;Ekhator;A;Juventus;0;39.5;10;3;0;0.0;0.0;0;0;30.0;50.0;available
2026-09-06T14:55:52.191865+02:00;Pessina;C;Monza;0;39.4;15;6;0;0.0;0.0;0;0;5.0;50.0;available
2026-09-06T14:55:52.191865+02:00;Otoa;D;Genoa;0;39.2;5;2;1;5.0;5.0;0;0;35.0;50.0;available
2026-09-06T14:55:52.191865+02:00;Mascardi;P;Torino;0;39.2;5;1;2;6.0;4.0;0;0;5.0;50.0;available
2026-09-06T14:55:52.191865+02:00;Pompei;P;Atalanta;0;39.2;1;1;0;0.0;0.0;0;0;1.0;50.0;available
2026-09-06T14:55:52.191865+02:00;Pisseri;P;Frosinone;0;39.2;1;1;0;0.0;0.0;0;0;1.0;50.0;available
2026-09-06T14:55:52.191865+02:00;Renzetti;P;Lazio;0;39.2;1;1;0;0.0;0.0;0;0;1.0;50.0;available
2026-09-06T14:55:52.191865+02:00;Happonen;P;Bologna;0;39.2;1;1;0;0.0;0.0;0;0;1.0;50.0;available
2026-09-06T14:55:52.191865+02:00;Pozzi;P;Venezia;0;39.2;1;1;0;0.0;0.0;0;0;1.0;50.0;available
2026-09-06T14:55:52.191865+02:00;Strajnar;P;Monza;0;39.2;1;1;0;0.0;0.0;0;0;1.0;50.0;available
2026-09-06T14:55:52.191865+02:00;Siviero;P;Torino;0;39.2;1;1;0;0.0;0.0;0;0;1.0;50.0;available
2026-09-06T14:55:52.191865+02:00;Torriani;P;Milan;0;39.2;1;1;0;0.0;0.0;0;0;1.0;50.0;available
2026-09-06T14:55:52.191865+02:00;Grandi;P;Venezia;0;39.2;1;1;0;0.0;0.0;0;0;1.0;50.0;available
2026-09-06T14:55:52.191865+02:00;Sherri;P;Cagliari;0;39.2;1;1;0;0.0;0.0;0;0;1.0;50.0;available
2026-09-06T14:55:52.191865+02:00;Piana;P;Udinese;0;39.2;1;1;0;0.0;0.0;0;0;1.0;50.0;available
2026-09-06T14:55:52.191865+02:00;Bleve;P;Lecce;0;39.2;1;1;0;0.0;0.0;0;0;1.0;50.0;available
2026-09-06T14:55:52.191865+02:00;Ghidotti;P;Parma;0;39.2;1;1;0;0.0;0.0;0;0;1.0;50.0;available
2026-09-06T14:55:52.191865+02:00;Contini;P;Napoli;0;39.2;1;1;0;0.0;0.0;0;0;1.0;50.0;available
2026-09-06T14:55:52.191865+02:00;Vigorito;P;Como;0;39.2;1;1;0;0.0;0.0;0;0;1.0;50.0;available
2026-09-06T14:55:52.191865+02:00;Satalino;P;Sassuolo;0;39.2;1;1;0;0.0;0.0;0;0;1.0;50.0;available
2026-09-06T14:55:52.191865+02:00;Pinsoglio;P;Juventus;0;39.2;1;1;0;0.0;0.0;0;0;1.0;50.0;available
2026-09-06T14:55:52.191865+02:00;Di Gennaro;P;Inter;0;39.2;1;1;0;0.0;0.0;0;0;1.0;50.0;available
2026-09-06T14:55:52.191865+02:00;Padelli;P;Udinese;0;39.2;1;1;0;0.0;0.0;0;0;1.0;50.0;available
2026-09-06T14:55:52.191865+02:00;Sommariva;P;Genoa;0;39.2;1;1;0;0.0;0.0;0;0;1.0;50.0;available
2026-09-06T14:55:52.191865+02:00;Lezzerini;P;Fiorentina;0;39.2;1;1;0;0.0;0.0;0;0;1.0;50.0;available
2026-09-06T14:55:52.191865+02:00;Cinquegrano;D;Sassuolo;0;39.0;4;2;2;5.75;5.75;0;0;30.0;50.0;available
2026-09-06T14:55:52.191865+02:00;Bakoune;D;Monza;0;39.0;4;2;1;5.5;5.5;0;0;30.0;50.0;available
2026-09-06T14:55:52.191865+02:00;Grillitsch;C;Frosinone;0;38.8;10;4;0;0.0;0.0;0;0;55.0;50.0;available
2026-09-06T14:55:52.191865+02:00;De Roon;C;Roma;0;38.8;10;4;0;0.0;0.0;0;0;55.0;50.0;available
2026-09-06T14:55:52.191865+02:00;Sulemana K.;A;Atalanta;0;38.6;8;6;0;0.0;0.0;0;0;30.0;50.0;available
2026-09-06T14:55:52.191865+02:00;Cataldi;C;Lazio;0;38.4;12;4;0;0.0;0.0;0;0;30.0;50.0;available
2026-09-06T14:55:52.191865+02:00;Ngom;C;Lecce;0;38.3;12;4;2;5.5;5.25;0;0;60.0;50.0;available
2026-09-06T14:55:52.191865+02:00;Cremaschi;C;Parma;0;38.0;3;2;1;5.5;5.5;0;0;40.0;50.0;available
2026-09-06T14:55:52.191865+02:00;Moreno M.;D;Venezia;0;37.9;6;4;0;0.0;0.0;0;0;50.0;49.2;available
2026-09-06T14:55:52.191865+02:00;Tchato;D;Frosinone;0;37.6;8;3;0;0.0;0.0;0;0;40.0;50.0;available
2026-09-06T14:55:52.191865+02:00;Adorante;A;Venezia;0;37.1;8;4;0;0.0;0.0;0;0;30.0;50.0;available
2026-09-06T14:55:52.191865+02:00;Tomori;D;Milan;0;36.8;8;6;0;0.0;0.0;0;0;25.0;50.0;available
2026-09-06T14:55:52.191865+02:00;Traorè Hj.;C;Genoa;0;36.7;11;4;0;0.0;0.0;0;0;35.0;50.0;available
2026-09-06T14:55:52.191865+02:00;Goglichidze;D;Monza;0;36.1;5;2;0;0.0;0.0;0;0;55.0;52.2;available
2026-09-06T14:55:52.191865+02:00;Foe Ondoa;C;Monza;0;36.1;2;2;1;5.0;5.0;0;0;55.0;50.8;available
2026-09-06T14:55:52.191865+02:00;Fernandez T.;C;Venezia;0;35.9;8;3;0;0.0;0.0;0;0;55.0;50.0;available
2026-09-06T14:55:52.191865+02:00;Gagliardini;C;Cagliari;0;35.9;8;3;0;0.0;0.0;0;0;55.0;50.0;available
2026-09-06T14:55:52.191865+02:00;Amorim;C;Genoa;0;35.6;11;4;3;5.67;5.5;0;0;60.0;50.0;available
2026-09-06T14:55:52.191865+02:00;Frigan;A;Parma;0;35.6;6;4;0;0.0;0.0;0;0;40.0;50.0;available
2026-09-06T14:55:52.191865+02:00;Drobnic;D;Parma;0;35.4;1;2;1;5.5;5.5;0;0;30.0;50.0;available
2026-09-06T14:55:52.191865+02:00;Gandelman;C;Lecce;0;34.8;10;4;0;0.0;0.0;0;0;35.0;50.0;available
2026-09-06T14:55:52.191865+02:00;Giovane;A;Napoli;0;34.8;7;4;0;0.0;0.0;0;0;30.0;50.0;available
2026-09-06T14:55:52.191865+02:00;Ranieri L.;D;Fiorentina;0;34.6;10;3;1;4.5;4.5;0;0;40.0;50.0;available
2026-09-06T14:55:52.191865+02:00;Mkhitaryan;C;Inter;0;34.6;9;4;0;0.0;0.0;0;0;40.0;50.0;available
2026-09-06T14:55:52.191865+02:00;Kambwala;D;Como;0;34.6;8;3;0;0.0;0.0;0;0;25.0;50.0;available
2026-09-06T14:55:52.191865+02:00;Aboukhlal;C;Torino;0;34.4;5;3;2;5.5;5.5;0;0;30.0;50.0;available
2026-09-06T14:55:52.191865+02:00;Candè;D;Sassuolo;0;33.9;7;3;0;0.0;0.0;0;0;30.0;50.0;available
2026-09-06T14:55:52.191865+02:00;Sverko;D;Venezia;0;33.9;7;3;0;0.0;0.0;0;0;30.0;50.0;available
2026-09-06T14:55:52.191865+02:00;Addai;C;Como;0;33.8;10;4;0;0.0;0.0;0;0;30.0;50.0;available
2026-09-06T14:55:52.191865+02:00;Kaba;C;Lecce;0;33.7;2;1;0;0.0;0.0;0;0;80.0;50.0;available
2026-09-06T14:55:52.191865+02:00;Ziolkowski;D;Monza;0;33.3;8;1;0;0.0;0.0;0;0;30.0;45.5;available
2026-09-06T14:55:52.191865+02:00;Akpoguma;D;Frosinone;0;33.1;6;3;0;0.0;0.0;0;0;30.0;50.0;available
2026-09-06T14:55:52.191865+02:00;Lazzari;D;Lazio;0;32.7;5;2;0;0.0;0.0;0;0;40.0;50.0;available
2026-09-06T14:55:52.191865+02:00;Havel;A;Genoa;0;32.4;5;4;0;0.0;0.0;0;0;30.0;50.0;available
2026-09-06T14:55:52.191865+02:00;Lipani;C;Sassuolo;0;32.1;5;2;0;0.0;0.0;0;0;55.0;50.0;available
2026-09-06T14:55:52.191865+02:00;Casale;D;Bologna;0;31.6;5;3;0;0.0;0.0;0;0;30.0;50.0;available
2026-09-06T14:55:52.191865+02:00;Pellegrini Lu.;D;Lazio;0;31.0;7;2;0;0.0;0.0;0;0;20.0;50.0;available
2026-09-06T14:55:52.191865+02:00;Aurelio;D;Cagliari;0;29.7;5;2;0;0.0;0.0;0;0;25.0;50.0;available
2026-09-06T14:55:52.191865+02:00;Sulemana I.;C;Sassuolo;0;29.6;7;3;0;0.0;0.0;0;0;30.0;50.0;available
2026-09-06T14:55:52.191865+02:00;Gelli F.;C;Frosinone;0;28.8;6;3;0;0.0;0.0;0;0;30.0;50.0;available
2026-09-06T14:55:52.191865+02:00;Biraghi;D;Torino;0;28.7;5;2;0;0.0;0.0;0;0;20.0;50.0;available
2026-09-06T14:55:52.191865+02:00;Jean;D;Lecce;0;28.7;4;2;0;0.0;0.0;0;0;30.0;50.0;available
2026-09-06T14:55:52.191865+02:00;Stankovic A.;C;Inter;0;28.6;7;3;0;0.0;0.0;0;0;25.0;50.0;available
2026-09-06T14:55:52.191865+02:00;Ciervo;C;Cagliari;0;28.6;1;1;0;0.0;0.0;0;0;60.0;51.5;available
2026-09-06T14:55:52.191865+02:00;Chakvetadze;C;Udinese;0;28.2;6;2;0;0.0;0.0;0;0;30.0;50.0;available
2026-09-06T14:55:52.191865+02:00;Ciurria;C;Monza;0;28.2;6;2;0;0.0;0.0;0;0;30.0;50.0;available
2026-09-06T14:55:52.191865+02:00;Jovanovic;C;Udinese;0;28.1;5;2;0;0.0;0.0;0;0;35.0;50.0;available
2026-09-06T14:55:52.191865+02:00;Robinho Junior;A;Genoa;0;28.1;3;1;0;0.0;0.0;0;0;30.0;50.0;available
2026-09-06T14:55:52.191865+02:00;Puczka;D;Genoa;0;28.1;3;2;0;0.0;0.0;0;0;35.0;50.0;available
2026-09-06T14:55:52.191865+02:00;Cabal;D;Juventus;0;28.0;4;1;0;0.0;0.0;0;0;30.0;50.0;available
2026-09-06T14:55:52.191865+02:00;Idrissi R.;D;Cagliari;0;28.0;3;3;0;0.0;0.0;0;0;30.0;50.0;available
2026-09-06T14:55:52.191865+02:00;Dagasso;C;Venezia;0;28.0;1;1;1;5.5;5.0;0;0;25.0;50.0;available
2026-09-06T14:55:52.191865+02:00;Colombo L.;C;Monza;0;27.8;4;3;0;0.0;0.0;0;0;35.0;51.5;available
2026-09-06T14:55:52.191865+02:00;Sagrado;D;Venezia;0;27.7;4;2;0;0.0;0.0;0;0;25.0;50.0;available
2026-09-06T14:55:52.191865+02:00;Terracciano F.;D;Milan;0;27.7;4;2;0;0.0;0.0;0;0;25.0;50.0;available
2026-09-06T14:55:52.191865+02:00;Helgason;C;Venezia;0;27.6;3;3;0;0.0;0.0;0;0;40.0;50.0;available
2026-09-06T14:55:52.191865+02:00;Boloca;C;Sassuolo;0;27.1;5;2;0;0.0;0.0;0;0;30.0;50.0;available
2026-09-06T14:55:52.191865+02:00;Trepy;A;Cagliari;0;26.9;2;1;0;0.0;0.0;0;0;30.0;50.0;available
2026-09-06T14:55:52.191865+02:00;Enem;A;Bologna;0;26.7;4;2;0;0.0;0.0;0;0;15.0;50.0;available
2026-09-06T14:55:52.191865+02:00;Diawara S.;D;Milan;0;26.7;4;2;0;0.0;0.0;0;0;20.0;50.0;available
2026-09-06T14:55:52.191865+02:00;Dembelè A.;D;Lecce;0;26.6;2;1;0;0.0;0.0;0;0;35.0;50.0;available
2026-09-06T14:55:52.191865+02:00;Marianucci;D;Napoli;0;26.4;3;1;0;0.0;0.0;0;0;30.0;50.0;available
2026-09-06T14:55:52.191865+02:00;El Azzouzi O.;C;Bologna;0;26.3;10;2;1;5.0;4.5;0;0;30.0;50.0;available
2026-09-06T14:55:52.191865+02:00;Lauberbach;A;Venezia;0;26.3;1;1;0;0.0;0.0;0;0;35.0;50.0;available
2026-09-06T14:55:52.191865+02:00;De Silvestri;D;Bologna;0;26.0;4;1;0;0.0;0.0;0;0;20.0;50.0;available
2026-09-06T14:55:52.191865+02:00;Venturino;C;Genoa;0;25.9;4;2;0;0.0;0.0;0;0;30.0;50.0;available
2026-09-06T14:55:52.191865+02:00;Duncan;C;Venezia;0;25.9;4;2;0;0.0;0.0;0;0;30.0;50.0;available
2026-09-06T14:55:52.191865+02:00;Przyborek;C;Lazio;0;25.5;5;1;0;0.0;0.0;0;0;25.0;50.0;available
2026-09-06T14:55:52.191865+02:00;Carboni F.;D;Parma;0;25.4;3;1;0;0.0;0.0;0;0;25.0;50.0;available
2026-09-06T14:55:52.191865+02:00;Rugani;D;Juventus;0;25.4;3;1;0;0.0;0.0;0;0;25.0;50.0;available
2026-09-06T14:55:52.191865+02:00;Maye;D;Monza;0;25.4;1;1;0;0.0;0.0;0;0;35.0;50.0;available
2026-09-06T14:55:52.191865+02:00;Kone B.;C;Frosinone;0;24.4;3;1;0;0.0;0.0;0;0;30.0;50.0;available
2026-09-06T14:55:52.191865+02:00;Pieragnolo;D;Sassuolo;0;24.4;1;1;0;0.0;0.0;0;0;30.0;50.0;available
2026-09-06T14:55:52.191865+02:00;Patric;D;Lazio;0;24.4;1;1;0;0.0;0.0;0;0;30.0;50.0;available
2026-09-06T14:55:52.191865+02:00;Antov;D;Monza;0;23.6;2;1;0;0.0;0.0;0;0;20.0;50.0;available
2026-09-06T14:55:52.191865+02:00;Gomes;D;Venezia;0;23.4;1;1;0;0.0;0.0;0;0;25.0;50.0;available
2026-09-06T14:55:52.191865+02:00;Omar Fayed;D;Frosinone;0;22.4;1;1;0;0.0;0.0;0;0;20.0;50.0;available
2026-09-06T14:55:52.191865+02:00;Goldaniga;D;Como;0;22.4;1;1;0;0.0;0.0;0;0;20.0;50.0;available
2026-09-06T14:55:52.191865+02:00;De Martis;A;Parma;0;22.3;1;1;0;0.0;0.0;0;0;15.0;50.0;available
2026-09-06T14:55:52.191865+02:00;Lisman;A;Venezia;0;22.3;1;1;0;0.0;0.0;0;0;15.0;50.0;available
2026-09-06T14:55:52.191865+02:00;Comotto;C;Milan;0;22.3;1;1;0;0.0;0.0;0;0;30.0;50.0;available
2026-09-06T14:55:52.191865+02:00;El Azzouzi A.;C;Frosinone;0;22.3;1;1;0;0.0;0.0;0;0;30.0;50.0;available
2026-09-06T14:55:52.191865+02:00;Fofana Sa.;C;Lecce;0;22.3;1;1;0;0.0;0.0;0;0;30.0;50.0;available
2026-09-06T14:55:52.191865+02:00;Amey;D;Frosinone;0;22.1;1;1;0;0.0;0.0;0;0;20.0;48.5;available
2026-09-06T14:55:52.191865+02:00;Sierro;C;Parma;0;21.3;1;1;0;0.0;0.0;0;0;25.0;50.0;available
2026-09-06T14:55:52.191865+02:00;Laerke;C;Lecce;0;20.3;1;1;0;0.0;0.0;0;0;20.0;50.0;available
2026-09-06T14:55:52.191865+02:00;Liteta;C;Cagliari;0;20.3;1;1;0;0.0;0.0;0;0;20.0;50.0;available
2026-09-06T14:55:52.191865+02:00;Bayo V.;A;Udinese;0;20.0;3;1;1;4.5;4.5;0;0;35.0;50.0;available
2026-09-06T14:55:52.191865+02:00;Lahdo;C;Como;0;19.3;1;1;0;0.0;0.0;0;0;15.0;50.0;available
2026-09-06T14:55:52.191865+02:00;Morata;A;Roma;1;0.0;100;20;0;0.0;0.0;0;0;0.0;50.0;available
2026-09-06T14:55:52.191865+02:00;Leao;A;Milan;1;0.0;75;18;0;0.0;0.0;0;0;0.0;50.0;available
2026-09-06T14:55:52.191865+02:00;Lukaku;A;Napoli;1;0.0;45;10;0;0.0;0.0;0;0;0.0;50.0;available
2026-09-06T14:55:52.191865+02:00;Gutierrez;D;Napoli;1;0.0;26;8;0;0.0;0.0;0;0;0.0;50.0;available
2026-09-06T14:55:52.191865+02:00;David;A;Juventus;1;0.0;25;8;1;5.0;5.0;0;0;0.0;50.0;available
2026-09-06T14:55:52.191865+02:00;Ratkov;A;Lazio;1;0.0;22;9;0;0.0;0.0;0;0;0.0;50.0;available
2026-09-06T14:55:52.191865+02:00;Dia;A;Lazio;1;0.0;20;10;2;6.0;6.25;0;1;0.0;50.0;available
2026-09-06T14:55:52.191865+02:00;Nkunku;A;Milan;1;0.0;20;13;0;0.0;0.0;0;0;0.0;50.0;available
2026-09-06T14:55:52.191865+02:00;Romagnoli;D;Lazio;1;0.0;20;6;0;0.0;0.0;0;0;0.0;50.0;available
2026-09-06T14:55:52.191865+02:00;Suzuki;P;Parma;1;0.0;20;7;0;0.0;0.0;0;0;0.0;50.0;available
2026-09-06T14:55:52.191865+02:00;Zappa;D;Atalanta;1;0.0;19;8;1;6.0;6.0;0;0;0.0;50.0;available
2026-09-06T14:55:52.191865+02:00;Ondrejka;C;Parma;1;0.0;18;5;0;0.0;0.0;0;0;0.0;50.0;available
2026-09-06T14:55:52.191865+02:00;Circati;D;Parma;1;0.0;18;6;0;0.0;0.0;0;0;0.0;50.0;available
2026-09-06T14:55:52.191865+02:00;Djimsiti;D;Atalanta;1;0.0;16;7;0;0.0;0.0;0;0;0.0;50.0;available
2026-09-06T14:55:52.191865+02:00;Norton-Cuffy;D;Genoa;1;0.0;15;8;2;6.0;6.0;0;0;0.0;50.0;available
2026-09-06T14:55:52.191865+02:00;El Aynaoui;C;Roma;1;0.0;13;4;0;0.0;0.0;0;0;0.0;50.0;available
2026-09-06T14:55:52.191865+02:00;Ahanor;D;Atalanta;1;0.0;13;6;0;0.0;0.0;0;0;0.0;50.0;available
2026-09-06T14:55:52.191865+02:00;Sorensen O.;C;Parma;1;0.0;12;3;0;0.0;0.0;0;0;0.0;50.0;available
2026-09-06T14:55:52.191865+02:00;Pedersen;D;Torino;1;0.0;12;5;1;6.0;6.0;0;0;0.0;50.0;available
2026-09-06T14:55:52.191865+02:00;Angelino;D;Roma;1;0.0;12;3;0;0.0;0.0;0;0;0.0;50.0;available
2026-09-06T14:55:52.191865+02:00;Koutsoupias;C;Frosinone;1;0.0;11;4;0;0.0;0.0;0;0;0.0;50.0;available
2026-09-06T14:55:52.191865+02:00;Delli Carri;D;Monza;1;0.0;11;4;1;6.0;6.0;0;0;0.0;50.0;available
2026-09-06T14:55:52.191865+02:00;Gimenez;A;Milan;1;0.0;10;6;0;0.0;0.0;0;0;0.0;50.0;available
2026-09-06T14:55:52.191865+02:00;Dallinga;A;Bologna;1;0.0;10;8;0;0.0;0.0;0;0;0.0;50.0;available
2026-09-06T14:55:52.191865+02:00;Fofana Y.;C;Milan;1;0.0;10;4;0;0.0;0.0;0;0;0.0;50.0;available
2026-09-06T14:55:52.191865+02:00;Di Gregorio;P;Juventus;1;0.0;10;9;0;0.0;0.0;0;0;0.0;50.0;available
2026-09-06T14:55:52.191865+02:00;Borrelli;A;Cagliari;1;0.0;9;4;1;6.0;6.0;0;0;0.0;50.0;available
2026-09-06T14:55:52.191865+02:00;Cuenca A.;D;Como;1;0.0;8;1;0;0.0;0.0;0;0;0.0;50.0;available
2026-09-06T14:55:52.191865+02:00;Athekame;D;Milan;1;0.0;8;3;0;0.0;0.0;0;0;0.0;50.0;available
2026-09-06T14:55:52.191865+02:00;Martin;D;Genoa;1;0.0;8;4;0;0.0;0.0;0;0;0.0;50.0;available
2026-09-06T14:55:52.191865+02:00;Mutandwa;A;Cagliari;1;0.0;7;6;0;0.0;0.0;0;0;0.0;50.0;available
2026-09-06T14:55:52.191865+02:00;Prati;C;Cagliari;1;0.0;7;4;0;0.0;0.0;0;0;0.0;50.0;available
2026-09-06T14:55:52.191865+02:00;Miretti;C;Juventus;1;0.0;7;3;0;0.0;0.0;0;0;0.0;50.0;available
2026-09-06T14:55:52.191865+02:00;Kuhn;A;Como;1;0.0;5;3;0;0.0;0.0;0;0;0.0;50.0;available
2026-09-06T14:55:52.191865+02:00;Petagna;A;Monza;1;0.0;5;2;0;0.0;0.0;0;0;0.0;50.0;available
2026-09-06T14:55:52.191865+02:00;Perin;P;Juventus;1;0.0;5;6;0;0.0;0.0;0;0;0.0;50.0;available
2026-09-06T14:55:52.191865+02:00;Buksa;A;Udinese;1;0.0;4;2;0;0.0;0.0;0;0;0.0;50.0;available
2026-09-06T14:55:52.191865+02:00;Vaz;A;Roma;1;0.0;4;1;0;0.0;0.0;0;0;0.0;50.0;available
2026-09-06T14:55:52.191865+02:00;Anjorin;C;Torino;1;0.0;4;1;0;0.0;0.0;0;0;0.0;50.0;available
2026-09-06T14:55:52.191865+02:00;Camara A.;C;Udinese;1;0.0;3;1;0;0.0;0.0;0;0;0.0;50.0;available
2026-09-06T14:55:52.191865+02:00;Bjarkason;C;Venezia;1;0.0;3;1;0;0.0;0.0;0;0;0.0;50.0;available
2026-09-06T14:55:52.191865+02:00;Mlacic;D;Udinese;1;0.0;3;1;0;0.0;0.0;0;0;0.0;50.0;available
2026-09-06T14:55:52.191865+02:00;Oyono J.;D;Frosinone;1;0.0;2;1;0;0.0;0.0;0;0;0.0;50.0;available
2026-09-06T14:55:52.191865+02:00;Vogliacco;D;Genoa;1;0.0;2;1;0;0.0;0.0;0;0;0.0;50.0;available
2026-09-06T14:55:52.191865+02:00;Matturro;D;Genoa;1;0.0;2;1;0;0.0;0.0;0;0;0.0;50.0;available
2026-09-06T14:55:52.191865+02:00;Missori;D;Sassuolo;1;0.0;2;1;0;0.0;0.0;0;0;0.0;50.0;available
2026-09-06T14:55:52.191865+02:00;Albarracin;A;Cagliari;1;0.0;1;1;0;0.0;0.0;0;0;0.0;50.0;available
2026-09-06T14:55:52.191865+02:00;Moro L.;A;Sassuolo;1;0.0;1;1;0;0.0;0.0;0;0;0.0;50.0;available
2026-09-06T14:55:52.191865+02:00;Azon;A;Como;1;0.0;1;1;0;0.0;0.0;0;0;0.0;50.0;available
2026-09-06T14:55:52.191865+02:00;Iannoni;C;Sassuolo;1;0.0;1;1;0;0.0;0.0;0;0;0.0;50.0;available
2026-09-06T14:55:52.191865+02:00;Corrado;D;Frosinone;1;0.0;1;1;0;0.0;0.0;0;0;0.0;50.0;available
2026-09-06T14:55:52.191865+02:00;Gelli J.;D;Frosinone;1;0.0;1;1;0;0.0;0.0;0;0;0.0;50.0;available
2026-09-06T14:55:52.191865+02:00;Macchioni;D;Sassuolo;1;0.0;1;1;0;0.0;0.0;0;0;0.0;50.0;available
2026-09-06T14:55:52.191865+02:00;Raterink;D;Cagliari;1;0.0;1;1;0;0.0;0.0;0;0;0.0;50.0;available
2026-09-06T14:55:52.191865+02:00;Perez M.;D;Lecce;1;0.0;1;1;0;0.0;0.0;0;0;0.0;50.0;available
2026-09-06T14:55:52.191865+02:00;Vismara;P;Atalanta;1;0.0;1;1;0;0.0;0.0;0;0;0.0;50.0;available
2026-09-06T14:55:52.191865+02:00;Pizzignacco;P;Monza;1;0.0;1;1;1;4.5;0.5;0;0;0.0;50.0;available
2026-09-06T14:55:52.191865+02:00;Samooja;P;Lecce;1;0.0;1;1;0;0.0;0.0;0;0;0.0;50.0;available
2026-09-06T14:55:52.191865+02:00;Paleari;P;Torino;1;0.0;1;1;0;0.0;0.0;0;0;0.0;50.0;available
2026-09-06T14:55:52.191865+02:00;Ciocci;P;Cagliari;1;0.0;1;1;0;0.0;0.0;0;0;0.0;50.0;available
2026-09-06T14:55:52.191865+02:00;Fruchtl;P;Lecce;1;0.0;1;1;0;0.0;0.0;0;0;0.0;50.0;available
2026-09-06T14:55:52.191865+02:00;Rossi F.;P;Atalanta;1;0.0;1;1;0;0.0;0.0;0;0;0.0;50.0;available
2026-09-06T19:02:46.620980+02:00;Vergara;C;Napoli;0;92.0;35;10;2;6.5;8.25;1;1;100.0;50.0;available
2026-09-06T19:02:46.620980+02:00;Romero D.;A;Parma;0;90.3;37;10;1;6.5;6.5;0;0;100.0;50.0;available
2026-09-06T19:02:46.620980+02:00;Cristante;C;Roma;0;89.7;29;9;3;6.5;6.5;0;0;100.0;50.0;available
2026-09-06T19:02:46.620980+02:00;Osmajic;A;Genoa;0;88.8;28;8;2;6.0;7.5;1;0;100.0;50.0;available
2026-09-06T19:02:46.620980+02:00;Locatelli;C;Juventus;0;87.9;33;9;2;6.5;6.75;0;1;90.0;50.0;available
2026-09-06T19:02:46.620980+02:00;De Winter;D;Milan;0;87.3;20;5;2;6.5;6.5;0;0;90.0;50.0;available
2026-09-06T19:02:46.620980+02:00;Comuzzo;D;Torino;0;85.9;13;8;3;6.17;7.17;1;0;100.0;50.0;available
2026-09-06T19:02:46.620980+02:00;Romano;C;Cagliari;0;85.7;21;7;2;7.0;8.5;1;0;90.0;50.0;available
2026-09-06T19:02:46.620980+02:00;Ferguson;C;Bologna;0;84.9;23;7;2;6.25;6.25;0;0;100.0;51.5;available
2026-09-06T19:02:46.620980+02:00;Njie;C;Fiorentina;0;84.7;28;4;2;6.25;6.25;0;0;100.0;50.0;available
2026-09-06T19:02:46.620980+02:00;Chukwueze;C;Milan;0;84.1;22;8;2;6.75;7.25;0;1;85.0;50.0;available
2026-09-06T19:02:46.620980+02:00;Doekhi;D;Lazio;0;83.6;16;8;2;6.25;6.25;0;0;80.0;50.0;available
2026-09-06T19:02:46.620980+02:00;Leysen F.;D;Sassuolo;0;82.2;12;6;2;6.25;6.75;0;1;100.0;54.5;available
2026-09-06T19:02:46.620980+02:00;Rodriguez Ju.;D;Cagliari;0;81.3;14;4;2;6.25;6.25;0;0;90.0;50.0;available
2026-09-06T19:02:46.620980+02:00;Tourè E.;A;Parma;0;81.2;37;10;2;5.5;5.5;0;0;100.0;50.0;available
2026-09-06T19:02:46.620980+02:00;Obert;D;Cagliari;0;81.1;15;7;2;6.0;6.0;0;0;90.0;50.0;available
2026-09-06T19:02:46.620980+02:00;Fitz-Jim;C;Torino;0;81.0;18;5;3;6.17;6.17;0;0;100.0;50.0;available
2026-09-06T19:02:46.620980+02:00;Fortini;D;Torino;0;80.4;12;6;3;6.17;6.17;0;0;100.0;50.0;available
2026-09-06T19:02:46.620980+02:00;Holm;D;Bologna;0;80.0;13;6;2;6.0;6.0;0;0;100.0;56.0;available
2026-09-06T19:02:46.620980+02:00;Comert;D;Torino;0;79.8;12;4;2;6.0;6.5;0;1;100.0;50.0;available
2026-09-06T19:02:46.620980+02:00;Coulibaly L.;C;Lecce;0;79.7;17;7;2;6.0;6.5;0;1;90.0;50.0;available
2026-09-06T19:02:46.620980+02:00;Cissè A.;C;Milan;0;79.3;24;5;2;6.5;8.0;1;0;60.0;50.0;available
2026-09-06T19:02:46.620980+02:00;Calvani;D;Frosinone;0;78.5;13;5;2;6.5;6.0;0;0;100.0;50.0;available
2026-09-06T19:02:46.620980+02:00;Maldini;A;Cagliari;0;78.3;21;5;2;5.75;5.75;0;0;90.0;50.0;available
2026-09-06T19:02:46.620980+02:00;Bartesaghi;D;Milan;0;78.0;22;8;2;6.0;6.0;0;0;60.0;50.0;available
2026-09-06T19:02:46.620980+02:00;Karlstrom;C;Udinese;0;77.9;20;7;2;6.0;6.0;0;0;90.0;50.0;available
2026-09-06T19:02:46.620980+02:00;Baldanzi;C;Genoa;0;77.5;28;11;3;5.83;5.83;0;0;100.0;50.0;available
2026-09-06T19:02:46.620980+02:00;Pisilli;C;Roma;0;77.0;19;7;2;6.25;7.75;1;0;60.0;50.0;available
2026-09-06T19:02:46.620980+02:00;Coco;D;Torino;0;76.3;14;7;3;5.67;5.67;0;0;100.0;50.0;available
2026-09-06T19:02:46.620980+02:00;Busio;C;Venezia;0;75.8;14;5;2;6.25;6.25;0;1;100.0;56.0;available
2026-09-06T19:02:46.620980+02:00;Provstgaard;D;Lazio;0;75.7;13;4;2;6.25;6.0;0;0;90.0;50.0;available
2026-09-06T19:02:46.620980+02:00;Folorunsho;C;Monza;0;75.2;17;4;1;6.0;6.0;0;0;100.0;50.0;available
2026-09-06T19:02:46.620980+02:00;Adopo;C;Cagliari;0;74.7;13;7;2;6.0;6.5;0;1;90.0;50.0;available
2026-09-06T19:02:46.620980+02:00;Oyono A.;D;Frosinone;0;74.6;10;6;2;6.25;6.25;0;1;100.0;56.0;available
2026-09-06T19:02:46.620980+02:00;Schmid;C;Frosinone;0;74.3;25;8;2;5.75;5.5;0;0;100.0;50.0;available
2026-09-06T19:02:46.620980+02:00;Veiga D.;D;Lecce;0;73.8;12;6;2;5.75;6.0;0;1;90.0;50.0;available
2026-09-06T19:02:46.620980+02:00;Pedraza;D;Lazio;0;73.1;14;6;2;6.0;6.0;0;0;60.0;50.0;available
2026-09-06T19:02:46.620980+02:00;Koopmeiners;C;Juventus;0;73.0;15;7;1;7.0;10.0;1;0;60.0;50.0;available
2026-09-06T19:02:46.620980+02:00;Musah;C;Milan;0;72.9;15;3;2;6.25;6.25;0;0;90.0;50.0;available
2026-09-06T19:02:46.620980+02:00;Colpani;C;Monza;0;72.9;15;9;2;5.75;7.25;1;0;60.0;50.0;available
2026-09-06T19:02:46.620980+02:00;Gnonto;A;Fiorentina;0;72.8;25;7;1;5.5;5.5;0;0;55.0;50.0;available
2026-09-06T19:02:46.620980+02:00;Akinsanmiro;C;Monza;0;72.2;11;7;1;6.5;7.5;0;1;100.0;50.0;available
2026-09-06T19:02:46.620980+02:00;Elmas;C;Atalanta;0;72.2;22;7;2;5.5;5.5;0;0;100.0;50.0;available
2026-09-06T19:02:46.620980+02:00;Ismajli;D;Torino;0;72.1;13;7;3;6.17;6.17;0;0;40.0;50.0;available
2026-09-06T19:02:46.620980+02:00;Lulli;D;Roma;0;72.0;10;2;3;6.33;6.33;0;0;100.0;50.0;available
2026-09-06T19:02:46.620980+02:00;Frendrup;C;Genoa;0;72.0;19;7;3;5.83;5.83;0;0;100.0;50.0;available
2026-09-06T19:02:46.620980+02:00;Pierotti;C;Lecce;0;71.8;19;6;2;5.75;5.75;0;0;90.0;50.0;available
2026-09-06T19:02:46.620980+02:00;Fatah;A;Lecce;0;71.7;14;4;1;6.0;6.0;0;0;55.0;50.0;available
2026-09-06T19:02:46.620980+02:00;Hainaut;D;Venezia;0;71.6;12;4;2;5.75;5.75;0;1;100.0;56.0;available
2026-09-06T19:02:46.620980+02:00;Mendy P.;A;Cagliari;0;71.6;12;4;2;5.75;5.75;0;0;90.0;50.0;available
2026-09-06T19:02:46.620980+02:00;Obrador;D;Sassuolo;0;71.1;13;6;1;6.0;6.0;0;0;60.0;50.0;available
2026-09-06T19:02:46.620980+02:00;Birindelli;D;Monza;0;70.7;12;4;2;5.75;5.75;0;0;100.0;50.0;available
2026-09-06T19:02:46.620980+02:00;Marusic;D;Lazio;0;70.6;20;6;1;6.0;6.0;0;0;30.0;50.0;available
2026-09-06T19:02:46.620980+02:00;Doig;D;Sassuolo;0;70.5;10;5;2;6.0;6.0;0;0;100.0;56.0;available
2026-09-06T19:02:46.620980+02:00;Braganca;C;Torino;0;70.3;20;6;1;6.0;6.0;0;0;55.0;50.0;available
2026-09-06T19:02:46.620980+02:00;Oulai;C;Fiorentina;0;70.2;18;6;3;5.67;5.67;0;0;100.0;50.0;available
2026-09-06T19:02:46.620980+02:00;Zalewski;C;Atalanta;0;70.2;18;7;3;5.83;6.17;0;1;40.0;50.0;available
2026-09-06T19:02:46.620980+02:00;Pobega;C;Bologna;0;70.1;12;6;1;6.0;6.0;0;0;100.0;56.8;available
2026-09-06T19:02:46.620980+02:00;Kempf;D;Como;0;69.9;13;5;1;6.5;6.5;0;0;40.0;50.0;available
2026-09-06T19:02:46.620980+02:00;Neres;A;Napoli;0;69.9;20;6;1;5.5;5.5;0;0;50.0;50.0;available
2026-09-06T19:02:46.620980+02:00;Matic;C;Sassuolo;0;69.7;15;6;2;6.0;5.75;0;0;100.0;51.5;available
2026-09-06T19:02:46.620980+02:00;Zè Pedro;D;Cagliari;0;69.7;13;5;2;5.75;5.5;0;0;90.0;50.0;available
2026-09-06T19:02:46.620980+02:00;Haps;D;Venezia;0;69.6;10;5;2;6.25;6.0;0;0;100.0;50.0;available
2026-09-06T19:02:46.620980+02:00;Unai Gomez;C;Udinese;0;69.6;16;7;1;5.5;5.5;0;0;90.0;50.0;available
2026-09-06T19:02:46.620980+02:00;Kossounou;D;Atalanta;0;69.2;12;4;3;5.67;5.67;0;0;100.0;50.0;available
2026-09-06T19:02:46.620980+02:00;Odgaard;C;Bologna;0;69.2;17;8;2;5.75;5.5;0;0;100.0;53.0;available
2026-09-06T19:02:46.620980+02:00;Lucca;A;Napoli;0;69.2;12;4;2;6.0;6.0;0;0;60.0;50.0;available
2026-09-06T19:02:46.620980+02:00;Viery;D;Fiorentina;0;69.1;12;6;2;5.5;5.5;0;0;100.0;50.0;available
2026-09-06T19:02:46.620980+02:00;Gabbia;D;Milan;0;69.1;15;7;1;6.0;6.0;0;0;30.0;50.0;available
2026-09-06T19:02:46.620980+02:00;Britschgi;D;Parma;0;68.0;10;3;1;6.0;6.0;0;0;100.0;50.0;available
2026-09-06T19:02:46.620980+02:00;Gallo;D;Lecce;0;68.0;12;6;1;5.5;5.5;0;0;80.0;50.0;available
2026-09-06T19:02:46.620980+02:00;Estupinan;D;Milan;0;67.8;13;3;1;6.0;6.0;0;0;55.0;50.0;available
2026-09-06T19:02:46.620980+02:00;Winks;C;Cagliari;0;67.5;15;6;2;5.75;5.75;0;0;90.0;50.0;available
2026-09-06T19:02:46.620980+02:00;Kelly L.;D;Juventus;0;67.2;12;5;2;6.0;6.0;0;0;60.0;50.0;available
2026-09-06T19:02:46.620980+02:00;Floriani Mussolini;D;Lazio;0;66.9;10;4;2;6.25;6.0;0;0;90.0;50.0;available
2026-09-06T19:02:46.620980+02:00;Lontani;A;Parma;0;66.7;11;3;2;6.0;6.0;1;0;60.0;60.0;available
2026-09-06T19:02:46.620980+02:00;Kevin Carlos;A;Cagliari;0;66.2;36;12;1;5.5;5.0;0;0;30.0;50.0;available
2026-09-06T19:02:46.620980+02:00;Bakola;C;Sassuolo;0;66.0;14;6;2;6.25;6.25;0;0;55.0;47.0;available
2026-09-06T19:02:46.620980+02:00;Fini;C;Frosinone;0;65.7;13;4;2;5.75;5.75;0;0;100.0;50.0;available
2026-09-06T19:02:46.620980+02:00;N'Dri;A;Lecce;0;65.6;12;4;2;5.75;5.75;0;0;60.0;50.0;available
2026-09-06T19:02:46.620980+02:00;Cancellieri;C;Lazio;0;65.5;25;9;2;5.75;5.5;0;0;55.0;50.0;available
2026-09-06T19:02:46.620980+02:00;Alhassane;D;Bologna;0;65.3;6;2;1;6.5;6.5;0;0;100.0;59.8;available
2026-09-06T19:02:46.620980+02:00;Douglas Luiz;C;Juventus;0;65.2;15;4;2;5.75;5.75;0;0;85.0;50.0;available
2026-09-06T19:02:46.620980+02:00;Rovella;C;Lazio;0;65.1;16;7;2;6.25;6.25;0;0;30.0;50.0;available
2026-09-06T19:02:46.620980+02:00;Keita M.;C;Parma;0;64.6;15;5;2;5.5;5.5;0;0;100.0;50.0;available
2026-09-06T19:02:46.620980+02:00;Masini;C;Frosinone;0;64.3;8;3;2;6.25;6.25;0;1;100.0;56.0;available
2026-09-06T19:02:46.620980+02:00;Lang;A;Napoli;0;64.2;14;4;2;5.5;5.5;0;0;55.0;50.0;available
2026-09-06T19:02:46.620980+02:00;Rrahmani Al.;A;Venezia;0;64.1;13;7;0;0.0;0.0;0;0;100.0;50.0;available
2026-09-06T19:02:46.620980+02:00;Stankovic F.;P;Venezia;0;63.5;11;6;2;6.0;4.0;0;0;100.0;50.0;available
2026-09-06T19:02:46.620980+02:00;Badiashile;D;Napoli;0;63.4;18;7;1;5.0;5.0;0;0;30.0;50.0;available
2026-09-06T19:02:46.620980+02:00;Patterson;D;Torino;0;63.2;12;5;1;6.0;6.0;0;0;40.0;50.0;available
2026-09-06T19:02:46.620980+02:00;Abankwah;D;Udinese;0;63.1;10;2;2;6.25;6.0;0;0;80.0;50.0;available
2026-09-06T19:02:46.620980+02:00;Dodò;D;Fiorentina;0;62.7;20;9;1;5.0;5.0;0;0;20.0;50.0;available
2026-09-06T19:02:46.620980+02:00;Ordonez C.;C;Parma;0;62.5;10;3;2;6.0;6.0;0;0;100.0;50.0;available
2026-09-06T19:02:46.620980+02:00;Caqueret;C;Como;0;62.5;17;6;2;6.0;6.0;0;0;30.0;50.0;available
2026-09-06T19:02:46.620980+02:00;Zhegrova;C;Juventus;0;62.0;17;6;1;5.5;5.5;0;0;50.0;50.0;available
2026-09-06T19:02:46.620980+02:00;Jashari;C;Milan;0;61.9;13;5;2;6.0;6.0;0;0;55.0;50.0;available
2026-09-06T19:02:46.620980+02:00;Helland;D;Bologna;0;61.6;12;3;2;6.0;6.0;0;0;40.0;50.0;available
2026-09-06T19:02:46.620980+02:00;Dragusin;D;Fiorentina;0;61.5;20;7;3;4.5;4.67;0;1;100.0;50.0;available
2026-09-06T19:02:46.620980+02:00;Basic;C;Venezia;0;61.5;19;6;2;5.5;5.5;0;0;60.0;50.0;available
2026-09-06T19:02:46.620980+02:00;Sohm;C;Venezia;0;61.4;11;5;1;5.5;5.5;0;0;100.0;50.0;available
2026-09-06T19:02:46.620980+02:00;Heggem;D;Bologna;0;61.4;15;6;2;5.5;5.25;0;0;100.0;51.5;available
2026-09-06T19:02:46.620980+02:00;Zerbin;C;Frosinone;0;61.1;12;6;2;6.0;6.0;0;0;60.0;50.0;available
2026-09-06T19:02:46.620980+02:00;Ghilardi;D;Roma;0;61.1;10;5;2;6.25;6.25;0;0;40.0;50.0;available
2026-09-06T19:02:46.620980+02:00;Casadei;C;Torino;0;61.1;27;9;1;5.0;5.0;0;0;30.0;50.0;available
2026-09-06T19:02:46.620980+02:00;Palma;D;Udinese;0;60.7;11;3;1;6.5;6.5;0;0;30.0;50.0;available
2026-09-06T19:02:46.620980+02:00;Sutalo J.;D;Lazio;0;60.2;19;7;0;0.0;0.0;0;0;50.0;50.0;available
2026-09-06T19:02:46.620980+02:00;Bertola;D;Udinese;0;59.9;10;4;1;6.0;6.0;0;0;55.0;50.0;available
2026-09-06T19:02:46.620980+02:00;Miller L.;C;Udinese;0;59.8;12;4;2;6.0;6.0;0;0;60.0;50.0;available
2026-09-06T19:02:46.620980+02:00;Thuram K.;C;Juventus;0;59.8;25;9;0;0.0;0.0;0;0;60.0;50.0;available
2026-09-06T19:02:46.620980+02:00;Thiam;P;Monza;0;59.6;5;4;1;4.5;1.5;0;0;100.0;50.0;available
2026-09-06T19:02:46.620980+02:00;Carboni A.;D;Monza;0;58.4;9;3;2;5.5;5.5;0;0;100.0;50.0;available
2026-09-06T19:02:46.620980+02:00;Fadera;C;Cagliari;0;58.4;12;2;1;6.0;6.0;0;0;60.0;50.0;available
2026-09-06T19:02:46.620980+02:00;Sugawara;D;Cagliari;0;58.4;15;6;0;0.0;0.0;0;0;50.0;50.0;available
2026-09-06T19:02:46.620980+02:00;Kristensen T.;D;Atalanta;0;58.4;20;6;0;0.0;0.0;0;0;40.0;50.0;available
2026-09-06T19:02:46.620980+02:00;Marcandalli;D;Genoa;0;58.3;14;6;3;5.17;5.17;0;0;100.0;50.0;available
2026-09-06T19:02:46.620980+02:00;Siebert;D;Lecce;0;57.8;12;4;2;5.5;5.5;0;0;50.0;50.0;available
2026-09-06T19:02:46.620980+02:00;Daffara;P;Parma;0;57.6;7;6;0;0.0;0.0;0;0;5.0;50.0;available
2026-09-06T19:02:46.620980+02:00;Kouadio;D;Monza;0;57.5;14;3;2;5.5;5.25;0;0;100.0;50.0;available
2026-09-06T19:02:46.620980+02:00;Troilo;D;Parma;0;57.5;14;3;2;5.5;5.25;0;0;100.0;50.0;available
2026-09-06T19:02:46.620980+02:00;Fazzini;C;Cagliari;0;57.4;23;6;2;5.5;5.25;0;0;90.0;50.0;available
2026-09-06T19:02:46.620980+02:00;Fagioli;C;Fiorentina;0;57.2;20;7;3;5.33;5.17;0;0;100.0;50.0;available
2026-09-06T19:02:46.620980+02:00;Monteiro J.;C;Lecce;0;57.1;23;7;0;0.0;0.0;0;0;55.0;50.0;available
2026-09-06T19:02:46.620980+02:00;Bella-Kotchap;D;Venezia;0;56.0;13;5;2;5.0;5.0;0;0;100.0;50.0;available
2026-09-06T19:02:46.620980+02:00;Smolcic I.;D;Como;0;56.0;10;4;1;5.5;5.5;0;0;55.0;50.0;available
2026-09-06T19:02:46.620980+02:00;Tornqvist;P;Monza;0;55.8;10;1;0;0.0;0.0;0;0;5.0;50.0;available
2026-09-06T19:02:46.620980+02:00;Cichella;C;Frosinone;0;55.4;12;4;1;5.5;5.5;0;0;60.0;50.0;available
2026-09-06T19:02:46.620980+02:00;Caleta-Car;D;Sassuolo;0;55.4;15;6;0;0.0;0.0;0;0;35.0;50.0;available
2026-09-06T19:02:46.620980+02:00;Ricci S.;C;Como;0;54.8;12;4;1;6.0;6.0;0;0;35.0;50.0;available
2026-09-06T19:02:46.620980+02:00;Cinquegrano;D;Sassuolo;0;54.6;4;2;2;5.75;5.75;0;0;100.0;60.5;available
2026-09-06T19:02:46.620980+02:00;Odenthal;D;Sassuolo;0;54.6;8;3;1;6.5;9.5;1;0;25.0;50.0;available
2026-09-06T19:02:46.620980+02:00;Luis Henrique;C;Inter;0;54.6;12;5;2;6.0;6.0;0;0;30.0;50.0;available
2026-09-06T19:02:46.620980+02:00;Buongiorno;D;Napoli;0;54.4;15;6;0;0.0;0.0;0;0;30.0;50.0;available
2026-09-06T19:02:46.620980+02:00;Ndiaye;D;Parma;0;53.9;8;2;1;6.0;6.0;0;0;55.0;50.0;available
2026-09-06T19:02:46.620980+02:00;Kulenovic;A;Torino;0;53.5;9;4;1;5.5;5.5;0;0;35.0;50.0;available
2026-09-06T19:02:46.620980+02:00;Messias;C;Genoa;0;53.2;8;4;3;6.0;6.0;0;0;60.0;50.0;available
2026-09-06T19:02:46.620980+02:00;El Shaarawy;C;Genoa;0;53.2;25;7;0;0.0;0.0;0;0;30.0;50.0;available
2026-09-06T19:02:46.620980+02:00;Sow;C;Genoa;0;53.0;15;7;3;5.67;5.5;0;0;100.0;50.0;available
2026-09-06T19:02:46.620980+02:00;Forson O.;C;Monza;0;52.4;1;2;1;6.0;6.0;0;0;100.0;50.0;available
2026-09-06T19:02:46.620980+02:00;Meichtry;C;Genoa;0;52.4;11;5;2;5.75;5.75;0;0;55.0;50.0;available
2026-09-06T19:02:46.620980+02:00;Kofler;D;Cagliari;0;52.4;8;5;1;6.0;6.0;0;0;35.0;50.0;available
2026-09-06T19:02:46.620980+02:00;Dele-Bashiru;C;Lazio;0;52.4;13;5;1;5.5;5.5;0;0;30.0;50.0;available
2026-09-06T19:02:46.620980+02:00;Joao Mario;D;Fiorentina;0;52.2;12;3;2;5.25;5.25;0;0;100.0;50.0;available
2026-09-06T19:02:46.620980+02:00;Sabelli;D;Genoa;0;52.2;5;2;1;5.0;5.0;0;0;100.0;50.0;available
2026-09-06T19:02:46.620980+02:00;Gaspar K.;D;Lecce;0;51.9;12;5;2;5.5;5.25;0;0;90.0;50.0;available
2026-09-06T19:02:46.620980+02:00;Almqvist;C;Parma;0;51.7;11;4;1;5.5;5.5;0;0;55.0;50.0;available
2026-09-06T19:02:46.620980+02:00;Belahyane;C;Lazio;0;51.5;3;2;1;6.0;6.0;0;0;85.0;50.0;available
2026-09-06T19:02:46.620980+02:00;Dominguez B.;C;Sassuolo;0;51.4;12;4;2;5.75;5.75;0;0;40.0;50.0;available
2026-09-06T19:02:46.620980+02:00;Mota;A;Monza;0;51.1;8;4;0;0.0;0.0;0;0;100.0;50.0;available
2026-09-06T19:02:46.620980+02:00;Pellegrini Lo.;C;Roma;0;51.1;20;9;0;0.0;0.0;0;0;30.0;50.0;available
2026-09-06T19:02:46.620980+02:00;Konè I.;C;Sassuolo;0;50.9;20;8;0;0.0;0.0;0;0;30.0;50.0;available
2026-09-06T19:02:46.620980+02:00;Birligea;A;Frosinone;0;50.6;11;5;0;0.0;0.0;0;0;60.0;50.0;available
2026-09-06T19:02:46.620980+02:00;Amondarain;C;Bologna;0;50.5;10;5;1;5.5;5.5;0;0;55.0;50.0;available
2026-09-06T19:02:46.620980+02:00;Gueye;A;Udinese;0;50.2;7;4;2;5.5;5.5;0;0;60.0;50.0;available
2026-09-06T19:02:46.620980+02:00;Ehizibue;D;Genoa;0;50.0;10;4;1;5.5;5.5;0;0;25.0;50.0;available
2026-09-06T19:02:46.620980+02:00;Deiola;C;Cagliari;0;49.6;8;3;2;5.75;5.5;0;0;90.0;50.0;available
2026-09-06T19:02:46.620980+02:00;Gilmour;C;Napoli;0;49.5;10;3;1;6.0;6.0;0;0;35.0;50.0;available
2026-09-06T19:02:46.620980+02:00;Mout;C;Monza;0;49.1;12;1;1;5.0;5.0;0;0;60.0;50.0;available
2026-09-06T19:02:46.620980+02:00;Olivera;D;Napoli;0;49.1;13;5;1;4.5;4.5;0;0;60.0;50.0;available
2026-09-06T19:02:46.620980+02:00;Ilic;C;Lecce;0;48.8;10;1;1;6.0;5.5;0;0;60.0;50.0;available
2026-09-06T19:02:46.620980+02:00;Diallo O.;C;Parma;0;48.6;12;3;1;5.5;5.5;0;0;30.0;50.0;available
2026-09-06T19:02:46.620980+02:00;Lucchesi;D;Monza;0;48.0;11;3;2;5.25;4.75;0;0;100.0;50.0;available
2026-09-06T19:02:46.620980+02:00;Robinson J.;A;Monza;0;47.9;5;4;0;0.0;0.0;1;0;100.0;60.0;available
2026-09-06T19:02:46.620980+02:00;Stulic;A;Lecce;0;47.9;11;6;2;5.25;5.25;0;0;90.0;50.0;available
2026-09-06T19:02:46.620980+02:00;Moro N.;C;Bologna;0;47.6;14;4;0;0.0;0.0;0;0;60.0;50.0;available
2026-09-06T19:02:46.620980+02:00;Vitinha O.;A;Genoa;0;47.3;13;8;3;5.5;5.5;0;0;60.0;50.0;available
2026-09-06T19:02:46.620980+02:00;Elphege;A;Parma;0;47.2;11;3;0;0.0;0.0;0;0;55.0;50.0;available
2026-09-06T19:02:46.620980+02:00;Rodriguez R.;D;Torino;0;47.1;12;5;0;0.0;0.0;0;0;30.0;50.0;available
2026-09-06T19:02:46.620980+02:00;Gineitis;C;Torino;0;47.0;12;5;3;5.33;5.5;0;1;100.0;50.0;available
2026-09-06T19:02:46.620980+02:00;Mitaj;D;Genoa;0;46.7;10;4;0;0.0;0.0;0;0;60.0;50.0;available
2026-09-06T19:02:46.620980+02:00;Schingtienne;D;Venezia;0;46.6;10;3;2;5.5;5.25;0;0;100.0;50.0;available
2026-09-06T19:02:46.620980+02:00;Maleh;C;Lecce;0;46.6;7;3;2;5.75;5.75;0;0;60.0;50.0;available
2026-09-06T19:02:46.620980+02:00;Nicolussi Caviglia;C;Parma;0;46.0;16;6;0;0.0;0.0;0;0;30.0;50.0;available
2026-09-06T19:02:46.620980+02:00;Hien;D;Atalanta;0;45.8;11;7;0;0.0;0.0;0;0;30.0;50.0;available
2026-09-06T19:02:46.620980+02:00;Fabbian;C;Parma;0;45.7;8;4;0;0.0;0.0;0;0;100.0;50.0;available
2026-09-06T19:02:46.620980+02:00;Van Der Brempt;D;Sassuolo;0;45.5;11;2;0;0.0;0.0;0;0;50.0;45.5;available
2026-09-06T19:02:46.620980+02:00;Zarraga;C;Udinese;0;45.4;4;2;1;6.0;6.0;0;0;50.0;50.0;available
2026-09-06T19:02:46.620980+02:00;Lolic;P;Frosinone;0;45.0;1;1;0;0.0;0.0;0;0;30.0;50.0;available
2026-09-06T19:02:46.620980+02:00;Russo A.;P;Sassuolo;0;45.0;1;1;0;0.0;0.0;0;0;30.0;50.0;available
2026-09-06T19:02:46.620980+02:00;Valenti;D;Parma;0;44.7;10;4;0;0.0;0.0;0;0;50.0;50.0;available
2026-09-06T19:02:46.620980+02:00;Ilkhan;C;Torino;0;44.7;8;4;1;5.5;5.5;0;0;40.0;50.0;available
2026-09-06T19:02:46.620980+02:00;Noslin;A;Lazio;0;44.6;8;6;0;0.0;0.0;0;0;60.0;50.0;available
2026-09-06T19:02:46.620980+02:00;Oristanio;C;Torino;0;44.6;12;6;0;0.0;0.0;0;0;55.0;50.0;available
2026-09-06T19:02:46.620980+02:00;Halhal;D;Venezia;0;44.6;10;3;1;5.0;3.0;0;0;100.0;50.0;available
2026-09-06T19:02:46.620980+02:00;Loftus-Cheek;C;Milan;0;44.6;16;4;2;5.5;5.25;0;0;60.0;50.0;available
2026-09-06T19:02:46.620980+02:00;Felici;C;Cagliari;0;44.6;7;5;1;6.0;6.0;0;0;20.0;50.0;available
2026-09-06T19:02:46.620980+02:00;Franjic;D;Venezia;0;44.2;7;3;2;5.75;5.75;0;0;30.0;50.0;available
2026-09-06T19:02:46.620980+02:00;Pongracic;D;Fiorentina;0;43.9;8;4;1;5.0;5.0;0;0;30.0;50.0;available
2026-09-06T19:02:46.620980+02:00;Massolin;C;Cagliari;0;43.4;12;4;0;0.0;0.0;0;0;55.0;50.0;available
2026-09-06T19:02:46.620980+02:00;Ebosse;D;Udinese;0;43.0;5;3;2;5.75;5.75;0;0;35.0;50.0;available
2026-09-06T19:02:46.620980+02:00;Tourè I.;C;Monza;0;42.9;14;6;0;0.0;0.0;0;0;30.0;50.0;available
2026-09-06T19:02:46.620980+02:00;Desplanches;P;Frosinone;0;42.3;1;2;0;0.0;0.0;0;0;5.0;50.0;available
2026-09-06T19:02:46.620980+02:00;Lipani;C;Sassuolo;0;42.1;5;2;0;0.0;0.0;0;0;100.0;56.8;available
2026-09-06T19:02:46.620980+02:00;Brescianini;C;Fiorentina;0;41.8;11;3;3;5.33;5.33;0;0;100.0;50.0;available
2026-09-06T19:02:46.620980+02:00;Vitik;D;Bologna;0;41.7;10;4;0;0.0;0.0;0;0;35.0;50.0;available
2026-09-06T19:02:46.620980+02:00;Gatti;D;Juventus;0;41.7;10;4;0;0.0;0.0;0;0;35.0;50.0;available
2026-09-06T19:02:46.620980+02:00;Arizala;D;Udinese;0;41.5;8;4;0;0.0;0.0;0;0;55.0;50.0;available
2026-09-06T19:02:46.620980+02:00;Nzola;A;Cagliari;0;40.7;10;4;0;0.0;0.0;0;0;30.0;50.0;available
2026-09-06T19:02:46.620980+02:00;Milik;A;Juventus;0;40.7;10;4;0;0.0;0.0;0;0;30.0;50.0;available
2026-09-06T19:02:46.620980+02:00;Zanoli;D;Udinese;0;40.7;10;4;0;0.0;0.0;0;0;30.0;50.0;available
2026-09-06T19:02:46.620980+02:00;Parisi;D;Fiorentina;0;40.7;10;4;0;0.0;0.0;0;0;30.0;50.0;available
2026-09-06T19:02:46.620980+02:00;Walukiewicz;D;Sassuolo;0;40.7;10;4;0;0.0;0.0;0;0;30.0;50.0;available
2026-09-06T19:02:46.620980+02:00;Juan Jesus;D;Venezia;0;40.7;10;4;0;0.0;0.0;0;0;30.0;50.0;available
2026-09-06T19:02:46.620980+02:00;Hasa;C;Frosinone;0;40.6;5;2;1;6.0;6.0;0;0;20.0;50.0;available
2026-09-06T19:02:46.620980+02:00;Berisha M.;C;Lecce;0;40.4;12;4;0;0.0;0.0;0;0;40.0;50.0;available
2026-09-06T19:02:46.620980+02:00;Ndaba;D;Lecce;0;40.2;5;2;2;5.5;5.5;0;0;40.0;50.0;available
2026-09-06T19:02:46.620980+02:00;Marin R.;D;Napoli;0;40.1;8;2;3;5.33;5.17;0;0;100.0;50.0;available
2026-09-06T19:02:46.620980+02:00;Mrozek;P;Udinese;0;40.0;1;1;0;0.0;0.0;0;0;5.0;50.0;available
2026-09-06T19:02:46.620980+02:00;Penev;P;Lecce;0;40.0;1;1;0;0.0;0.0;0;0;5.0;50.0;available
2026-09-06T19:02:46.620980+02:00;Motta;P;Lazio;0;40.0;1;1;0;0.0;0.0;0;0;5.0;50.0;available
2026-09-06T19:02:46.620980+02:00;Pessina Mas.;P;Bologna;0;40.0;1;1;0;0.0;0.0;0;0;5.0;50.0;available
2026-09-06T19:02:46.620980+02:00;Stolz;P;Genoa;0;40.0;1;1;0;0.0;0.0;0;0;5.0;50.0;available
2026-09-06T19:02:46.620980+02:00;Christensen O.;P;Fiorentina;0;40.0;1;1;0;0.0;0.0;0;0;5.0;50.0;available
2026-09-06T19:02:46.620980+02:00;Montipò;P;Venezia;0;40.0;1;1;0;0.0;0.0;0;0;5.0;50.0;available
2026-09-06T19:02:46.620980+02:00;Turati;P;Sassuolo;0;40.0;1;1;0;0.0;0.0;0;0;5.0;50.0;available
2026-09-06T19:02:46.620980+02:00;Terracciano;P;Milan;0;40.0;1;1;0;0.0;0.0;0;0;5.0;50.0;available
2026-09-06T19:02:46.620980+02:00;Sportiello;P;Atalanta;0;40.0;1;1;0;0.0;0.0;0;0;5.0;50.0;available
2026-09-06T19:02:46.620980+02:00;Radunovic;P;Cagliari;0;40.0;1;1;0;0.0;0.0;0;0;5.0;50.0;available
2026-09-06T19:02:46.620980+02:00;Drameh;D;Genoa;0;39.8;10;3;0;0.0;0.0;0;0;30.0;50.0;available
2026-09-06T19:02:46.620980+02:00;Ekhator;A;Juventus;0;39.5;10;3;0;0.0;0.0;0;0;30.0;50.0;available
2026-09-06T19:02:46.620980+02:00;Pessina;C;Monza;0;39.4;15;6;0;0.0;0.0;0;0;5.0;50.0;available
2026-09-06T19:02:46.620980+02:00;Otoa;D;Genoa;0;39.2;5;2;1;5.0;5.0;0;0;35.0;50.0;available
2026-09-06T19:02:46.620980+02:00;Pompei;P;Atalanta;0;39.2;1;1;0;0.0;0.0;0;0;1.0;50.0;available
2026-09-06T19:02:46.620980+02:00;Pisseri;P;Frosinone;0;39.2;1;1;0;0.0;0.0;0;0;1.0;50.0;available
2026-09-06T19:02:46.620980+02:00;Renzetti;P;Lazio;0;39.2;1;1;0;0.0;0.0;0;0;1.0;50.0;available
2026-09-06T19:02:46.620980+02:00;Happonen;P;Bologna;0;39.2;1;1;0;0.0;0.0;0;0;1.0;50.0;available
2026-09-06T19:02:46.620980+02:00;Pozzi;P;Venezia;0;39.2;1;1;0;0.0;0.0;0;0;1.0;50.0;available
2026-09-06T19:02:46.620980+02:00;Strajnar;P;Monza;0;39.2;1;1;0;0.0;0.0;0;0;1.0;50.0;available
2026-09-06T19:02:46.620980+02:00;Siviero;P;Torino;0;39.2;1;1;0;0.0;0.0;0;0;1.0;50.0;available
2026-09-06T19:02:46.620980+02:00;Torriani;P;Milan;0;39.2;1;1;0;0.0;0.0;0;0;1.0;50.0;available
2026-09-06T19:02:46.620980+02:00;Grandi;P;Venezia;0;39.2;1;1;0;0.0;0.0;0;0;1.0;50.0;available
2026-09-06T19:02:46.620980+02:00;Sherri;P;Cagliari;0;39.2;1;1;0;0.0;0.0;0;0;1.0;50.0;available
2026-09-06T19:02:46.620980+02:00;Piana;P;Udinese;0;39.2;1;1;0;0.0;0.0;0;0;1.0;50.0;available
2026-09-06T19:02:46.620980+02:00;Bleve;P;Lecce;0;39.2;1;1;0;0.0;0.0;0;0;1.0;50.0;available
2026-09-06T19:02:46.620980+02:00;Ghidotti;P;Parma;0;39.2;1;1;0;0.0;0.0;0;0;1.0;50.0;available
2026-09-06T19:02:46.620980+02:00;Contini;P;Napoli;0;39.2;1;1;0;0.0;0.0;0;0;1.0;50.0;available
2026-09-06T19:02:46.620980+02:00;Vigorito;P;Como;0;39.2;1;1;0;0.0;0.0;0;0;1.0;50.0;available
2026-09-06T19:02:46.620980+02:00;Satalino;P;Sassuolo;0;39.2;1;1;0;0.0;0.0;0;0;1.0;50.0;available
2026-09-06T19:02:46.620980+02:00;Pinsoglio;P;Juventus;0;39.2;1;1;0;0.0;0.0;0;0;1.0;50.0;available
2026-09-06T19:02:46.620980+02:00;Di Gennaro;P;Inter;0;39.2;1;1;0;0.0;0.0;0;0;1.0;50.0;available
2026-09-06T19:02:46.620980+02:00;Padelli;P;Udinese;0;39.2;1;1;0;0.0;0.0;0;0;1.0;50.0;available
2026-09-06T19:02:46.620980+02:00;Sommariva;P;Genoa;0;39.2;1;1;0;0.0;0.0;0;0;1.0;50.0;available
2026-09-06T19:02:46.620980+02:00;Lezzerini;P;Fiorentina;0;39.2;1;1;0;0.0;0.0;0;0;1.0;50.0;available
2026-09-06T19:02:46.620980+02:00;Mascardi;P;Torino;0;39.2;5;1;2;6.0;4.0;0;0;5.0;50.0;available
2026-09-06T19:02:46.620980+02:00;Bakoune;D;Monza;0;39.0;4;2;1;5.5;5.5;0;0;30.0;50.0;available
2026-09-06T19:02:46.620980+02:00;Grillitsch;C;Frosinone;0;38.8;10;4;0;0.0;0.0;0;0;55.0;50.0;available
2026-09-06T19:02:46.620980+02:00;De Roon;C;Roma;0;38.8;10;4;0;0.0;0.0;0;0;55.0;50.0;available
2026-09-06T19:02:46.620980+02:00;Sulemana K.;A;Atalanta;0;38.6;8;6;0;0.0;0.0;0;0;30.0;50.0;available
2026-09-06T19:02:46.620980+02:00;Cataldi;C;Lazio;0;38.4;12;4;0;0.0;0.0;0;0;30.0;50.0;available
2026-09-06T19:02:46.620980+02:00;Ngom;C;Lecce;0;38.3;12;4;2;5.5;5.25;0;0;60.0;50.0;available
2026-09-06T19:02:46.620980+02:00;Moreno M.;D;Venezia;0;38.0;6;4;0;0.0;0.0;0;0;50.0;50.0;available
2026-09-06T19:02:46.620980+02:00;Cremaschi;C;Parma;0;38.0;3;2;1;5.5;5.5;0;0;40.0;50.0;available
2026-09-06T19:02:46.620980+02:00;Tchato;D;Frosinone;0;37.6;8;3;0;0.0;0.0;0;0;40.0;50.0;available
2026-09-06T19:02:46.620980+02:00;Adorante;A;Venezia;0;37.1;8;4;0;0.0;0.0;0;0;30.0;50.0;available
2026-09-06T19:02:46.620980+02:00;Tomori;D;Milan;0;36.8;8;6;0;0.0;0.0;0;0;25.0;50.0;available
2026-09-06T19:02:46.620980+02:00;Traorè Hj.;C;Genoa;0;36.7;11;4;0;0.0;0.0;0;0;35.0;50.0;available
2026-09-06T19:02:46.620980+02:00;Foe Ondoa;C;Monza;0;36.0;2;2;1;5.0;5.0;0;0;55.0;50.0;available
2026-09-06T19:02:46.620980+02:00;Fernandez T.;C;Venezia;0;35.9;8;3;0;0.0;0.0;0;0;55.0;50.0;available
2026-09-06T19:02:46.620980+02:00;Gagliardini;C;Cagliari;0;35.9;8;3;0;0.0;0.0;0;0;55.0;50.0;available
2026-09-06T19:02:46.620980+02:00;Goglichidze;D;Monza;0;35.7;5;2;0;0.0;0.0;0;0;55.0;50.0;available
2026-09-06T19:02:46.620980+02:00;Amorim;C;Genoa;0;35.6;11;4;3;5.67;5.5;0;0;60.0;50.0;available
2026-09-06T19:02:46.620980+02:00;Frigan;A;Parma;0;35.6;6;4;0;0.0;0.0;0;0;40.0;50.0;available
2026-09-06T19:02:46.620980+02:00;Drobnic;D;Parma;0;35.4;1;2;1;5.5;5.5;0;0;30.0;50.0;available
2026-09-06T19:02:46.620980+02:00;Gandelman;C;Lecce;0;34.8;10;4;0;0.0;0.0;0;0;35.0;50.0;available
2026-09-06T19:02:46.620980+02:00;Giovane;A;Napoli;0;34.8;7;4;0;0.0;0.0;0;0;30.0;50.0;available
2026-09-06T19:02:46.620980+02:00;Mkhitaryan;C;Inter;0;34.6;9;4;0;0.0;0.0;0;0;40.0;50.0;available
2026-09-06T19:02:46.620980+02:00;Kambwala;D;Como;0;34.6;8;3;0;0.0;0.0;0;0;25.0;50.0;available
2026-09-06T19:02:46.620980+02:00;Ranieri L.;D;Fiorentina;0;34.6;10;3;1;4.5;4.5;0;0;40.0;50.0;available
2026-09-06T19:02:46.620980+02:00;Aboukhlal;C;Torino;0;34.4;5;3;2;5.5;5.5;0;0;30.0;50.0;available
2026-09-06T19:02:46.620980+02:00;Ziolkowski;D;Monza;0;34.0;8;1;0;0.0;0.0;0;0;30.0;50.0;available
2026-09-06T19:02:46.620980+02:00;Candè;D;Sassuolo;0;33.9;7;3;0;0.0;0.0;0;0;30.0;50.0;available
2026-09-06T19:02:46.620980+02:00;Sverko;D;Venezia;0;33.9;7;3;0;0.0;0.0;0;0;30.0;50.0;available
2026-09-06T19:02:46.620980+02:00;Addai;C;Como;0;33.8;10;4;0;0.0;0.0;0;0;30.0;50.0;available
2026-09-06T19:02:46.620980+02:00;Kaba;C;Lecce;0;33.7;2;1;0;0.0;0.0;0;0;80.0;50.0;available
2026-09-06T19:02:46.620980+02:00;Akpoguma;D;Frosinone;0;33.1;6;3;0;0.0;0.0;0;0;30.0;50.0;available
2026-09-06T19:02:46.620980+02:00;Lazzari;D;Lazio;0;32.7;5;2;0;0.0;0.0;0;0;40.0;50.0;available
2026-09-06T19:02:46.620980+02:00;Havel;A;Genoa;0;32.4;5;4;0;0.0;0.0;0;0;30.0;50.0;available
2026-09-06T19:02:46.620980+02:00;Casale;D;Bologna;0;31.6;5;3;0;0.0;0.0;0;0;30.0;50.0;available
2026-09-06T19:02:46.620980+02:00;Pellegrini Lu.;D;Lazio;0;31.0;7;2;0;0.0;0.0;0;0;20.0;50.0;available
2026-09-06T19:02:46.620980+02:00;Aurelio;D;Cagliari;0;29.7;5;2;0;0.0;0.0;0;0;25.0;50.0;available
2026-09-06T19:02:46.620980+02:00;Sulemana I.;C;Sassuolo;0;29.6;7;3;0;0.0;0.0;0;0;30.0;50.0;available
2026-09-06T19:02:46.620980+02:00;Sagrado;D;Venezia;0;29.2;4;2;0;0.0;0.0;1;0;25.0;60.0;available
2026-09-06T19:02:46.620980+02:00;Gelli F.;C;Frosinone;0;28.8;6;3;0;0.0;0.0;0;0;30.0;50.0;available
2026-09-06T19:02:46.620980+02:00;Jean;D;Lecce;0;28.7;4;2;0;0.0;0.0;0;0;30.0;50.0;available
2026-09-06T19:02:46.620980+02:00;Biraghi;D;Torino;0;28.7;5;2;0;0.0;0.0;0;0;20.0;50.0;available
2026-09-06T19:02:46.620980+02:00;Stankovic A.;C;Inter;0;28.6;7;3;0;0.0;0.0;0;0;25.0;50.0;available
2026-09-06T19:02:46.620980+02:00;Ciervo;C;Cagliari;0;28.3;1;1;0;0.0;0.0;0;0;60.0;50.0;available
2026-09-06T19:02:46.620980+02:00;Chakvetadze;C;Udinese;0;28.2;6;2;0;0.0;0.0;0;0;30.0;50.0;available
2026-09-06T19:02:46.620980+02:00;Ciurria;C;Monza;0;28.2;6;2;0;0.0;0.0;0;0;30.0;50.0;available
2026-09-06T19:02:46.620980+02:00;Jovanovic;C;Udinese;0;28.1;5;2;0;0.0;0.0;0;0;35.0;50.0;available
2026-09-06T19:02:46.620980+02:00;Puczka;D;Genoa;0;28.1;3;2;0;0.0;0.0;0;0;35.0;50.0;available
2026-09-06T19:02:46.620980+02:00;Robinho Junior;A;Genoa;0;28.1;3;1;0;0.0;0.0;0;0;30.0;50.0;available
2026-09-06T19:02:46.620980+02:00;Cabal;D;Juventus;0;28.0;4;1;0;0.0;0.0;0;0;30.0;50.0;available
2026-09-06T19:02:46.620980+02:00;Idrissi R.;D;Cagliari;0;28.0;3;3;0;0.0;0.0;0;0;30.0;50.0;available
2026-09-06T19:02:46.620980+02:00;Dagasso;C;Venezia;0;28.0;1;1;1;5.5;5.0;0;0;25.0;50.0;available
2026-09-06T19:02:46.620980+02:00;Terracciano F.;D;Milan;0;27.7;4;2;0;0.0;0.0;0;0;25.0;50.0;available
2026-09-06T19:02:46.620980+02:00;Helgason;C;Venezia;0;27.6;3;3;0;0.0;0.0;0;0;40.0;50.0;available
2026-09-06T19:02:46.620980+02:00;Colombo L.;C;Monza;0;27.5;4;3;0;0.0;0.0;0;0;35.0;50.0;available
2026-09-06T19:02:46.620980+02:00;Boloca;C;Sassuolo;0;27.1;5;2;0;0.0;0.0;0;0;30.0;50.0;available
2026-09-06T19:02:46.620980+02:00;Trepy;A;Cagliari;0;26.9;2;1;0;0.0;0.0;0;0;30.0;50.0;available
2026-09-06T19:02:46.620980+02:00;Diawara S.;D;Milan;0;26.7;4;2;0;0.0;0.0;0;0;20.0;50.0;available
2026-09-06T19:02:46.620980+02:00;Enem;A;Bologna;0;26.7;4;2;0;0.0;0.0;0;0;15.0;50.0;available
2026-09-06T19:02:46.620980+02:00;Dembelè A.;D;Lecce;0;26.6;2;1;0;0.0;0.0;0;0;35.0;50.0;available
2026-09-06T19:02:46.620980+02:00;Marianucci;D;Napoli;0;26.4;3;1;0;0.0;0.0;0;0;30.0;50.0;available
2026-09-06T19:02:46.620980+02:00;Lauberbach;A;Venezia;0;26.3;1;1;0;0.0;0.0;0;0;35.0;50.0;available
2026-09-06T19:02:46.620980+02:00;El Azzouzi O.;C;Bologna;0;26.3;10;2;1;5.0;4.5;0;0;30.0;50.0;available
2026-09-06T19:02:46.620980+02:00;De Silvestri;D;Bologna;0;26.0;4;1;0;0.0;0.0;0;0;20.0;50.0;available
2026-09-06T19:02:46.620980+02:00;Venturino;C;Genoa;0;25.9;4;2;0;0.0;0.0;0;0;30.0;50.0;available
2026-09-06T19:02:46.620980+02:00;Duncan;C;Venezia;0;25.9;4;2;0;0.0;0.0;0;0;30.0;50.0;available
2026-09-06T19:02:46.620980+02:00;Przyborek;C;Lazio;0;25.5;5;1;0;0.0;0.0;0;0;25.0;50.0;available
2026-09-06T19:02:46.620980+02:00;Maye;D;Monza;0;25.4;1;1;0;0.0;0.0;0;0;35.0;50.0;available
2026-09-06T19:02:46.620980+02:00;Carboni F.;D;Parma;0;25.4;3;1;0;0.0;0.0;0;0;25.0;50.0;available
2026-09-06T19:02:46.620980+02:00;Rugani;D;Juventus;0;25.4;3;1;0;0.0;0.0;0;0;25.0;50.0;available
2026-09-06T19:02:46.620980+02:00;Kone B.;C;Frosinone;0;24.4;3;1;0;0.0;0.0;0;0;30.0;50.0;available
2026-09-06T19:02:46.620980+02:00;Pieragnolo;D;Sassuolo;0;24.4;1;1;0;0.0;0.0;0;0;30.0;50.0;available
2026-09-06T19:02:46.620980+02:00;Patric;D;Lazio;0;24.4;1;1;0;0.0;0.0;0;0;30.0;50.0;available
2026-09-06T19:02:46.620980+02:00;Antov;D;Monza;0;23.6;2;1;0;0.0;0.0;0;0;20.0;50.0;available
2026-09-06T19:02:46.620980+02:00;Gomes;D;Venezia;0;23.4;1;1;0;0.0;0.0;0;0;25.0;50.0;available
2026-09-06T19:02:46.620980+02:00;Omar Fayed;D;Frosinone;0;22.4;1;1;0;0.0;0.0;0;0;20.0;50.0;available
2026-09-06T19:02:46.620980+02:00;Amey;D;Frosinone;0;22.4;1;1;0;0.0;0.0;0;0;20.0;50.0;available
2026-09-06T19:02:46.620980+02:00;Goldaniga;D;Como;0;22.4;1;1;0;0.0;0.0;0;0;20.0;50.0;available
2026-09-06T19:02:46.620980+02:00;Comotto;C;Milan;0;22.3;1;1;0;0.0;0.0;0;0;30.0;50.0;available
2026-09-06T19:02:46.620980+02:00;El Azzouzi A.;C;Frosinone;0;22.3;1;1;0;0.0;0.0;0;0;30.0;50.0;available
2026-09-06T19:02:46.620980+02:00;Fofana Sa.;C;Lecce;0;22.3;1;1;0;0.0;0.0;0;0;30.0;50.0;available
2026-09-06T19:02:46.620980+02:00;De Martis;A;Parma;0;22.3;1;1;0;0.0;0.0;0;0;15.0;50.0;available
2026-09-06T19:02:46.620980+02:00;Lisman;A;Venezia;0;22.3;1;1;0;0.0;0.0;0;0;15.0;50.0;available
2026-09-06T19:02:46.620980+02:00;Sierro;C;Parma;0;21.3;1;1;0;0.0;0.0;0;0;25.0;50.0;available
2026-09-06T19:02:46.620980+02:00;Laerke;C;Lecce;0;20.3;1;1;0;0.0;0.0;0;0;20.0;50.0;available
2026-09-06T19:02:46.620980+02:00;Liteta;C;Cagliari;0;20.3;1;1;0;0.0;0.0;0;0;20.0;50.0;available
2026-09-06T19:02:46.620980+02:00;Bayo V.;A;Udinese;0;20.0;3;1;1;4.5;4.5;0;0;35.0;50.0;available
2026-09-06T19:02:46.620980+02:00;Lahdo;C;Como;0;19.3;1;1;0;0.0;0.0;0;0;15.0;50.0;available
2026-09-06T19:02:46.620980+02:00;Dia;A;Lazio;1;0.0;20;10;2;6.0;6.25;0;1;0.0;50.0;available
2026-09-06T19:02:46.620980+02:00;Zappa;D;Atalanta;1;0.0;19;8;1;6.0;6.0;0;0;0.0;50.0;available
2026-09-06T19:02:46.620980+02:00;Norton-Cuffy;D;Genoa;1;0.0;15;8;2;6.0;6.0;0;0;0.0;50.0;available
2026-09-06T19:02:46.620980+02:00;Pedersen;D;Torino;1;0.0;12;5;1;6.0;6.0;0;0;0.0;50.0;available
2026-09-06T19:02:46.620980+02:00;Delli Carri;D;Monza;1;0.0;11;4;1;6.0;6.0;0;0;0.0;50.0;available
2026-09-06T19:02:46.620980+02:00;Borrelli;A;Cagliari;1;0.0;9;4;1;6.0;6.0;0;0;0.0;50.0;available
2026-09-06T19:02:46.620980+02:00;Morata;A;Roma;1;0.0;100;20;0;0.0;0.0;0;0;0.0;50.0;available
2026-09-06T19:02:46.620980+02:00;Leao;A;Milan;1;0.0;75;18;0;0.0;0.0;0;0;0.0;50.0;available
2026-09-06T19:02:46.620980+02:00;Lukaku;A;Napoli;1;0.0;45;10;0;0.0;0.0;0;0;0.0;50.0;available
2026-09-06T19:02:46.620980+02:00;Gutierrez;D;Napoli;1;0.0;26;8;0;0.0;0.0;0;0;0.0;50.0;available
2026-09-06T19:02:46.620980+02:00;Ratkov;A;Lazio;1;0.0;22;9;0;0.0;0.0;0;0;0.0;50.0;available
2026-09-06T19:02:46.620980+02:00;Nkunku;A;Milan;1;0.0;20;13;0;0.0;0.0;0;0;0.0;50.0;available
2026-09-06T19:02:46.620980+02:00;Romagnoli;D;Lazio;1;0.0;20;6;0;0.0;0.0;0;0;0.0;50.0;available
2026-09-06T19:02:46.620980+02:00;Suzuki;P;Parma;1;0.0;20;7;0;0.0;0.0;0;0;0.0;50.0;available
2026-09-06T19:02:46.620980+02:00;Ondrejka;C;Parma;1;0.0;18;5;0;0.0;0.0;0;0;0.0;50.0;available
2026-09-06T19:02:46.620980+02:00;Circati;D;Parma;1;0.0;18;6;0;0.0;0.0;0;0;0.0;50.0;available
2026-09-06T19:02:46.620980+02:00;Djimsiti;D;Atalanta;1;0.0;16;7;0;0.0;0.0;0;0;0.0;50.0;available
2026-09-06T19:02:46.620980+02:00;El Aynaoui;C;Roma;1;0.0;13;4;0;0.0;0.0;0;0;0.0;50.0;available
2026-09-06T19:02:46.620980+02:00;Ahanor;D;Atalanta;1;0.0;13;6;0;0.0;0.0;0;0;0.0;50.0;available
2026-09-06T19:02:46.620980+02:00;Sorensen O.;C;Parma;1;0.0;12;3;0;0.0;0.0;0;0;0.0;50.0;available
2026-09-06T19:02:46.620980+02:00;Angelino;D;Roma;1;0.0;12;3;0;0.0;0.0;0;0;0.0;50.0;available
2026-09-06T19:02:46.620980+02:00;Koutsoupias;C;Frosinone;1;0.0;11;4;0;0.0;0.0;0;0;0.0;50.0;available
2026-09-06T19:02:46.620980+02:00;Gimenez;A;Milan;1;0.0;10;6;0;0.0;0.0;0;0;0.0;50.0;available
2026-09-06T19:02:46.620980+02:00;Dallinga;A;Bologna;1;0.0;10;8;0;0.0;0.0;0;0;0.0;50.0;available
2026-09-06T19:02:46.620980+02:00;Fofana Y.;C;Milan;1;0.0;10;4;0;0.0;0.0;0;0;0.0;50.0;available
2026-09-06T19:02:46.620980+02:00;Di Gregorio;P;Juventus;1;0.0;10;9;0;0.0;0.0;0;0;0.0;50.0;available
2026-09-06T19:02:46.620980+02:00;Cuenca A.;D;Como;1;0.0;8;1;0;0.0;0.0;0;0;0.0;50.0;available
2026-09-06T19:02:46.620980+02:00;Athekame;D;Milan;1;0.0;8;3;0;0.0;0.0;0;0;0.0;50.0;available
2026-09-06T19:02:46.620980+02:00;Martin;D;Genoa;1;0.0;8;4;0;0.0;0.0;0;0;0.0;50.0;available
2026-09-06T19:02:46.620980+02:00;Mutandwa;A;Cagliari;1;0.0;7;6;0;0.0;0.0;0;0;0.0;50.0;available
2026-09-06T19:02:46.620980+02:00;Prati;C;Cagliari;1;0.0;7;4;0;0.0;0.0;0;0;0.0;50.0;available
2026-09-06T19:02:46.620980+02:00;Miretti;C;Juventus;1;0.0;7;3;0;0.0;0.0;0;0;0.0;50.0;available
2026-09-06T19:02:46.620980+02:00;Kuhn;A;Como;1;0.0;5;3;0;0.0;0.0;0;0;0.0;50.0;available
2026-09-06T19:02:46.620980+02:00;Petagna;A;Monza;1;0.0;5;2;0;0.0;0.0;0;0;0.0;50.0;available
2026-09-06T19:02:46.620980+02:00;Perin;P;Juventus;1;0.0;5;6;0;0.0;0.0;0;0;0.0;50.0;available
2026-09-06T19:02:46.620980+02:00;Buksa;A;Udinese;1;0.0;4;2;0;0.0;0.0;0;0;0.0;50.0;available
2026-09-06T19:02:46.620980+02:00;Vaz;A;Roma;1;0.0;4;1;0;0.0;0.0;0;0;0.0;50.0;available
2026-09-06T19:02:46.620980+02:00;Anjorin;C;Torino;1;0.0;4;1;0;0.0;0.0;0;0;0.0;50.0;available
2026-09-06T19:02:46.620980+02:00;Camara A.;C;Udinese;1;0.0;3;1;0;0.0;0.0;0;0;0.0;50.0;available
2026-09-06T19:02:46.620980+02:00;Bjarkason;C;Venezia;1;0.0;3;1;0;0.0;0.0;0;0;0.0;50.0;available
2026-09-06T19:02:46.620980+02:00;Mlacic;D;Udinese;1;0.0;3;1;0;0.0;0.0;0;0;0.0;50.0;available
2026-09-06T19:02:46.620980+02:00;Oyono J.;D;Frosinone;1;0.0;2;1;0;0.0;0.0;0;0;0.0;50.0;available
2026-09-06T19:02:46.620980+02:00;Vogliacco;D;Genoa;1;0.0;2;1;0;0.0;0.0;0;0;0.0;50.0;available
2026-09-06T19:02:46.620980+02:00;Matturro;D;Genoa;1;0.0;2;1;0;0.0;0.0;0;0;0.0;50.0;available
2026-09-06T19:02:46.620980+02:00;Missori;D;Sassuolo;1;0.0;2;1;0;0.0;0.0;0;0;0.0;50.0;available
2026-09-06T19:02:46.620980+02:00;Albarracin;A;Cagliari;1;0.0;1;1;0;0.0;0.0;0;0;0.0;50.0;available
2026-09-06T19:02:46.620980+02:00;Moro L.;A;Sassuolo;1;0.0;1;1;0;0.0;0.0;0;0;0.0;50.0;available
2026-09-06T19:02:46.620980+02:00;Azon;A;Como;1;0.0;1;1;0;0.0;0.0;0;0;0.0;50.0;available
2026-09-06T19:02:46.620980+02:00;Iannoni;C;Sassuolo;1;0.0;1;1;0;0.0;0.0;0;0;0.0;50.0;available
2026-09-06T19:02:46.620980+02:00;Corrado;D;Frosinone;1;0.0;1;1;0;0.0;0.0;0;0;0.0;50.0;available
2026-09-06T19:02:46.620980+02:00;Gelli J.;D;Frosinone;1;0.0;1;1;0;0.0;0.0;0;0;0.0;50.0;available
2026-09-06T19:02:46.620980+02:00;Macchioni;D;Sassuolo;1;0.0;1;1;0;0.0;0.0;0;0;0.0;50.0;available
2026-09-06T19:02:46.620980+02:00;Raterink;D;Cagliari;1;0.0;1;1;0;0.0;0.0;0;0;0.0;50.0;available
2026-09-06T19:02:46.620980+02:00;Perez M.;D;Lecce;1;0.0;1;1;0;0.0;0.0;0;0;0.0;50.0;available
2026-09-06T19:02:46.620980+02:00;Vismara;P;Atalanta;1;0.0;1;1;0;0.0;0.0;0;0;0.0;50.0;available
2026-09-06T19:02:46.620980+02:00;Samooja;P;Lecce;1;0.0;1;1;0;0.0;0.0;0;0;0.0;50.0;available
2026-09-06T19:02:46.620980+02:00;Paleari;P;Torino;1;0.0;1;1;0;0.0;0.0;0;0;0.0;50.0;available
2026-09-06T19:02:46.620980+02:00;Ciocci;P;Cagliari;1;0.0;1;1;0;0.0;0.0;0;0;0.0;50.0;available
2026-09-06T19:02:46.620980+02:00;Fruchtl;P;Lecce;1;0.0;1;1;0;0.0;0.0;0;0;0.0;50.0;available
2026-09-06T19:02:46.620980+02:00;Rossi F.;P;Atalanta;1;0.0;1;1;0;0.0;0.0;0;0;0.0;50.0;available
2026-09-06T19:02:46.620980+02:00;David;A;Juventus;1;0.0;25;8;1;5.0;5.0;0;0;0.0;50.0;available
2026-09-06T19:02:46.620980+02:00;Pizzignacco;P;Monza;1;0.0;1;1;1;4.5;0.5;0;0;0.0;50.0;available
2026-09-07T17:05:21.248718+02:00;Vergara;C;Napoli;0;91.5;35;10;2;6.5;8.25;1;1;100.0;50.0;available
2026-09-07T17:05:21.248718+02:00;Locatelli;C;Juventus;0;90.2;33;9;3;6.33;6.5;0;1;100.0;53.0;available
2026-09-07T17:05:21.248718+02:00;Cristante;C;Roma;0;89.5;29;9;3;6.5;6.5;0;0;100.0;50.0;available
2026-09-07T17:05:21.248718+02:00;De Winter;D;Milan;0;88.3;20;5;3;6.5;6.33;0;0;100.0;53.0;available
2026-09-07T17:05:21.248718+02:00;Osmajic;A;Genoa;0;87.2;28;8;2;6.0;7.5;1;0;100.0;50.0;available
2026-09-07T17:05:21.248718+02:00;Comuzzo;D;Torino;0;85.8;13;8;3;6.17;7.17;1;0;100.0;50.0;available
2026-09-07T17:05:21.248718+02:00;Romano;C;Cagliari;0;85.2;21;7;2;7.0;8.5;1;0;90.0;50.0;available
2026-09-07T17:05:21.248718+02:00;Ferguson;C;Bologna;0;85.2;23;7;3;6.17;6.17;0;0;100.0;51.5;available
2026-09-07T17:05:21.248718+02:00;Njie;C;Fiorentina;0;84.2;28;4;2;6.25;6.25;0;0;100.0;50.0;available
2026-09-07T17:05:21.248718+02:00;Romero D.;A;Parma;0;83.0;37;10;2;5.75;5.75;0;0;100.0;51.5;available
2026-09-07T17:05:21.248718+02:00;Doekhi;D;Lazio;0;82.2;16;8;2;6.25;6.25;0;0;80.0;50.0;available
2026-09-07T17:05:21.248718+02:00;Calvani;D;Frosinone;0;81.7;13;5;3;6.5;6.17;0;0;100.0;51.5;available
2026-09-07T17:05:21.248718+02:00;Cissè A.;C;Milan;0;81.6;24;5;3;6.67;8.5;2;0;60.0;61.5;available
2026-09-07T17:05:21.248718+02:00;Leysen F.;D;Sassuolo;0;80.7;12;6;3;6.17;6.5;0;1;100.0;51.5;available
2026-09-07T17:05:21.248718+02:00;Fitz-Jim;C;Torino;0;80.3;18;5;3;6.17;6.17;0;0;100.0;50.0;available
2026-09-07T17:05:21.248718+02:00;Obert;D;Cagliari;0;80.2;15;7;2;6.0;6.0;0;0;90.0;50.0;available
2026-09-07T17:05:21.248718+02:00;Chukwueze;C;Milan;0;80.1;22;8;3;6.67;7.33;0;2;60.0;53.8;available
2026-09-07T17:05:21.248718+02:00;Rodriguez Ju.;D;Cagliari;0;79.8;14;4;2;6.25;6.25;0;0;90.0;50.0;available
2026-09-07T17:05:21.248718+02:00;Coulibaly L.;C;Lecce;0;79.5;17;7;2;6.0;6.5;0;1;90.0;50.0;available
2026-09-07T17:05:21.248718+02:00;Comert;D;Torino;0;78.9;12;4;2;6.0;6.5;0;1;100.0;50.0;available
2026-09-07T17:05:21.248718+02:00;Fortini;D;Torino;0;78.8;12;6;3;6.17;6.17;0;0;100.0;50.0;available
2026-09-07T17:05:21.248718+02:00;Hainaut;D;Venezia;0;78.6;12;4;3;6.0;6.33;0;1;100.0;51.5;available
2026-09-07T17:05:21.248718+02:00;Karlstrom;C;Udinese;0;77.9;20;7;2;6.0;6.0;0;0;90.0;50.0;available
2026-09-07T17:05:21.248718+02:00;Baldanzi;C;Genoa;0;77.4;28;11;3;5.83;5.83;0;0;100.0;50.0;available
2026-09-07T17:05:21.248718+02:00;Doig;D;Sassuolo;0;77.3;10;5;3;6.17;7.17;1;0;100.0;61.5;available
2026-09-07T17:05:21.248718+02:00;Pisilli;C;Roma;0;76.7;19;7;2;6.25;7.75;1;0;60.0;50.0;available
2026-09-07T17:05:21.248718+02:00;Bartesaghi;D;Milan;0;76.1;22;8;2;6.0;6.0;0;0;55.0;49.2;available
2026-09-07T17:05:21.248718+02:00;Busio;C;Venezia;0;76.0;14;5;3;6.17;6.33;0;1;100.0;51.5;available
2026-09-07T17:05:21.248718+02:00;Maldini;A;Cagliari;0;75.9;21;5;2;5.75;5.75;0;0;90.0;50.0;available
2026-09-07T17:05:21.248718+02:00;Musah;C;Milan;0;75.7;15;3;3;6.17;6.17;0;0;100.0;53.0;available
2026-09-07T17:05:21.248718+02:00;Coco;D;Torino;0;75.7;14;7;3;5.67;5.67;0;0;100.0;50.0;available
2026-09-07T17:05:21.248718+02:00;Rrahmani Al.;A;Venezia;0;75.4;13;7;1;5.5;5.5;0;0;100.0;51.5;available
2026-09-07T17:05:21.248718+02:00;Oyono A.;D;Frosinone;0;75.3;10;6;3;6.5;6.67;0;1;100.0;51.5;available
2026-09-07T17:05:21.248718+02:00;Provstgaard;D;Lazio;0;74.9;13;4;2;6.25;6.0;0;0;90.0;50.0;available
2026-09-07T17:05:21.248718+02:00;Koopmeiners;C;Juventus;0;74.5;15;7;2;6.75;8.75;1;1;60.0;57.5;available
2026-09-07T17:05:21.248718+02:00;Adopo;C;Cagliari;0;74.4;13;7;2;6.0;6.5;0;1;90.0;50.0;available
2026-09-07T17:05:21.248718+02:00;Matic;C;Sassuolo;0;74.1;15;6;3;6.17;6.0;0;0;100.0;51.5;available
2026-09-07T17:05:21.248718+02:00;Holm;D;Bologna;0;74.1;13;6;3;6.0;5.83;0;0;100.0;51.5;available
2026-09-07T17:05:21.248718+02:00;Veiga D.;D;Lecce;0;73.0;12;6;2;5.75;6.0;0;1;90.0;50.0;available
2026-09-07T17:05:21.248718+02:00;Colpani;C;Monza;0;73.0;15;9;3;5.83;6.83;1;0;60.0;51.5;available
2026-09-07T17:05:21.248718+02:00;Pedraza;D;Lazio;0;72.3;14;6;2;6.0;6.0;0;0;60.0;50.0;available
2026-09-07T17:05:21.248718+02:00;Akinsanmiro;C;Monza;0;72.2;11;7;2;6.25;6.75;0;1;100.0;51.5;available
2026-09-07T17:05:21.248718+02:00;Frendrup;C;Genoa;0;71.9;19;7;3;5.83;5.83;0;0;100.0;50.0;available
2026-09-07T17:05:21.248718+02:00;Pierotti;C;Lecce;0;71.9;19;6;2;5.75;5.75;0;0;90.0;50.0;available
2026-09-07T17:05:21.248718+02:00;Elmas;C;Atalanta;0;71.7;22;7;2;5.5;5.5;0;0;100.0;50.0;available
2026-09-07T17:05:21.248718+02:00;Folorunsho;C;Monza;0;71.1;17;4;2;6.0;5.75;0;0;100.0;51.5;available
2026-09-07T17:05:21.248718+02:00;Lulli;D;Roma;0;70.9;10;2;3;6.33;6.33;0;0;100.0;50.0;available
2026-09-07T17:05:21.248718+02:00;Fatah;A;Lecce;0;70.9;14;4;1;6.0;6.0;0;0;55.0;50.0;available
2026-09-07T17:05:21.248718+02:00;Ismajli;D;Torino;0;70.6;13;7;3;6.17;6.17;0;0;40.0;50.0;available
2026-09-07T17:05:21.248718+02:00;Estupinan;D;Milan;0;70.5;13;3;2;5.75;5.5;0;0;100.0;58.2;available
2026-09-07T17:05:21.248718+02:00;Gnonto;A;Fiorentina;0;70.5;25;7;1;5.5;5.5;0;0;55.0;50.0;available
2026-09-07T17:05:21.248718+02:00;Braganca;C;Torino;0;70.3;20;6;1;6.0;6.0;0;0;55.0;50.0;available
2026-09-07T17:05:21.248718+02:00;Obrador;D;Sassuolo;0;70.2;13;6;1;6.0;6.0;0;0;60.0;50.0;available
2026-09-07T17:05:21.248718+02:00;Marusic;D;Lazio;0;69.8;20;6;1;6.0;6.0;0;0;30.0;50.0;available
2026-09-07T17:05:21.248718+02:00;Oulai;C;Fiorentina;0;69.7;18;6;3;5.67;5.67;0;0;100.0;50.0;available
2026-09-07T17:05:21.248718+02:00;Unai Gomez;C;Udinese;0;69.7;16;7;1;5.5;5.5;0;0;90.0;50.0;available
2026-09-07T17:05:21.248718+02:00;Birindelli;D;Monza;0;69.6;12;4;3;5.83;5.83;0;0;100.0;51.5;available
2026-09-07T17:05:21.248718+02:00;Zalewski;C;Atalanta;0;69.5;18;7;3;5.83;6.17;0;1;40.0;50.0;available
2026-09-07T17:05:21.248718+02:00;Mendy P.;A;Cagliari;0;69.2;12;4;2;5.75;5.75;0;0;90.0;50.0;available
2026-09-07T17:05:21.248718+02:00;Zè Pedro;D;Cagliari;0;68.9;13;5;2;5.75;5.5;0;0;90.0;50.0;available
2026-09-07T17:05:21.248718+02:00;Kossounou;D;Atalanta;0;68.6;12;4;3;5.67;5.67;0;0;100.0;50.0;available
2026-09-07T17:05:21.248718+02:00;Kempf;D;Como;0;68.5;13;5;1;6.5;6.5;0;0;40.0;50.0;available
2026-09-07T17:05:21.248718+02:00;Lucca;A;Napoli;0;68.4;12;4;2;6.0;6.0;0;0;60.0;50.0;available
2026-09-07T17:05:21.248718+02:00;Viery;D;Fiorentina;0;68.3;12;6;2;5.5;5.5;0;0;100.0;50.0;available
2026-09-07T17:05:21.248718+02:00;Gabbia;D;Milan;0;68.2;15;7;1;6.0;6.0;0;0;30.0;50.0;available
2026-09-07T17:05:21.248718+02:00;Gallo;D;Lecce;0;67.9;12;6;1;5.5;5.5;0;0;80.0;50.0;available
2026-09-07T17:05:21.248718+02:00;Winks;C;Cagliari;0;67.6;15;6;2;5.75;5.75;0;0;90.0;50.0;available
2026-09-07T17:05:21.248718+02:00;Mota;A;Monza;0;67.5;8;4;1;6.0;6.0;0;0;100.0;51.5;available
2026-09-07T17:05:21.248718+02:00;Neres;A;Napoli;0;67.5;20;6;1;5.5;5.5;0;0;50.0;50.0;available
2026-09-07T17:05:21.248718+02:00;Britschgi;D;Parma;0;67.3;10;3;2;6.0;6.0;0;0;100.0;51.5;available
2026-09-07T17:05:21.248718+02:00;Lontani;A;Parma;0;67.0;11;3;3;6.33;7.33;1;0;60.0;51.5;available
2026-09-07T17:05:21.248718+02:00;Kelly L.;D;Juventus;0;66.4;12;5;2;6.0;6.0;0;0;60.0;50.0;available
2026-09-07T17:05:21.248718+02:00;Douglas Luiz;C;Juventus;0;66.2;15;4;3;5.83;5.83;0;0;100.0;53.8;available
2026-09-07T17:05:21.248718+02:00;Masini;C;Frosinone;0;66.0;8;3;3;6.33;6.67;0;1;100.0;51.5;available
2026-09-07T17:05:21.248718+02:00;Floriani Mussolini;D;Lazio;0;66.0;10;4;2;6.25;6.0;0;0;90.0;50.0;available
2026-09-07T17:05:21.248718+02:00;Bakola;C;Sassuolo;0;66.0;14;6;2;6.25;6.25;0;0;55.0;50.0;available
2026-09-07T17:05:21.248718+02:00;Robinson J.;A;Monza;0;65.9;5;4;1;7.0;10.0;1;0;100.0;51.5;available
2026-09-07T17:05:21.248718+02:00;Pobega;C;Bologna;0;65.0;12;6;2;5.75;5.75;0;0;100.0;51.5;available
2026-09-07T17:05:21.248718+02:00;Cancellieri;C;Lazio;0;65.0;25;9;2;5.75;5.5;0;0;55.0;50.0;available
2026-09-07T17:05:21.248718+02:00;Rovella;C;Lazio;0;64.7;16;7;2;6.25;6.25;0;0;30.0;50.0;available
2026-09-07T17:05:21.248718+02:00;Haps;D;Venezia;0;64.6;10;5;3;6.0;5.83;0;0;100.0;51.5;available
2026-09-07T17:05:21.248718+02:00;Fini;C;Frosinone;0;63.4;13;4;3;5.83;5.83;0;0;100.0;51.5;available
2026-09-07T17:05:21.248718+02:00;Tourè E.;A;Parma;0;63.3;37;10;3;5.5;5.5;0;0;100.0;51.5;available
2026-09-07T17:05:21.248718+02:00;N'Dri;A;Lecce;0;63.2;12;4;2;5.75;5.75;0;0;60.0;50.0;available
2026-09-07T17:05:21.248718+02:00;Gatti;D;Juventus;0;63.0;10;4;1;7.0;9.5;1;0;35.0;61.5;available
2026-09-07T17:05:21.248718+02:00;Stankovic F.;P;Venezia;0;62.6;11;6;3;6.0;3.67;0;0;100.0;51.5;available
2026-09-07T17:05:21.248718+02:00;Kevin Carlos;A;Cagliari;0;62.6;36;12;1;5.5;5.0;0;0;30.0;50.0;available
2026-09-07T17:05:21.248718+02:00;Badiashile;D;Napoli;0;62.6;18;7;1;5.0;5.0;0;0;30.0;50.0;available
2026-09-07T17:05:21.248718+02:00;Caqueret;C;Como;0;62.5;17;6;2;6.0;6.0;0;0;30.0;50.0;available
2026-09-07T17:05:21.248718+02:00;Schmid;C;Frosinone;0;62.4;25;8;3;5.83;5.5;0;0;100.0;51.5;available
2026-09-07T17:05:21.248718+02:00;Patterson;D;Torino;0;62.4;12;5;1;6.0;6.0;0;0;40.0;50.0;available
2026-09-07T17:05:21.248718+02:00;Abankwah;D;Udinese;0;62.2;10;2;2;6.25;6.0;0;0;80.0;50.0;available
2026-09-07T17:05:21.248718+02:00;Zhegrova;C;Juventus;0;62.1;17;6;1;5.5;5.5;0;0;50.0;50.0;available
2026-09-07T17:05:21.248718+02:00;Jashari;C;Milan;0;61.9;13;5;2;6.0;6.0;0;0;55.0;50.0;available
2026-09-07T17:05:21.248718+02:00;Cinquegrano;D;Sassuolo;0;61.8;4;2;3;6.0;6.33;0;1;100.0;57.5;available
2026-09-07T17:05:21.248718+02:00;Dodò;D;Fiorentina;0;61.8;20;9;1;5.0;5.0;0;0;20.0;50.0;available
2026-09-07T17:05:21.248718+02:00;Dragusin;D;Fiorentina;0;61.7;20;7;3;4.5;4.67;0;1;100.0;50.0;available
2026-09-07T17:05:21.248718+02:00;Zerbin;C;Frosinone;0;61.1;12;6;2;6.0;6.0;0;0;60.0;50.0;available
2026-09-07T17:05:21.248718+02:00;Basic;C;Venezia;0;61.0;19;6;2;5.5;5.5;0;0;60.0;50.0;available
2026-09-07T17:05:21.248718+02:00;Helland;D;Bologna;0;60.8;12;3;2;6.0;6.0;0;0;40.0;50.0;available
2026-09-07T17:05:21.248718+02:00;Lang;A;Napoli;0;60.7;14;4;2;5.5;5.5;0;0;55.0;50.0;available
2026-09-07T17:05:21.248718+02:00;Casadei;C;Torino;0;60.6;27;9;1;5.0;5.0;0;0;30.0;50.0;available
2026-09-07T17:05:21.248718+02:00;Thiam;P;Monza;0;60.5;5;4;2;5.25;3.25;0;0;100.0;51.5;available
2026-09-07T17:05:21.248718+02:00;Heggem;D;Bologna;0;60.0;15;6;3;5.33;5.17;0;0;100.0;51.5;available
2026-09-07T17:05:21.248718+02:00;Thuram K.;C;Juventus;0;60.0;25;9;0;0.0;0.0;0;0;60.0;50.0;available
2026-09-07T17:05:21.248718+02:00;Miller L.;C;Udinese;0;59.8;12;4;2;6.0;6.0;0;0;60.0;50.0;available
2026-09-07T17:05:21.248718+02:00;Alhassane;D;Bologna;0;59.7;6;2;2;6.0;6.0;0;0;100.0;51.5;available
2026-09-07T17:05:21.248718+02:00;Sutalo J.;D;Lazio;0;59.7;19;7;0;0.0;0.0;0;0;50.0;50.0;available
2026-09-07T17:05:21.248718+02:00;Ghilardi;D;Roma;0;59.6;10;5;2;6.25;6.25;0;0;40.0;50.0;available
2026-09-07T17:05:21.248718+02:00;Carboni A.;D;Monza;0;59.4;9;3;3;5.67;5.67;0;0;100.0;51.5;available
2026-09-07T17:05:21.248718+02:00;Palma;D;Udinese;0;59.2;11;3;1;6.5;6.5;0;0;30.0;50.0;available
2026-09-07T17:05:21.248718+02:00;Bertola;D;Udinese;0;59.0;10;4;1;6.0;6.0;0;0;55.0;50.0;available
2026-09-07T17:05:21.248718+02:00;Moro N.;C;Bologna;0;59.0;14;4;1;5.5;5.5;0;0;60.0;51.5;available
2026-09-07T17:05:21.248718+02:00;Fadera;C;Cagliari;0;58.4;12;2;1;6.0;6.0;0;0;60.0;50.0;available
2026-09-07T17:05:21.248718+02:00;Marcandalli;D;Genoa;0;58.3;14;6;3;5.17;5.17;0;0;100.0;50.0;available
2026-09-07T17:05:21.248718+02:00;Valenti;D;Parma;0;58.2;10;4;1;6.0;6.0;0;0;50.0;51.5;available
2026-09-07T17:05:21.248718+02:00;Fazzini;C;Cagliari;0;58.1;23;6;2;5.5;5.25;0;0;90.0;50.0;available
2026-09-07T17:05:21.248718+02:00;Kouadio;D;Monza;0;58.0;14;3;3;5.67;5.5;0;0;100.0;51.5;available
2026-09-07T17:05:21.248718+02:00;Troilo;D;Parma;0;58.0;14;3;3;5.67;5.5;0;0;100.0;51.5;available
2026-09-07T17:05:21.248718+02:00;Kristensen T.;D;Atalanta;0;58.0;20;6;0;0.0;0.0;0;0;40.0;50.0;available
2026-09-07T17:05:21.248718+02:00;Daffara;P;Parma;0;57.6;7;6;0;0.0;0.0;0;0;5.0;50.0;available
2026-09-07T17:05:21.248718+02:00;Fagioli;C;Fiorentina;0;57.3;20;7;3;5.33;5.17;0;0;100.0;50.0;available
2026-09-07T17:05:21.248718+02:00;Monteiro J.;C;Lecce;0;57.3;23;7;0;0.0;0.0;0;0;55.0;50.0;available
2026-09-07T17:05:21.248718+02:00;Odgaard;C;Bologna;0;56.9;17;8;3;5.67;5.5;0;0;100.0;51.5;available
2026-09-07T17:05:21.248718+02:00;Siebert;D;Lecce;0;56.9;12;4;2;5.5;5.5;0;0;50.0;50.0;available
2026-09-07T17:05:21.248718+02:00;Lipani;C;Sassuolo;0;56.8;5;2;1;6.0;6.0;0;0;100.0;51.5;available
2026-09-07T17:05:21.248718+02:00;Bella-Kotchap;D;Venezia;0;56.6;13;5;3;5.33;5.33;0;0;100.0;51.5;available
2026-09-07T17:05:21.248718+02:00;Smolcic I.;D;Como;0;55.9;10;4;1;5.5;5.5;0;0;55.0;50.0;available
2026-09-07T17:05:21.248718+02:00;Tornqvist;P;Monza;0;55.8;10;1;0;0.0;0.0;0;0;5.0;50.0;available
2026-09-07T17:05:21.248718+02:00;Ordonez C.;C;Parma;0;55.7;10;3;3;5.83;5.83;0;0;100.0;51.5;available
2026-09-07T17:05:21.248718+02:00;Cichella;C;Frosinone;0;55.7;12;4;2;5.75;5.75;0;0;60.0;51.5;available
2026-09-07T17:05:21.248718+02:00;Caleta-Car;D;Sassuolo;0;54.9;15;6;0;0.0;0.0;0;0;35.0;50.0;available
2026-09-07T17:05:21.248718+02:00;Ricci S.;C;Como;0;54.8;12;4;1;6.0;6.0;0;0;35.0;50.0;available
2026-09-07T17:05:21.248718+02:00;Luis Henrique;C;Inter;0;54.6;12;5;2;6.0;6.0;0;0;30.0;50.0;available
2026-09-07T17:05:21.248718+02:00;Odenthal;D;Sassuolo;0;54.2;8;3;1;6.5;9.5;1;0;25.0;50.0;available
2026-09-07T17:05:21.248718+02:00;Buongiorno;D;Napoli;0;53.9;15;6;0;0.0;0.0;0;0;30.0;50.0;available
2026-09-07T17:05:21.248718+02:00;Sow;C;Genoa;0;53.7;15;7;3;5.67;5.5;0;0;100.0;50.0;available
2026-09-07T17:05:21.248718+02:00;Sugawara;D;Cagliari;0;53.5;15;6;0;0.0;0.0;0;0;30.0;47.0;available
2026-09-07T17:05:21.248718+02:00;El Shaarawy;C;Genoa;0;53.4;25;7;0;0.0;0.0;0;0;30.0;50.0;available
2026-09-07T17:05:21.248718+02:00;Messias;C;Genoa;0;53.2;8;4;3;6.0;6.0;0;0;60.0;50.0;available
2026-09-07T17:05:21.248718+02:00;Ndiaye;D;Parma;0;53.0;8;2;1;6.0;6.0;0;0;55.0;50.0;available
2026-09-07T17:05:21.248718+02:00;Keita M.;C;Parma;0;52.7;15;5;3;5.67;5.5;0;0;100.0;51.5;available
2026-09-07T17:05:21.248718+02:00;Dele-Bashiru;C;Lazio;0;52.6;13;5;1;5.5;5.5;0;0;30.0;50.0;available
2026-09-07T17:05:21.248718+02:00;Joao Mario;D;Fiorentina;0;52.5;12;3;2;5.25;5.25;0;0;100.0;50.0;available
2026-09-07T17:05:21.248718+02:00;Meichtry;C;Genoa;0;52.5;11;5;2;5.75;5.75;0;0;55.0;50.0;available
2026-09-07T17:05:21.248718+02:00;Fabbian;C;Parma;0;52.1;8;4;1;5.0;5.0;0;0;100.0;51.5;available
2026-09-07T17:05:21.248718+02:00;Gaspar K.;D;Lecce;0;52.1;12;5;2;5.5;5.25;0;0;90.0;50.0;available
2026-09-07T17:05:21.248718+02:00;Fernandez T.;C;Venezia;0;51.6;8;3;1;6.0;6.0;0;0;55.0;51.5;available
2026-09-07T17:05:21.248718+02:00;Belahyane;C;Lazio;0;51.5;3;2;1;6.0;6.0;0;0;85.0;50.0;available
2026-09-07T17:05:21.248718+02:00;Kofler;D;Cagliari;0;51.5;8;5;1;6.0;6.0;0;0;35.0;50.0;available
2026-09-07T17:05:21.248718+02:00;Dominguez B.;C;Sassuolo;0;51.5;12;4;2;5.75;5.75;0;0;40.0;50.0;available
2026-09-07T17:05:21.248718+02:00;Sabelli;D;Genoa;0;51.3;5;2;1;5.0;5.0;0;0;100.0;50.0;available
2026-09-07T17:05:21.248718+02:00;Felici;C;Cagliari;0;51.3;7;5;1;6.0;6.0;0;0;50.0;54.5;available
2026-09-07T17:05:21.248718+02:00;Pellegrini Lo.;C;Roma;0;51.3;20;9;0;0.0;0.0;0;0;30.0;50.0;available
2026-09-07T17:05:21.248718+02:00;Konè I.;C;Sassuolo;0;51.1;20;8;0;0.0;0.0;0;0;30.0;50.0;available
2026-09-07T17:05:21.248718+02:00;Kulenovic;A;Torino;0;51.1;9;4;1;5.5;5.5;0;0;35.0;50.0;available
2026-09-07T17:05:21.248718+02:00;Amondarain;C;Bologna;0;50.6;10;5;1;5.5;5.5;0;0;55.0;50.0;available
2026-09-07T17:05:21.248718+02:00;Ehizibue;D;Genoa;0;49.9;10;4;1;5.5;5.5;0;0;25.0;50.0;available
2026-09-07T17:05:21.248718+02:00;Gilmour;C;Napoli;0;49.5;10;3;1;6.0;6.0;0;0;35.0;50.0;available
2026-09-07T17:05:21.248718+02:00;Birligea;A;Frosinone;0;49.4;11;5;0;0.0;0.0;0;0;60.0;50.0;available
2026-09-07T17:05:21.248718+02:00;Lucchesi;D;Monza;0;49.3;11;3;3;5.67;5.33;0;0;100.0;51.5;available
2026-09-07T17:05:21.248718+02:00;Olivera;D;Napoli;0;49.3;13;5;1;4.5;4.5;0;0;60.0;50.0;available
2026-09-07T17:05:21.248718+02:00;Deiola;C;Cagliari;0;49.1;8;3;2;5.75;5.5;0;0;90.0;50.0;available
2026-09-07T17:05:21.248718+02:00;Ilic;C;Lecce;0;49.0;10;1;1;6.0;5.5;0;0;60.0;50.0;available
2026-09-07T17:05:21.248718+02:00;Diallo O.;C;Parma;0;48.7;12;3;1;5.5;5.5;0;0;30.0;50.0;available
2026-09-07T17:05:21.248718+02:00;Mout;C;Monza;0;48.6;12;1;1;5.0;5.0;0;0;60.0;50.0;available
2026-09-07T17:05:21.248718+02:00;Forson O.;C;Monza;0;48.3;1;2;2;5.75;5.75;0;0;100.0;51.5;available
2026-09-07T17:05:21.248718+02:00;Stulic;A;Lecce;0;48.3;11;6;2;5.25;5.25;0;0;90.0;50.0;available
2026-09-07T17:05:21.248718+02:00;Gineitis;C;Torino;0;47.7;12;5;3;5.33;5.5;0;1;100.0;50.0;available
2026-09-07T17:05:21.248718+02:00;Vitinha O.;A;Genoa;0;47.7;13;8;3;5.5;5.5;0;0;60.0;50.0;available
2026-09-07T17:05:21.248718+02:00;Sagrado;D;Venezia;0;47.5;4;2;1;6.5;9.5;1;0;25.0;51.5;available
2026-09-07T17:05:21.248718+02:00;Almqvist;C;Parma;0;47.1;11;4;2;5.75;5.5;0;0;55.0;51.5;available
2026-09-07T17:05:21.248718+02:00;Frigan;A;Parma;0;46.8;6;4;1;5.5;5.5;0;0;40.0;51.5;available
2026-09-07T17:05:21.248718+02:00;Maleh;C;Lecce;0;46.7;7;3;2;5.75;5.75;0;0;60.0;50.0;available
2026-09-07T17:05:21.248718+02:00;Gueye;A;Udinese;0;46.7;7;4;2;5.5;5.5;0;0;60.0;50.0;available
2026-09-07T17:05:21.248718+02:00;Rodriguez R.;D;Torino;0;46.6;12;5;0;0.0;0.0;0;0;30.0;50.0;available
2026-09-07T17:05:21.248718+02:00;Mitaj;D;Genoa;0;46.2;10;4;0;0.0;0.0;0;0;60.0;50.0;available
2026-09-07T17:05:21.248718+02:00;Nicolussi Caviglia;C;Parma;0;46.2;16;6;0;0.0;0.0;0;0;30.0;50.0;available
2026-09-07T17:05:21.248718+02:00;Elphege;A;Parma;0;46.1;11;3;0;0.0;0.0;0;0;55.0;50.0;available
2026-09-07T17:05:21.248718+02:00;Van Der Brempt;D;Sassuolo;0;45.7;11;2;0;0.0;0.0;0;0;50.0;50.0;available
2026-09-07T17:05:21.248718+02:00;Schingtienne;D;Venezia;0;45.4;10;3;3;5.33;5.17;0;0;100.0;51.5;available
2026-09-07T17:05:21.248718+02:00;Zarraga;C;Udinese;0;45.4;4;2;1;6.0;6.0;0;0;50.0;50.0;available
2026-09-07T17:05:21.248718+02:00;Sulemana I.;C;Sassuolo;0;45.3;7;3;1;6.0;6.0;0;0;30.0;51.5;available
2026-09-07T17:05:21.248718+02:00;Hien;D;Atalanta;0;45.3;11;7;0;0.0;0.0;0;0;30.0;50.0;available
2026-09-07T17:05:21.248718+02:00;Lolic;P;Frosinone;0;45.0;1;1;0;0.0;0.0;0;0;30.0;50.0;available
2026-09-07T17:05:21.248718+02:00;Russo A.;P;Sassuolo;0;45.0;1;1;0;0.0;0.0;0;0;30.0;50.0;available
2026-09-07T17:05:21.248718+02:00;Oristanio;C;Torino;0;44.9;12;6;0;0.0;0.0;0;0;55.0;50.0;available
2026-09-07T17:05:21.248718+02:00;Ilkhan;C;Torino;0;44.8;8;4;1;5.5;5.5;0;0;40.0;50.0;available
2026-09-07T17:05:21.248718+02:00;Moreno M.;D;Venezia;0;44.8;6;4;1;5.5;5.0;0;0;50.0;51.5;available
2026-09-07T17:05:21.248718+02:00;Halhal;D;Venezia;0;44.5;10;3;2;5.0;3.75;0;0;100.0;51.5;available
2026-09-07T17:05:21.248718+02:00;Sohm;C;Venezia;0;44.1;11;5;2;5.25;5.0;0;0;100.0;51.5;available
2026-09-07T17:05:21.248718+02:00;Franjic;D;Venezia;0;44.1;7;3;2;5.75;5.75;0;0;30.0;50.0;available
2026-09-07T17:05:21.248718+02:00;Loftus-Cheek;C;Milan;0;43.8;16;4;3;5.33;5.17;0;0;60.0;51.5;available
2026-09-07T17:05:21.248718+02:00;Massolin;C;Cagliari;0;43.6;12;4;0;0.0;0.0;0;0;55.0;50.0;available
2026-09-07T17:05:21.248718+02:00;Noslin;A;Lazio;0;43.4;8;6;0;0.0;0.0;0;0;60.0;50.0;available
2026-09-07T17:05:21.248718+02:00;Tourè I.;C;Monza;0;43.1;14;6;0;0.0;0.0;0;0;30.0;50.0;available
2026-09-07T17:05:21.248718+02:00;Pongracic;D;Fiorentina;0;43.1;8;4;1;5.0;5.0;0;0;30.0;50.0;available
2026-09-07T17:05:21.248718+02:00;Ebosse;D;Udinese;0;42.8;5;3;2;5.75;5.75;0;0;35.0;50.0;available
2026-09-07T17:05:21.248718+02:00;Desplanches;P;Frosinone;0;42.3;1;2;0;0.0;0.0;0;0;5.0;50.0;available
2026-09-07T17:05:21.248718+02:00;Brescianini;C;Fiorentina;0;42.1;11;3;3;5.33;5.33;0;0;100.0;50.0;available
2026-09-07T17:05:21.248718+02:00;Vitik;D;Bologna;0;41.2;10;4;0;0.0;0.0;0;0;35.0;50.0;available
2026-09-07T17:05:21.248718+02:00;Berisha M.;C;Lecce;0;40.6;12;4;0;0.0;0.0;0;0;40.0;50.0;available
2026-09-07T17:05:21.248718+02:00;Hasa;C;Frosinone;0;40.6;5;2;1;6.0;6.0;0;0;20.0;50.0;available
2026-09-07T17:05:21.248718+02:00;Zanoli;D;Udinese;0;40.2;10;4;0;0.0;0.0;0;0;30.0;50.0;available
2026-09-07T17:05:21.248718+02:00;Parisi;D;Fiorentina;0;40.2;10;4;0;0.0;0.0;0;0;30.0;50.0;available
2026-09-07T17:05:21.248718+02:00;Walukiewicz;D;Sassuolo;0;40.2;10;4;0;0.0;0.0;0;0;30.0;50.0;available
2026-09-07T17:05:21.248718+02:00;Juan Jesus;D;Venezia;0;40.2;10;4;0;0.0;0.0;0;0;30.0;50.0;available
2026-09-07T17:05:21.248718+02:00;Marin R.;D;Napoli;0;40.1;8;2;3;5.33;5.17;0;0;100.0;50.0;available
2026-09-07T17:05:21.248718+02:00;Mrozek;P;Udinese;0;40.0;1;1;0;0.0;0.0;0;0;5.0;50.0;available
2026-09-07T17:05:21.248718+02:00;Penev;P;Lecce;0;40.0;1;1;0;0.0;0.0;0;0;5.0;50.0;available
2026-09-07T17:05:21.248718+02:00;Motta;P;Lazio;0;40.0;1;1;0;0.0;0.0;0;0;5.0;50.0;available
2026-09-07T17:05:21.248718+02:00;Pessina Mas.;P;Bologna;0;40.0;1;1;0;0.0;0.0;0;0;5.0;50.0;available
2026-09-07T17:05:21.248718+02:00;Stolz;P;Genoa;0;40.0;1;1;0;0.0;0.0;0;0;5.0;50.0;available
2026-09-07T17:05:21.248718+02:00;Christensen O.;P;Fiorentina;0;40.0;1;1;0;0.0;0.0;0;0;5.0;50.0;available
2026-09-07T17:05:21.248718+02:00;Montipò;P;Venezia;0;40.0;1;1;0;0.0;0.0;0;0;5.0;50.0;available
2026-09-07T17:05:21.248718+02:00;Turati;P;Sassuolo;0;40.0;1;1;0;0.0;0.0;0;0;5.0;50.0;available
2026-09-07T17:05:21.248718+02:00;Terracciano;P;Milan;0;40.0;1;1;0;0.0;0.0;0;0;5.0;50.0;available
2026-09-07T17:05:21.248718+02:00;Sportiello;P;Atalanta;0;40.0;1;1;0;0.0;0.0;0;0;5.0;50.0;available
2026-09-07T17:05:21.248718+02:00;Radunovic;P;Cagliari;0;40.0;1;1;0;0.0;0.0;0;0;5.0;50.0;available
2026-09-07T17:05:21.248718+02:00;Pessina;C;Monza;0;39.7;15;6;0;0.0;0.0;0;0;5.0;50.0;available
2026-09-07T17:05:21.248718+02:00;Mascardi;P;Torino;0;39.6;5;1;2;6.0;4.0;0;0;5.0;50.0;available
2026-09-07T17:05:21.248718+02:00;Nzola;A;Cagliari;0;39.5;10;4;0;0.0;0.0;0;0;30.0;50.0;available
2026-09-07T17:05:21.248718+02:00;Milik;A;Juventus;0;39.5;10;4;0;0.0;0.0;0;0;30.0;50.0;available
2026-09-07T17:05:21.248718+02:00;Ndaba;D;Lecce;0;39.3;5;2;2;5.5;5.5;0;0;40.0;50.0;available
2026-09-07T17:05:21.248718+02:00;Drameh;D;Genoa;0;39.3;10;3;0;0.0;0.0;0;0;30.0;50.0;available
2026-09-07T17:05:21.248718+02:00;Pompei;P;Atalanta;0;39.2;1;1;0;0.0;0.0;0;0;1.0;50.0;available
2026-09-07T17:05:21.248718+02:00;Pisseri;P;Frosinone;0;39.2;1;1;0;0.0;0.0;0;0;1.0;50.0;available
2026-09-07T17:05:21.248718+02:00;Renzetti;P;Lazio;0;39.2;1;1;0;0.0;0.0;0;0;1.0;50.0;available
2026-09-07T17:05:21.248718+02:00;Happonen;P;Bologna;0;39.2;1;1;0;0.0;0.0;0;0;1.0;50.0;available
2026-09-07T17:05:21.248718+02:00;Pozzi;P;Venezia;0;39.2;1;1;0;0.0;0.0;0;0;1.0;50.0;available
2026-09-07T17:05:21.248718+02:00;Strajnar;P;Monza;0;39.2;1;1;0;0.0;0.0;0;0;1.0;50.0;available
2026-09-07T17:05:21.248718+02:00;Siviero;P;Torino;0;39.2;1;1;0;0.0;0.0;0;0;1.0;50.0;available
2026-09-07T17:05:21.248718+02:00;Torriani;P;Milan;0;39.2;1;1;0;0.0;0.0;0;0;1.0;50.0;available
2026-09-07T17:05:21.248718+02:00;Grandi;P;Venezia;0;39.2;1;1;0;0.0;0.0;0;0;1.0;50.0;available
2026-09-07T17:05:21.248718+02:00;Sherri;P;Cagliari;0;39.2;1;1;0;0.0;0.0;0;0;1.0;50.0;available
2026-09-07T17:05:21.248718+02:00;Piana;P;Udinese;0;39.2;1;1;0;0.0;0.0;0;0;1.0;50.0;available
2026-09-07T17:05:21.248718+02:00;Bleve;P;Lecce;0;39.2;1;1;0;0.0;0.0;0;0;1.0;50.0;available
2026-09-07T17:05:21.248718+02:00;Ghidotti;P;Parma;0;39.2;1;1;0;0.0;0.0;0;0;1.0;50.0;available
2026-09-07T17:05:21.248718+02:00;Contini;P;Napoli;0;39.2;1;1;0;0.0;0.0;0;0;1.0;50.0;available
2026-09-07T17:05:21.248718+02:00;Vigorito;P;Como;0;39.2;1;1;0;0.0;0.0;0;0;1.0;50.0;available
2026-09-07T17:05:21.248718+02:00;Satalino;P;Sassuolo;0;39.2;1;1;0;0.0;0.0;0;0;1.0;50.0;available
2026-09-07T17:05:21.248718+02:00;Pinsoglio;P;Juventus;0;39.2;1;1;0;0.0;0.0;0;0;1.0;50.0;available
2026-09-07T17:05:21.248718+02:00;Di Gennaro;P;Inter;0;39.2;1;1;0;0.0;0.0;0;0;1.0;50.0;available
2026-09-07T17:05:21.248718+02:00;Padelli;P;Udinese;0;39.2;1;1;0;0.0;0.0;0;0;1.0;50.0;available
2026-09-07T17:05:21.248718+02:00;Sommariva;P;Genoa;0;39.2;1;1;0;0.0;0.0;0;0;1.0;50.0;available
2026-09-07T17:05:21.248718+02:00;Lezzerini;P;Fiorentina;0;39.2;1;1;0;0.0;0.0;0;0;1.0;50.0;available
2026-09-07T17:05:21.248718+02:00;Grillitsch;C;Frosinone;0;39.0;10;4;0;0.0;0.0;0;0;55.0;50.0;available
2026-09-07T17:05:21.248718+02:00;De Roon;C;Roma;0;39.0;10;4;0;0.0;0.0;0;0;55.0;50.0;available
2026-09-07T17:05:21.248718+02:00;Ngom;C;Lecce;0;39.0;12;4;2;5.5;5.25;0;0;60.0;50.0;available
2026-09-07T17:05:21.248718+02:00;Bakoune;D;Monza;0;38.9;4;2;1;5.5;5.5;0;0;30.0;50.0;available
2026-09-07T17:05:21.248718+02:00;Cataldi;C;Lazio;0;38.6;12;4;0;0.0;0.0;0;0;30.0;50.0;available
2026-09-07T17:05:21.248718+02:00;Ekhator;A;Juventus;0;38.3;10;3;0;0.0;0.0;0;0;30.0;50.0;available
2026-09-07T17:05:21.248718+02:00;Otoa;D;Genoa;0;38.3;5;2;1;5.0;5.0;0;0;35.0;50.0;available
2026-09-07T17:05:21.248718+02:00;Cremaschi;C;Parma;0;38.1;3;2;1;5.5;5.5;0;0;40.0;50.0;available
2026-09-07T17:05:21.248718+02:00;Lauberbach;A;Venezia;0;37.6;1;1;1;5.5;5.5;0;0;35.0;51.5;available
2026-09-07T17:05:21.248718+02:00;Sulemana K.;A;Atalanta;0;37.4;8;6;0;0.0;0.0;0;0;30.0;50.0;available
2026-09-07T17:05:21.248718+02:00;Tchato;D;Frosinone;0;37.1;8;3;0;0.0;0.0;0;0;40.0;50.0;available
2026-09-07T17:05:21.248718+02:00;Traorè Hj.;C;Genoa;0;36.9;11;4;0;0.0;0.0;0;0;35.0;50.0;available
2026-09-07T17:05:21.248718+02:00;Tomori;D;Milan;0;36.4;8;6;0;0.0;0.0;0;0;25.0;50.0;available
2026-09-07T17:05:21.248718+02:00;Amorim;C;Genoa;0;36.3;11;4;3;5.67;5.5;0;0;60.0;50.0;available
2026-09-07T17:05:21.248718+02:00;Gagliardini;C;Cagliari;0;36.1;8;3;0;0.0;0.0;0;0;55.0;50.0;available
2026-09-07T17:05:21.248718+02:00;Adorante;A;Venezia;0;35.9;8;4;0;0.0;0.0;0;0;30.0;50.0;available
2026-09-07T17:05:21.248718+02:00;Foe Ondoa;C;Monza;0;35.5;2;2;1;5.0;5.0;0;0;55.0;50.0;available
2026-09-07T17:05:21.248718+02:00;Arizala;D;Udinese;0;35.5;8;4;0;0.0;0.0;0;0;30.0;46.2;available
2026-09-07T17:05:21.248718+02:00;Goglichidze;D;Monza;0;35.3;5;2;0;0.0;0.0;0;0;55.0;50.0;available
2026-09-07T17:05:21.248718+02:00;Drobnic;D;Parma;0;35.3;1;2;1;5.5;5.5;0;0;30.0;50.0;available
2026-09-07T17:05:21.248718+02:00;Gandelman;C;Lecce;0;35.0;10;4;0;0.0;0.0;0;0;35.0;50.0;available
2026-09-07T17:05:21.248718+02:00;Mkhitaryan;C;Inter;0;34.9;9;4;0;0.0;0.0;0;0;40.0;50.0;available
2026-09-07T17:05:21.248718+02:00;Ranieri L.;D;Fiorentina;0;34.8;10;3;1;4.5;4.5;0;0;40.0;50.0;available
2026-09-07T17:05:21.248718+02:00;Kambwala;D;Como;0;34.1;8;3;0;0.0;0.0;0;0;25.0;50.0;available
2026-09-07T17:05:21.248718+02:00;Kaba;C;Lecce;0;34.0;2;1;0;0.0;0.0;0;0;80.0;50.0;available
2026-09-07T17:05:21.248718+02:00;Addai;C;Como;0;34.0;10;4;0;0.0;0.0;0;0;30.0;50.0;available
2026-09-07T17:05:21.248718+02:00;Colombo L.;C;Monza;0;34.0;4;3;1;5.5;5.0;0;0;35.0;51.5;available
2026-09-07T17:05:21.248718+02:00;Aboukhlal;C;Torino;0;33.9;5;3;2;5.5;5.5;0;0;30.0;50.0;available
2026-09-07T17:05:21.248718+02:00;Giovane;A;Napoli;0;33.6;7;4;0;0.0;0.0;0;0;30.0;50.0;available
2026-09-07T17:05:21.248718+02:00;Ziolkowski;D;Monza;0;33.5;8;1;0;0.0;0.0;0;0;30.0;50.0;available
2026-09-07T17:05:21.248718+02:00;Candè;D;Sassuolo;0;33.4;7;3;0;0.0;0.0;0;0;30.0;50.0;available
2026-09-07T17:05:21.248718+02:00;Sverko;D;Venezia;0;33.4;7;3;0;0.0;0.0;0;0;30.0;50.0;available
2026-09-07T17:05:21.248718+02:00;Akpoguma;D;Frosinone;0;32.6;6;3;0;0.0;0.0;0;0;30.0;50.0;available
2026-09-07T17:05:21.248718+02:00;Lazzari;D;Lazio;0;32.3;5;2;0;0.0;0.0;0;0;40.0;50.0;available
2026-09-07T17:05:21.248718+02:00;Havel;A;Genoa;0;31.2;5;4;0;0.0;0.0;0;0;30.0;50.0;available
2026-09-07T17:05:21.248718+02:00;Casale;D;Bologna;0;31.2;5;3;0;0.0;0.0;0;0;30.0;50.0;available
2026-09-07T17:05:21.248718+02:00;Pellegrini Lu.;D;Lazio;0;30.5;7;2;0;0.0;0.0;0;0;20.0;50.0;available
2026-09-07T17:05:21.248718+02:00;Aurelio;D;Cagliari;0;29.3;5;2;0;0.0;0.0;0;0;25.0;50.0;available
2026-09-07T17:05:21.248718+02:00;Gelli F.;C;Frosinone;0;29.0;6;3;0;0.0;0.0;0;0;30.0;50.0;available
2026-09-07T17:05:21.248718+02:00;Stankovic A.;C;Inter;0;28.8;7;3;0;0.0;0.0;0;0;25.0;50.0;available
2026-09-07T17:05:21.248718+02:00;Ciervo;C;Cagliari;0;28.6;1;1;0;0.0;0.0;0;0;60.0;50.0;available
2026-09-07T17:05:21.248718+02:00;Chakvetadze;C;Udinese;0;28.4;6;2;0;0.0;0.0;0;0;30.0;50.0;available
2026-09-07T17:05:21.248718+02:00;Ciurria;C;Monza;0;28.4;6;2;0;0.0;0.0;0;0;30.0;50.0;available
2026-09-07T17:05:21.248718+02:00;Jovanovic;C;Udinese;0;28.3;5;2;0;0.0;0.0;0;0;35.0;50.0;available
2026-09-07T17:05:21.248718+02:00;Biraghi;D;Torino;0;28.3;5;2;0;0.0;0.0;0;0;20.0;50.0;available
2026-09-07T17:05:21.248718+02:00;Helgason;C;Venezia;0;27.8;3;3;0;0.0;0.0;0;0;40.0;50.0;available
2026-09-07T17:05:21.248718+02:00;Puczka;D;Genoa;0;27.7;3;2;0;0.0;0.0;0;0;35.0;50.0;available
2026-09-07T17:05:21.248718+02:00;Idrissi R.;D;Cagliari;0;27.6;3;3;0;0.0;0.0;0;0;30.0;50.0;available
2026-09-07T17:05:21.248718+02:00;Cabal;D;Juventus;0;27.5;4;1;0;0.0;0.0;0;0;30.0;50.0;available
2026-09-07T17:05:21.248718+02:00;Dagasso;C;Venezia;0;27.5;1;1;1;5.5;5.0;0;0;25.0;50.0;available
2026-09-07T17:05:21.248718+02:00;Boloca;C;Sassuolo;0;27.3;5;2;0;0.0;0.0;0;0;30.0;50.0;available
2026-09-07T17:05:21.248718+02:00;Terracciano F.;D;Milan;0;27.2;4;2;0;0.0;0.0;0;0;25.0;50.0;available
2026-09-07T17:05:21.248718+02:00;El Azzouzi O.;C;Bologna;0;27.0;10;2;1;5.0;4.5;0;0;30.0;50.0;available
2026-09-07T17:05:21.248718+02:00;Robinho Junior;A;Genoa;0;26.9;3;1;0;0.0;0.0;0;0;30.0;50.0;available
2026-09-07T17:05:21.248718+02:00;Venturino;C;Genoa;0;26.2;4;2;0;0.0;0.0;0;0;30.0;50.0;available
2026-09-07T17:05:21.248718+02:00;Duncan;C;Venezia;0;26.2;4;2;0;0.0;0.0;0;0;30.0;50.0;available
2026-09-07T17:05:21.248718+02:00;Diawara S.;D;Milan;0;26.2;4;2;0;0.0;0.0;0;0;20.0;50.0;available
2026-09-07T17:05:21.248718+02:00;Dembelè A.;D;Lecce;0;26.1;2;1;0;0.0;0.0;0;0;35.0;50.0;available
2026-09-07T17:05:21.248718+02:00;Jean;D;Lecce;0;26.0;4;2;0;0.0;0.0;0;0;20.0;48.5;available
2026-09-07T17:05:21.248718+02:00;Marianucci;D;Napoli;0;25.9;3;1;0;0.0;0.0;0;0;30.0;50.0;available
2026-09-07T17:05:21.248718+02:00;Przyborek;C;Lazio;0;25.8;5;1;0;0.0;0.0;0;0;25.0;50.0;available
2026-09-07T17:05:21.248718+02:00;Trepy;A;Cagliari;0;25.7;2;1;0;0.0;0.0;0;0;30.0;50.0;available
2026-09-07T17:05:21.248718+02:00;Enem;A;Bologna;0;25.6;4;2;0;0.0;0.0;0;0;15.0;50.0;available
2026-09-07T17:05:21.248718+02:00;De Silvestri;D;Bologna;0;25.5;4;1;0;0.0;0.0;0;0;20.0;50.0;available
2026-09-07T17:05:21.248718+02:00;Maye;D;Monza;0;24.9;1;1;0;0.0;0.0;0;0;35.0;50.0;available
2026-09-07T17:05:21.248718+02:00;Carboni F.;D;Parma;0;24.9;3;1;0;0.0;0.0;0;0;25.0;50.0;available
2026-09-07T17:05:21.248718+02:00;Rugani;D;Juventus;0;24.9;3;1;0;0.0;0.0;0;0;25.0;50.0;available
2026-09-07T17:05:21.248718+02:00;Kone B.;C;Frosinone;0;24.7;3;1;0;0.0;0.0;0;0;30.0;50.0;available
2026-09-07T17:05:21.248718+02:00;Pieragnolo;D;Sassuolo;0;23.9;1;1;0;0.0;0.0;0;0;30.0;50.0;available
2026-09-07T17:05:21.248718+02:00;Patric;D;Lazio;0;23.9;1;1;0;0.0;0.0;0;0;30.0;50.0;available
2026-09-07T17:05:21.248718+02:00;Antov;D;Monza;0;23.1;2;1;0;0.0;0.0;0;0;20.0;50.0;available
2026-09-07T17:05:21.248718+02:00;Gomes;D;Venezia;0;22.9;1;1;0;0.0;0.0;0;0;25.0;50.0;available
2026-09-07T17:05:21.248718+02:00;Laerke;C;Lecce;0;22.8;1;1;0;0.0;0.0;0;0;30.0;51.5;available
2026-09-07T17:05:21.248718+02:00;Comotto;C;Milan;0;22.6;1;1;0;0.0;0.0;0;0;30.0;50.0;available
2026-09-07T17:05:21.248718+02:00;El Azzouzi A.;C;Frosinone;0;22.6;1;1;0;0.0;0.0;0;0;30.0;50.0;available
2026-09-07T17:05:21.248718+02:00;Fofana Sa.;C;Lecce;0;22.6;1;1;0;0.0;0.0;0;0;30.0;50.0;available
2026-09-07T17:05:21.248718+02:00;Omar Fayed;D;Frosinone;0;21.9;1;1;0;0.0;0.0;0;0;20.0;50.0;available
2026-09-07T17:05:21.248718+02:00;Amey;D;Frosinone;0;21.9;1;1;0;0.0;0.0;0;0;20.0;50.0;available
2026-09-07T17:05:21.248718+02:00;Goldaniga;D;Como;0;21.9;1;1;0;0.0;0.0;0;0;20.0;50.0;available
2026-09-07T17:05:21.248718+02:00;Sierro;C;Parma;0;21.6;1;1;0;0.0;0.0;0;0;25.0;50.0;available
2026-09-07T17:05:21.248718+02:00;De Martis;A;Parma;0;21.2;1;1;0;0.0;0.0;0;0;15.0;50.0;available
2026-09-07T17:05:21.248718+02:00;Lisman;A;Venezia;0;21.2;1;1;0;0.0;0.0;0;0;15.0;50.0;available
2026-09-07T17:05:21.248718+02:00;Liteta;C;Cagliari;0;20.6;1;1;0;0.0;0.0;0;0;20.0;50.0;available
2026-09-07T17:05:21.248718+02:00;Bayo V.;A;Udinese;0;20.4;3;1;1;4.5;4.5;0;0;35.0;50.0;available
2026-09-07T17:05:21.248718+02:00;Lahdo;C;Como;0;19.6;1;1;0;0.0;0.0;0;0;15.0;50.0;available
2026-09-07T17:05:21.248718+02:00;Dia;A;Lazio;1;0.0;20;10;2;6.0;6.25;0;1;0.0;50.0;available
2026-09-07T17:05:21.248718+02:00;Zappa;D;Atalanta;1;0.0;19;8;1;6.0;6.0;0;0;0.0;50.0;available
2026-09-07T17:05:21.248718+02:00;Norton-Cuffy;D;Genoa;1;0.0;15;8;2;6.0;6.0;0;0;0.0;50.0;available
2026-09-07T17:05:21.248718+02:00;Pedersen;D;Torino;1;0.0;12;5;1;6.0;6.0;0;0;0.0;50.0;available
2026-09-07T17:05:21.248718+02:00;Delli Carri;D;Monza;1;0.0;11;4;1;6.0;6.0;0;0;0.0;50.0;available
2026-09-07T17:05:21.248718+02:00;Borrelli;A;Cagliari;1;0.0;9;4;1;6.0;6.0;0;0;0.0;50.0;available
2026-09-07T17:05:21.248718+02:00;Morata;A;Roma;1;0.0;100;20;0;0.0;0.0;0;0;0.0;50.0;available
2026-09-07T17:05:21.248718+02:00;Leao;A;Milan;1;0.0;75;18;0;0.0;0.0;0;0;0.0;50.0;available
2026-09-07T17:05:21.248718+02:00;Lukaku;A;Napoli;1;0.0;45;10;0;0.0;0.0;0;0;0.0;50.0;available
2026-09-07T17:05:21.248718+02:00;Gutierrez;D;Napoli;1;0.0;26;8;0;0.0;0.0;0;0;0.0;50.0;available
2026-09-07T17:05:21.248718+02:00;Ratkov;A;Lazio;1;0.0;22;9;0;0.0;0.0;0;0;0.0;50.0;available
2026-09-07T17:05:21.248718+02:00;Nkunku;A;Milan;1;0.0;20;13;0;0.0;0.0;0;0;0.0;50.0;available
2026-09-07T17:05:21.248718+02:00;Romagnoli;D;Lazio;1;0.0;20;6;0;0.0;0.0;0;0;0.0;50.0;available
2026-09-07T17:05:21.248718+02:00;Suzuki;P;Parma;1;0.0;20;7;0;0.0;0.0;0;0;0.0;50.0;available
2026-09-07T17:05:21.248718+02:00;Ondrejka;C;Parma;1;0.0;18;5;0;0.0;0.0;0;0;0.0;50.0;available
2026-09-07T17:05:21.248718+02:00;Circati;D;Parma;1;0.0;18;6;0;0.0;0.0;0;0;0.0;50.0;available
2026-09-07T17:05:21.248718+02:00;Djimsiti;D;Atalanta;1;0.0;16;7;0;0.0;0.0;0;0;0.0;50.0;available
2026-09-07T17:05:21.248718+02:00;El Aynaoui;C;Roma;1;0.0;13;4;0;0.0;0.0;0;0;0.0;50.0;available
2026-09-07T17:05:21.248718+02:00;Ahanor;D;Atalanta;1;0.0;13;6;0;0.0;0.0;0;0;0.0;50.0;available
2026-09-07T17:05:21.248718+02:00;Sorensen O.;C;Parma;1;0.0;12;3;0;0.0;0.0;0;0;0.0;50.0;available
2026-09-07T17:05:21.248718+02:00;Angelino;D;Roma;1;0.0;12;3;0;0.0;0.0;0;0;0.0;50.0;available
2026-09-07T17:05:21.248718+02:00;Koutsoupias;C;Frosinone;1;0.0;11;4;0;0.0;0.0;0;0;0.0;50.0;available
2026-09-07T17:05:21.248718+02:00;Gimenez;A;Milan;1;0.0;10;6;0;0.0;0.0;0;0;0.0;50.0;available
2026-09-07T17:05:21.248718+02:00;Dallinga;A;Bologna;1;0.0;10;8;0;0.0;0.0;0;0;0.0;50.0;available
2026-09-07T17:05:21.248718+02:00;Fofana Y.;C;Milan;1;0.0;10;4;0;0.0;0.0;0;0;0.0;50.0;available
2026-09-07T17:05:21.248718+02:00;Di Gregorio;P;Juventus;1;0.0;10;9;0;0.0;0.0;0;0;0.0;50.0;available
2026-09-07T17:05:21.248718+02:00;Cuenca A.;D;Como;1;0.0;8;1;0;0.0;0.0;0;0;0.0;50.0;available
2026-09-07T17:05:21.248718+02:00;Athekame;D;Milan;1;0.0;8;3;0;0.0;0.0;0;0;0.0;50.0;available
2026-09-07T17:05:21.248718+02:00;Martin;D;Genoa;1;0.0;8;4;0;0.0;0.0;0;0;0.0;50.0;available
2026-09-07T17:05:21.248718+02:00;Mutandwa;A;Cagliari;1;0.0;7;6;0;0.0;0.0;0;0;0.0;50.0;available
2026-09-07T17:05:21.248718+02:00;Prati;C;Cagliari;1;0.0;7;4;0;0.0;0.0;0;0;0.0;50.0;available
2026-09-07T17:05:21.248718+02:00;Miretti;C;Juventus;1;0.0;7;3;0;0.0;0.0;0;0;0.0;50.0;available
2026-09-07T17:05:21.248718+02:00;Kuhn;A;Como;1;0.0;5;3;0;0.0;0.0;0;0;0.0;50.0;available
2026-09-07T17:05:21.248718+02:00;Petagna;A;Monza;1;0.0;5;2;0;0.0;0.0;0;0;0.0;50.0;available
2026-09-07T17:05:21.248718+02:00;Perin;P;Juventus;1;0.0;5;6;0;0.0;0.0;0;0;0.0;50.0;available
2026-09-07T17:05:21.248718+02:00;Buksa;A;Udinese;1;0.0;4;2;0;0.0;0.0;0;0;0.0;50.0;available
2026-09-07T17:05:21.248718+02:00;Vaz;A;Roma;1;0.0;4;1;0;0.0;0.0;0;0;0.0;50.0;available
2026-09-07T17:05:21.248718+02:00;Anjorin;C;Torino;1;0.0;4;1;0;0.0;0.0;0;0;0.0;50.0;available
2026-09-07T17:05:21.248718+02:00;Camara A.;C;Udinese;1;0.0;3;1;0;0.0;0.0;0;0;0.0;50.0;available
2026-09-07T17:05:21.248718+02:00;Bjarkason;C;Venezia;1;0.0;3;1;0;0.0;0.0;0;0;0.0;50.0;available
2026-09-07T17:05:21.248718+02:00;Mlacic;D;Udinese;1;0.0;3;1;0;0.0;0.0;0;0;0.0;50.0;available
2026-09-07T17:05:21.248718+02:00;Oyono J.;D;Frosinone;1;0.0;2;1;0;0.0;0.0;0;0;0.0;50.0;available
2026-09-07T17:05:21.248718+02:00;Vogliacco;D;Genoa;1;0.0;2;1;0;0.0;0.0;0;0;0.0;50.0;available
2026-09-07T17:05:21.248718+02:00;Matturro;D;Genoa;1;0.0;2;1;0;0.0;0.0;0;0;0.0;50.0;available
2026-09-07T17:05:21.248718+02:00;Missori;D;Sassuolo;1;0.0;2;1;0;0.0;0.0;0;0;0.0;50.0;available
2026-09-07T17:05:21.248718+02:00;Albarracin;A;Cagliari;1;0.0;1;1;0;0.0;0.0;0;0;0.0;50.0;available
2026-09-07T17:05:21.248718+02:00;Moro L.;A;Sassuolo;1;0.0;1;1;0;0.0;0.0;0;0;0.0;50.0;available
2026-09-07T17:05:21.248718+02:00;Azon;A;Como;1;0.0;1;1;0;0.0;0.0;0;0;0.0;50.0;available
2026-09-07T17:05:21.248718+02:00;Iannoni;C;Sassuolo;1;0.0;1;1;0;0.0;0.0;0;0;0.0;50.0;available
2026-09-07T17:05:21.248718+02:00;Corrado;D;Frosinone;1;0.0;1;1;0;0.0;0.0;0;0;0.0;50.0;available
2026-09-07T17:05:21.248718+02:00;Gelli J.;D;Frosinone;1;0.0;1;1;0;0.0;0.0;0;0;0.0;50.0;available
2026-09-07T17:05:21.248718+02:00;Macchioni;D;Sassuolo;1;0.0;1;1;0;0.0;0.0;0;0;0.0;50.0;available
2026-09-07T17:05:21.248718+02:00;Raterink;D;Cagliari;1;0.0;1;1;0;0.0;0.0;0;0;0.0;50.0;available
2026-09-07T17:05:21.248718+02:00;Perez M.;D;Lecce;1;0.0;1;1;0;0.0;0.0;0;0;0.0;50.0;available
2026-09-07T17:05:21.248718+02:00;Vismara;P;Atalanta;1;0.0;1;1;0;0.0;0.0;0;0;0.0;50.0;available
2026-09-07T17:05:21.248718+02:00;Samooja;P;Lecce;1;0.0;1;1;0;0.0;0.0;0;0;0.0;50.0;available
2026-09-07T17:05:21.248718+02:00;Paleari;P;Torino;1;0.0;1;1;0;0.0;0.0;0;0;0.0;50.0;available
2026-09-07T17:05:21.248718+02:00;Ciocci;P;Cagliari;1;0.0;1;1;0;0.0;0.0;0;0;0.0;50.0;available
2026-09-07T17:05:21.248718+02:00;Fruchtl;P;Lecce;1;0.0;1;1;0;0.0;0.0;0;0;0.0;50.0;available
2026-09-07T17:05:21.248718+02:00;Rossi F.;P;Atalanta;1;0.0;1;1;0;0.0;0.0;0;0;0.0;50.0;available
2026-09-07T17:05:21.248718+02:00;David;A;Juventus;1;0.0;25;8;1;5.0;5.0;0;0;0.0;50.0;available
2026-09-07T17:05:21.248718+02:00;Pizzignacco;P;Monza;1;0.0;1;1;1;4.5;0.5;0;0;0.0;50.0;available
2026-09-07T22:40:06.488163+02:00;Vergara;C;Napoli;0;88.0;35;10;2;6.5;8.25;1;1;100.0;50.0;available
2026-09-07T22:40:06.488163+02:00;Cristante;C;Roma;0;87.4;29;9;3;6.5;6.5;0;0;100.0;50.0;available
2026-09-07T22:40:06.488163+02:00;Locatelli;C;Juventus;0;87.3;33;9;3;6.33;6.5;0;1;100.0;50.0;available
2026-09-07T22:40:06.488163+02:00;De Winter;D;Milan;0;86.3;20;5;3;6.5;6.33;0;0;100.0;50.0;available
2026-09-07T22:40:06.488163+02:00;Doekhi;D;Lazio;0;84.8;16;8;2;6.25;6.25;0;0;100.0;53.0;available
2026-09-07T22:40:06.488163+02:00;Romano;C;Cagliari;0;84.5;21;7;2;7.0;8.5;1;0;100.0;51.5;available
2026-09-07T22:40:06.488163+02:00;Osmajic;A;Genoa;0;83.9;28;8;2;6.0;7.5;1;0;100.0;50.0;available
2026-09-07T22:40:06.488163+02:00;Comuzzo;D;Torino;0;83.5;13;8;3;6.17;7.17;1;0;100.0;50.0;available
2026-09-07T22:40:06.488163+02:00;Ferguson;C;Bologna;0;81.7;23;7;3;6.17;6.17;0;0;100.0;50.0;available
2026-09-07T22:40:06.488163+02:00;Njie;C;Fiorentina;0;81.2;28;4;2;6.25;6.25;0;0;100.0;50.0;available
2026-09-07T22:40:06.488163+02:00;Calvani;D;Frosinone;0;80.5;13;5;3;6.5;6.17;0;0;100.0;50.0;available
2026-09-07T22:40:06.488163+02:00;Obert;D;Cagliari;0;79.9;15;7;2;6.0;6.0;0;0;100.0;51.5;available
2026-09-07T22:40:06.488163+02:00;Romero D.;A;Parma;0;79.6;37;10;2;5.75;5.75;0;0;100.0;50.0;available
2026-09-07T22:40:06.488163+02:00;Rodriguez Ju.;D;Cagliari;0;79.5;14;4;2;6.25;6.25;0;0;100.0;51.5;available
2026-09-07T22:40:06.488163+02:00;Coulibaly L.;C;Lecce;0;78.8;17;7;2;6.0;6.5;0;1;100.0;51.5;available
2026-09-07T22:40:06.488163+02:00;Leysen F.;D;Sassuolo;0;78.8;12;6;3;6.17;6.5;0;1;100.0;50.0;available
2026-09-07T22:40:06.488163+02:00;Cissè A.;C;Milan;0;78.5;24;5;3;6.67;8.5;2;0;60.0;50.0;available
2026-09-07T22:40:06.488163+02:00;Karlstrom;C;Udinese;0;78.1;20;7;2;6.0;6.0;0;0;100.0;51.5;available
2026-09-07T22:40:06.488163+02:00;Chukwueze;C;Milan;0;78.1;22;8;3;6.67;7.33;0;2;60.0;50.0;available
2026-09-07T22:40:06.488163+02:00;Comert;D;Torino;0;77.1;12;4;2;6.0;6.5;0;1;100.0;50.0;available
2026-09-07T22:40:06.488163+02:00;Fortini;D;Torino;0;77.1;12;6;3;6.17;6.17;0;0;100.0;50.0;available
2026-09-07T22:40:06.488163+02:00;Maldini;A;Cagliari;0;76.9;21;5;2;5.75;5.75;1;0;100.0;61.5;available
2026-09-07T22:40:06.488163+02:00;Fitz-Jim;C;Torino;0;76.9;18;5;3;6.17;6.17;0;0;100.0;50.0;available
2026-09-07T22:40:06.488163+02:00;Provstgaard;D;Lazio;0;76.1;13;4;2;6.25;6.0;0;0;100.0;51.5;available
2026-09-07T22:40:06.488163+02:00;Pisilli;C;Roma;0;75.7;19;7;2;6.25;7.75;1;0;60.0;50.0;available
2026-09-07T22:40:06.488163+02:00;Bartesaghi;D;Milan;0;75.6;22;8;2;6.0;6.0;0;0;55.0;50.0;available
2026-09-07T22:40:06.488163+02:00;Oyono A.;D;Frosinone;0;74.7;10;6;3;6.5;6.67;0;1;100.0;50.0;available
2026-09-07T22:40:06.488163+02:00;Baldanzi;C;Genoa;0;74.7;28;11;3;5.83;5.83;0;0;100.0;50.0;available
2026-09-07T22:40:06.488163+02:00;Adopo;C;Cagliari;0;74.6;13;7;2;6.0;6.5;0;1;100.0;51.5;available
2026-09-07T22:40:06.488163+02:00;Hainaut;D;Venezia;0;74.6;12;4;3;6.0;6.33;0;1;100.0;50.0;available
2026-09-07T22:40:06.488163+02:00;Doig;D;Sassuolo;0;74.3;10;5;3;6.17;7.17;1;0;100.0;50.0;available
2026-09-07T22:40:06.488163+02:00;Musah;C;Milan;0;74.2;15;3;3;6.17;6.17;0;0;100.0;50.0;available
2026-09-07T22:40:06.488163+02:00;Coco;D;Torino;0;74.2;14;7;3;5.67;5.67;0;0;100.0;50.0;available
2026-09-07T22:40:06.488163+02:00;Busio;C;Venezia;0;72.9;14;5;3;6.17;6.33;0;1;100.0;50.0;available
2026-09-07T22:40:06.488163+02:00;Matic;C;Sassuolo;0;72.9;15;6;3;6.17;6.0;0;0;100.0;50.0;available
2026-09-07T22:40:06.488163+02:00;Rrahmani Al.;A;Venezia;0;72.3;13;7;1;5.5;5.5;0;0;100.0;50.0;available
2026-09-07T22:40:06.488163+02:00;Koopmeiners;C;Juventus;0;72.2;15;7;2;6.75;8.75;1;1;60.0;50.0;available
2026-09-07T22:40:06.488163+02:00;Veiga D.;D;Lecce;0;72.2;12;6;2;5.75;6.0;0;1;100.0;51.5;available
2026-09-07T22:40:06.488163+02:00;Pierotti;C;Lecce;0;71.8;19;6;2;5.75;5.75;0;0;100.0;51.5;available
2026-09-07T22:40:06.488163+02:00;Pedraza;D;Lazio;0;71.6;14;6;2;6.0;6.0;0;0;60.0;50.0;available
2026-09-07T22:40:06.488163+02:00;Holm;D;Bologna;0;71.5;13;6;3;6.0;5.83;0;0;100.0;50.0;available
2026-09-07T22:40:06.488163+02:00;Unai Gomez;C;Udinese;0;70.6;16;7;1;5.5;5.5;0;0;100.0;51.5;available
2026-09-07T22:40:06.488163+02:00;Colpani;C;Monza;0;70.5;15;9;3;5.83;6.83;1;0;60.0;50.0;available
2026-09-07T22:40:06.488163+02:00;Lulli;D;Roma;0;70.4;10;2;3;6.33;6.33;0;0;100.0;50.0;available
2026-09-07T22:40:06.488163+02:00;Akinsanmiro;C;Monza;0;69.7;11;7;2;6.25;6.75;0;1;100.0;50.0;available
2026-09-07T22:40:06.488163+02:00;Frendrup;C;Genoa;0;69.6;19;7;3;5.83;5.83;0;0;100.0;50.0;available
2026-09-07T22:40:06.488163+02:00;Gallo;D;Lecce;0;69.6;12;6;1;5.5;5.5;0;0;100.0;53.0;available
2026-09-07T22:40:06.488163+02:00;Mendy P.;A;Cagliari;0;69.5;12;4;2;5.75;5.75;0;0;100.0;51.5;available
2026-09-07T22:40:06.488163+02:00;Zè Pedro;D;Cagliari;0;69.5;13;5;2;5.75;5.5;0;0;100.0;51.5;available
2026-09-07T22:40:06.488163+02:00;Elmas;C;Atalanta;0;69.5;22;7;2;5.5;5.5;0;0;100.0;50.0;available
2026-09-07T22:40:06.488163+02:00;Ismajli;D;Torino;0;69.5;13;7;3;6.17;6.17;0;0;40.0;50.0;available
2026-09-07T22:40:06.488163+02:00;Obrador;D;Sassuolo;0;69.3;13;6;1;6.0;6.0;0;0;60.0;50.0;available
2026-09-07T22:40:06.488163+02:00;Marusic;D;Lazio;0;69.3;20;6;1;6.0;6.0;0;0;30.0;50.0;available
2026-09-07T22:40:06.488163+02:00;Estupinan;D;Milan;0;69.2;13;3;2;5.75;5.5;0;0;100.0;50.0;available
2026-09-07T22:40:06.488163+02:00;Folorunsho;C;Monza;0;68.7;17;4;2;6.0;5.75;0;0;100.0;50.0;available
2026-09-07T22:40:06.488163+02:00;Gnonto;A;Fiorentina;0;68.6;25;7;1;5.5;5.5;0;0;55.0;50.0;available
2026-09-07T22:40:06.488163+02:00;Winks;C;Cagliari;0;68.3;15;6;2;5.75;5.75;0;0;100.0;51.5;available
2026-09-07T22:40:06.488163+02:00;Fatah;A;Lecce;0;68.3;14;4;1;6.0;6.0;0;0;55.0;50.0;available
2026-09-07T22:40:06.488163+02:00;Gabbia;D;Milan;0;68.2;15;7;1;6.0;6.0;0;0;30.0;50.0;available
2026-09-07T22:40:06.488163+02:00;Floriani Mussolini;D;Lazio;0;67.9;10;4;2;6.25;6.0;0;0;100.0;51.5;available
2026-09-07T22:40:06.488163+02:00;Oulai;C;Fiorentina;0;67.9;18;6;3;5.67;5.67;0;0;100.0;50.0;available
2026-09-07T22:40:06.488163+02:00;Braganca;C;Torino;0;67.7;20;6;1;6.0;6.0;0;0;55.0;50.0;available
2026-09-07T22:40:06.488163+02:00;Kempf;D;Como;0;67.6;13;5;1;6.5;6.5;0;0;40.0;50.0;available
2026-09-07T22:40:06.488163+02:00;Birindelli;D;Monza;0;67.5;12;4;3;5.83;5.83;0;0;100.0;50.0;available
2026-09-07T22:40:06.488163+02:00;Zalewski;C;Atalanta;0;67.4;18;7;3;5.83;6.17;0;1;40.0;50.0;available
2026-09-07T22:40:06.488163+02:00;Kossounou;D;Atalanta;0;66.6;12;4;3;5.67;5.67;0;0;100.0;50.0;available
2026-09-07T22:40:06.488163+02:00;Viery;D;Fiorentina;0;66.5;12;6;2;5.5;5.5;0;0;100.0;50.0;available
2026-09-07T22:40:06.488163+02:00;Mota;A;Monza;0;66.4;8;4;1;6.0;6.0;0;0;100.0;50.0;available
2026-09-07T22:40:06.488163+02:00;Lucca;A;Napoli;0;66.3;12;4;2;6.0;6.0;0;0;60.0;50.0;available
2026-09-07T22:40:06.488163+02:00;Abankwah;D;Udinese;0;65.9;10;2;2;6.25;6.0;0;0;100.0;53.0;available
2026-09-07T22:40:06.488163+02:00;Kelly L.;D;Juventus;0;65.8;12;5;2;6.0;6.0;0;0;60.0;50.0;available
2026-09-07T22:40:06.488163+02:00;Monteiro J.;C;Lecce;0;65.7;23;7;0;0.0;0.0;0;0;100.0;56.8;available
2026-09-07T22:40:06.488163+02:00;Bakola;C;Sassuolo;0;65.7;14;6;2;6.25;6.25;0;0;55.0;50.0;available
2026-09-07T22:40:06.488163+02:00;Britschgi;D;Parma;0;65.4;10;3;2;6.0;6.0;0;0;100.0;50.0;available
2026-09-07T22:40:06.488163+02:00;Neres;A;Napoli;0;65.4;20;6;1;5.5;5.5;0;0;50.0;50.0;available
2026-09-07T22:40:06.488163+02:00;Douglas Luiz;C;Juventus;0;65.1;15;4;3;5.83;5.83;0;0;100.0;50.0;available
2026-09-07T22:40:06.488163+02:00;Robinson J.;A;Monza;0;64.9;5;4;1;7.0;10.0;1;0;100.0;50.0;available
2026-09-07T22:40:06.488163+02:00;Masini;C;Frosinone;0;64.9;8;3;3;6.33;6.67;0;1;100.0;50.0;available
2026-09-07T22:40:06.488163+02:00;Lontani;A;Parma;0;64.9;11;3;3;6.33;7.33;1;0;60.0;50.0;available
2026-09-07T22:40:06.488163+02:00;Cancellieri;C;Lazio;0;64.2;25;9;2;5.75;5.5;0;0;55.0;50.0;available
2026-09-07T22:40:06.488163+02:00;Rovella;C;Lazio;0;64.0;16;7;2;6.25;6.25;0;0;30.0;50.0;available
2026-09-07T22:40:06.488163+02:00;Pobega;C;Bologna;0;63.1;12;6;2;5.75;5.75;0;0;100.0;50.0;available
2026-09-07T22:40:06.488163+02:00;Fini;C;Frosinone;0;62.5;13;4;3;5.83;5.83;0;0;100.0;50.0;available
2026-09-07T22:40:06.488163+02:00;Caqueret;C;Como;0;62.5;17;6;2;6.0;6.0;0;0;30.0;50.0;available
2026-09-07T22:40:06.488163+02:00;Patterson;D;Torino;0;62.0;12;5;1;6.0;6.0;0;0;40.0;50.0;available
2026-09-07T22:40:06.488163+02:00;Jashari;C;Milan;0;61.9;13;5;2;6.0;6.0;0;0;55.0;50.0;available
2026-09-07T22:40:06.488163+02:00;Zhegrova;C;Juventus;0;61.9;17;6;1;5.5;5.5;0;0;50.0;50.0;available
2026-09-07T22:40:06.488163+02:00;Haps;D;Venezia;0;61.8;10;5;3;6.0;5.83;0;0;100.0;50.0;available
2026-09-07T22:40:06.488163+02:00;Schmid;C;Frosinone;0;61.6;25;8;3;5.83;5.5;0;0;100.0;50.0;available
2026-09-07T22:40:06.488163+02:00;Tourè E.;A;Parma;0;61.4;37;10;3;5.5;5.5;0;0;100.0;50.0;available
2026-09-07T22:40:06.488163+02:00;Stankovic F.;P;Venezia;0;61.4;11;6;3;6.0;3.67;0;0;100.0;50.0;available
2026-09-07T22:40:06.488163+02:00;Kevin Carlos;A;Cagliari;0;61.3;36;12;1;5.5;5.0;0;0;30.0;50.0;available
2026-09-07T22:40:06.488163+02:00;N'Dri;A;Lecce;0;61.2;12;4;2;5.75;5.75;0;0;60.0;50.0;available
2026-09-07T22:40:06.488163+02:00;Gatti;D;Juventus;0;61.1;10;4;1;7.0;9.5;1;0;35.0;50.0;available
2026-09-07T22:40:06.488163+02:00;Badiashile;D;Napoli;0;61.1;18;7;1;5.0;5.0;0;0;30.0;50.0;available
2026-09-07T22:40:06.488163+02:00;Cinquegrano;D;Sassuolo;0;60.6;4;2;3;6.0;6.33;0;1;100.0;50.0;available
2026-09-07T22:40:06.488163+02:00;Zerbin;C;Frosinone;0;60.6;12;6;2;6.0;6.0;0;0;60.0;50.0;available
2026-09-07T22:40:06.488163+02:00;Dodò;D;Fiorentina;0;60.5;20;9;1;5.0;5.0;0;0;20.0;50.0;available
2026-09-07T22:40:06.488163+02:00;Fazzini;C;Cagliari;0;60.4;23;6;2;5.5;5.25;0;1;100.0;57.5;available
2026-09-07T22:40:06.488163+02:00;Dragusin;D;Fiorentina;0;60.4;20;7;3;4.5;4.67;0;1;100.0;50.0;available
2026-09-07T22:40:06.488163+02:00;Thuram K.;C;Juventus;0;60.0;25;9;0;0.0;0.0;0;0;60.0;50.0;available
2026-09-07T22:40:06.488163+02:00;Ghilardi;D;Roma;0;60.0;10;5;2;6.25;6.25;0;0;40.0;50.0;available
2026-09-07T22:40:06.488163+02:00;Sutalo J.;D;Lazio;0;60.0;19;7;0;0.0;0.0;0;0;50.0;50.0;available
2026-09-07T22:40:06.488163+02:00;Helland;D;Bologna;0;59.5;12;3;2;6.0;6.0;0;0;40.0;50.0;available
2026-09-07T22:40:06.488163+02:00;Miller L.;C;Udinese;0;59.4;12;4;2;6.0;6.0;0;0;60.0;50.0;available
2026-09-07T22:40:06.488163+02:00;Basic;C;Venezia;0;59.3;19;6;2;5.5;5.5;0;0;60.0;50.0;available
2026-09-07T22:40:06.488163+02:00;Lang;A;Napoli;0;59.2;14;4;2;5.5;5.5;0;0;55.0;50.0;available
2026-09-07T22:40:06.488163+02:00;Palma;D;Udinese;0;59.0;11;3;1;6.5;6.5;0;0;30.0;50.0;available
2026-09-07T22:40:06.488163+02:00;Bertola;D;Udinese;0;58.8;10;4;1;6.0;6.0;0;0;55.0;50.0;available
2026-09-07T22:40:06.488163+02:00;Casadei;C;Torino;0;58.8;27;9;1;5.0;5.0;0;0;30.0;50.0;available
2026-09-07T22:40:06.488163+02:00;Heggem;D;Bologna;0;58.5;15;6;3;5.33;5.17;0;0;100.0;50.0;available
2026-09-07T22:40:06.488163+02:00;Thiam;P;Monza;0;58.4;5;4;2;5.25;3.25;0;0;100.0;50.0;available
2026-09-07T22:40:06.488163+02:00;Alhassane;D;Bologna;0;58.3;6;2;2;6.0;6.0;0;0;100.0;50.0;available
2026-09-07T22:40:06.488163+02:00;Carboni A.;D;Monza;0;58.2;9;3;3;5.67;5.67;0;0;100.0;50.0;available
2026-09-07T22:40:06.488163+02:00;Fadera;C;Cagliari;0;57.8;12;2;1;6.0;6.0;0;0;60.0;50.0;available
2026-09-07T22:40:06.488163+02:00;Moro N.;C;Bologna;0;57.6;14;4;1;5.5;5.5;0;0;60.0;50.0;available
2026-09-07T22:40:06.488163+02:00;Ebosse;D;Udinese;0;57.3;5;3;2;5.75;5.75;0;0;100.0;59.8;available
2026-09-07T22:40:06.488163+02:00;Daffara;P;Parma;0;57.3;7;6;0;0.0;0.0;0;0;5.0;50.0;available
2026-09-07T22:40:06.488163+02:00;Lipani;C;Sassuolo;0;57.0;5;2;1;6.0;6.0;0;0;100.0;50.0;available
2026-09-07T22:40:06.488163+02:00;Valenti;D;Parma;0;57.0;10;4;1;6.0;6.0;0;0;50.0;50.0;available
2026-09-07T22:40:06.488163+02:00;Ilic;C;Lecce;0;56.9;10;1;1;6.0;5.5;0;0;100.0;56.0;available
2026-09-07T22:40:06.488163+02:00;Kouadio;D;Monza;0;56.9;14;3;3;5.67;5.5;0;0;100.0;50.0;available
2026-09-07T22:40:06.488163+02:00;Troilo;D;Parma;0;56.9;14;3;3;5.67;5.5;0;0;100.0;50.0;available
2026-09-07T22:40:06.488163+02:00;Kristensen T.;D;Atalanta;0;56.9;20;6;0;0.0;0.0;0;0;40.0;50.0;available
2026-09-07T22:40:06.488163+02:00;Fagioli;C;Fiorentina;0;56.5;20;7;3;5.33;5.17;0;0;100.0;50.0;available
2026-09-07T22:40:06.488163+02:00;Marcandalli;D;Genoa;0;56.5;14;6;3;5.17;5.17;0;0;100.0;50.0;available
2026-09-07T22:40:06.488163+02:00;Smolcic I.;D;Como;0;56.0;10;4;1;5.5;5.5;0;0;55.0;50.0;available
2026-09-07T22:40:06.488163+02:00;Odgaard;C;Bologna;0;55.7;17;8;3;5.67;5.5;0;0;100.0;50.0;available
2026-09-07T22:40:06.488163+02:00;Cichella;C;Frosinone;0;55.5;12;4;2;5.75;5.75;0;0;60.0;50.0;available
2026-09-07T22:40:06.488163+02:00;Ricci S.;C;Como;0;55.5;12;4;1;6.0;6.0;0;0;35.0;50.0;available
2026-09-07T22:40:06.488163+02:00;Siebert;D;Lecce;0;55.4;12;4;2;5.5;5.5;0;0;50.0;50.0;available
2026-09-07T22:40:06.488163+02:00;Luis Henrique;C;Inter;0;55.3;12;5;2;6.0;6.0;0;0;30.0;50.0;available
2026-09-07T22:40:06.488163+02:00;Caleta-Car;D;Sassuolo;0;55.2;15;6;0;0.0;0.0;0;0;35.0;50.0;available
2026-09-07T22:40:06.488163+02:00;Belahyane;C;Lazio;0;54.9;3;2;1;6.0;6.0;0;0;100.0;52.2;available
2026-09-07T22:40:06.488163+02:00;Odenthal;D;Sassuolo;0;54.6;8;3;1;6.5;9.5;1;0;25.0;50.0;available
2026-09-07T22:40:06.488163+02:00;Bella-Kotchap;D;Venezia;0;54.4;13;5;3;5.33;5.33;0;0;100.0;50.0;available
2026-09-07T22:40:06.488163+02:00;Ordonez C.;C;Parma;0;54.2;10;3;3;5.83;5.83;0;0;100.0;50.0;available
2026-09-07T22:40:06.488163+02:00;Tornqvist;P;Monza;0;54.2;10;1;0;0.0;0.0;0;0;5.0;50.0;available
2026-09-07T22:40:06.488163+02:00;Sugawara;D;Cagliari;0;53.7;15;6;0;0.0;0.0;0;0;30.0;50.0;available
2026-09-07T22:40:06.488163+02:00;Buongiorno;D;Napoli;0;53.1;15;6;0;0.0;0.0;0;0;30.0;50.0;available
2026-09-07T22:40:06.488163+02:00;Gaspar K.;D;Lecce;0;53.0;12;5;2;5.5;5.25;0;0;100.0;51.5;available
2026-09-07T22:40:06.488163+02:00;Sow;C;Genoa;0;52.9;15;7;3;5.67;5.5;0;0;100.0;50.0;available
2026-09-07T22:40:06.488163+02:00;Dele-Bashiru;C;Lazio;0;52.8;13;5;1;5.5;5.5;0;0;30.0;50.0;available
2026-09-07T22:40:06.488163+02:00;El Shaarawy;C;Genoa;0;52.6;25;7;0;0.0;0.0;0;0;30.0;50.0;available
2026-09-07T22:40:06.488163+02:00;Messias;C;Genoa;0;52.4;8;4;3;6.0;6.0;0;0;60.0;50.0;available
2026-09-07T22:40:06.488163+02:00;Ndiaye;D;Parma;0;52.4;8;2;1;6.0;6.0;0;0;55.0;50.0;available
2026-09-07T22:40:06.488163+02:00;Dominguez B.;C;Sassuolo;0;52.3;12;4;2;5.75;5.75;0;0;40.0;50.0;available
2026-09-07T22:40:06.488163+02:00;Pellegrini Lo.;C;Roma;0;52.3;20;9;0;0.0;0.0;0;0;30.0;50.0;available
2026-09-07T22:40:06.488163+02:00;Joao Mario;D;Fiorentina;0;52.0;12;3;2;5.25;5.25;0;0;100.0;50.0;available
2026-09-07T22:40:06.488163+02:00;Konè I.;C;Sassuolo;0;52.0;20;8;0;0.0;0.0;0;0;30.0;50.0;available
2026-09-07T22:40:06.488163+02:00;Meichtry;C;Genoa;0;51.7;11;5;2;5.75;5.75;0;0;55.0;50.0;available
2026-09-07T22:40:06.488163+02:00;Keita M.;C;Parma;0;51.6;15;5;3;5.67;5.5;0;0;100.0;50.0;available
2026-09-07T22:40:06.488163+02:00;Birligea;A;Frosinone;0;51.6;11;5;0;0.0;0.0;0;0;60.0;50.0;available
2026-09-07T22:40:06.488163+02:00;Kofler;D;Cagliari;0;51.5;8;5;1;6.0;6.0;0;0;35.0;50.0;available
2026-09-07T22:40:06.488163+02:00;Deiola;C;Cagliari;0;51.3;8;3;2;5.75;5.5;0;0;100.0;51.5;available
2026-09-07T22:40:06.488163+02:00;Kulenovic;A;Torino;0;51.3;9;4;1;5.5;5.5;0;0;35.0;50.0;available
2026-09-07T22:40:06.488163+02:00;Fabbian;C;Parma;0;51.0;8;4;1;5.0;5.0;0;0;100.0;50.0;available
2026-09-07T22:40:06.488163+02:00;Felici;C;Cagliari;0;50.6;7;5;1;6.0;6.0;0;0;50.0;50.0;available
2026-09-07T22:40:06.488163+02:00;Fernandez T.;C;Venezia;0;50.4;8;3;1;6.0;6.0;0;0;55.0;50.0;available
2026-09-07T22:40:06.488163+02:00;Sabelli;D;Genoa;0;50.1;5;2;1;5.0;5.0;0;0;100.0;50.0;available
2026-09-07T22:40:06.488163+02:00;Amondarain;C;Bologna;0;50.1;10;5;1;5.5;5.5;0;0;55.0;50.0;available
2026-09-07T22:40:06.488163+02:00;Stulic;A;Lecce;0;49.5;11;6;2;5.25;5.25;0;0;100.0;51.5;available
2026-09-07T22:40:06.488163+02:00;Gilmour;C;Napoli;0;49.3;10;3;1;6.0;6.0;0;0;35.0;50.0;available
2026-09-07T22:40:06.488163+02:00;Lucchesi;D;Monza;0;48.9;11;3;3;5.67;5.33;0;0;100.0;50.0;available
2026-09-07T22:40:06.488163+02:00;Olivera;D;Napoli;0;48.8;13;5;1;4.5;4.5;0;0;60.0;50.0;available
2026-09-07T22:40:06.488163+02:00;Ehizibue;D;Genoa;0;48.8;10;4;1;5.5;5.5;0;0;25.0;50.0;available
2026-09-07T22:40:06.488163+02:00;Mout;C;Monza;0;48.2;12;1;1;5.0;5.0;0;0;60.0;50.0;available
2026-09-07T22:40:06.488163+02:00;Diallo O.;C;Parma;0;48.1;12;3;1;5.5;5.5;0;0;30.0;50.0;available
2026-09-07T22:40:06.488163+02:00;Ngom;C;Lecce;0;47.7;12;4;2;5.5;5.25;0;0;100.0;56.0;available
2026-09-07T22:40:06.488163+02:00;Forson O.;C;Monza;0;47.6;1;2;2;5.75;5.75;0;0;100.0;50.0;available
2026-09-07T22:40:06.488163+02:00;Vitinha O.;A;Genoa;0;47.6;13;8;3;5.5;5.5;0;0;60.0;50.0;available
2026-09-07T22:40:06.488163+02:00;Rodriguez R.;D;Torino;0;47.4;12;5;0;0.0;0.0;0;0;30.0;50.0;available
2026-09-07T22:40:06.488163+02:00;Gineitis;C;Torino;0;46.9;12;5;3;5.33;5.5;0;1;100.0;50.0;available
2026-09-07T22:40:06.488163+02:00;Van Der Brempt;D;Sassuolo;0;46.8;11;2;0;0.0;0.0;0;0;50.0;50.0;available
2026-09-07T22:40:06.488163+02:00;Maleh;C;Lecce;0;46.6;7;3;2;5.75;5.75;0;0;60.0;50.0;available
2026-09-07T22:40:06.488163+02:00;Gueye;A;Udinese;0;46.5;7;4;2;5.5;5.5;0;0;60.0;50.0;available
2026-09-07T22:40:06.488163+02:00;Sulemana I.;C;Sassuolo;0;46.5;7;3;1;6.0;6.0;0;0;30.0;50.0;available
2026-09-07T22:40:06.488163+02:00;Almqvist;C;Parma;0;46.4;11;4;2;5.75;5.5;0;0;55.0;50.0;available
2026-09-07T22:40:06.488163+02:00;Frigan;A;Parma;0;46.3;6;4;1;5.5;5.5;0;0;40.0;50.0;available
2026-09-07T22:40:06.488163+02:00;Sagrado;D;Venezia;0;46.1;4;2;1;6.5;9.5;1;0;25.0;50.0;available
2026-09-07T22:40:06.488163+02:00;Zarraga;C;Udinese;0;46.1;4;2;1;6.0;6.0;0;0;50.0;50.0;available
2026-09-07T22:40:06.488163+02:00;Elphege;A;Parma;0;45.9;11;3;0;0.0;0.0;0;0;55.0;50.0;available
2026-09-07T22:40:06.488163+02:00;Nicolussi Caviglia;C;Parma;0;45.8;16;6;0;0.0;0.0;0;0;30.0;50.0;available
2026-09-07T22:40:06.488163+02:00;Lolic;P;Frosinone;0;45.6;1;1;0;0.0;0.0;0;0;30.0;50.0;available
2026-09-07T22:40:06.488163+02:00;Russo A.;P;Sassuolo;0;45.6;1;1;0;0.0;0.0;0;0;30.0;50.0;available
2026-09-07T22:40:06.488163+02:00;Mitaj;D;Genoa;0;45.4;10;4;0;0.0;0.0;0;0;60.0;50.0;available
2026-09-07T22:40:06.488163+02:00;Hien;D;Atalanta;0;45.2;11;7;0;0.0;0.0;0;0;30.0;50.0;available
2026-09-07T22:40:06.488163+02:00;Loftus-Cheek;C;Milan;0;45.0;16;4;3;5.33;5.17;0;0;60.0;50.0;available
2026-09-07T22:40:06.488163+02:00;Oristanio;C;Torino;0;44.4;12;6;0;0.0;0.0;0;0;55.0;50.0;available
2026-09-07T22:40:06.488163+02:00;Ilkhan;C;Torino;0;44.3;8;4;1;5.5;5.5;0;0;40.0;50.0;available
2026-09-07T22:40:06.488163+02:00;Massolin;C;Cagliari;0;44.2;12;4;0;0.0;0.0;0;0;55.0;50.0;available
2026-09-07T22:40:06.488163+02:00;Schingtienne;D;Venezia;0;44.1;10;3;3;5.33;5.17;0;0;100.0;50.0;available
2026-09-07T22:40:06.488163+02:00;Noslin;A;Lazio;0;43.9;8;6;0;0.0;0.0;0;0;60.0;50.0;available
2026-09-07T22:40:06.488163+02:00;Moreno M.;D;Venezia;0;43.6;6;4;1;5.5;5.0;0;0;50.0;50.0;available
2026-09-07T22:40:06.488163+02:00;Sohm;C;Venezia;0;43.4;11;5;2;5.25;5.0;0;0;100.0;50.0;available
2026-09-07T22:40:06.488163+02:00;Halhal;D;Venezia;0;43.3;10;3;2;5.0;3.75;0;0;100.0;50.0;available
2026-09-07T22:40:06.488163+02:00;Pongracic;D;Fiorentina;0;43.3;8;4;1;5.0;5.0;0;0;30.0;50.0;available
2026-09-07T22:40:06.488163+02:00;Tourè I.;C;Monza;0;43.1;14;6;0;0.0;0.0;0;0;30.0;50.0;available
2026-09-07T22:40:06.488163+02:00;Franjic;D;Venezia;0;43.1;7;3;2;5.75;5.75;0;0;30.0;50.0;available
2026-09-07T22:40:06.488163+02:00;Desplanches;P;Frosinone;0;43.1;1;2;0;0.0;0.0;0;0;5.0;50.0;available
2026-09-07T22:40:06.488163+02:00;Brescianini;C;Fiorentina;0;42.5;11;3;3;5.33;5.33;0;0;100.0;50.0;available
2026-09-07T22:40:06.488163+02:00;Hasa;C;Frosinone;0;41.8;5;2;1;6.0;6.0;0;0;20.0;50.0;available
2026-09-07T22:40:06.488163+02:00;Walukiewicz;D;Sassuolo;0;41.7;10;4;0;0.0;0.0;0;0;30.0;50.0;available
2026-09-07T22:40:06.488163+02:00;Zanoli;D;Udinese;0;41.5;10;4;0;0.0;0.0;0;0;30.0;50.0;available
2026-09-07T22:40:06.488163+02:00;Sportiello;P;Atalanta;0;41.5;1;1;0;0.0;0.0;0;0;5.0;50.0;available
2026-09-07T22:40:06.488163+02:00;Vitik;D;Bologna;0;41.4;10;4;0;0.0;0.0;0;0;35.0;50.0;available
2026-09-07T22:40:06.488163+02:00;Motta;P;Lazio;0;41.3;1;1;0;0.0;0.0;0;0;5.0;50.0;available
2026-09-07T22:40:06.488163+02:00;Christensen O.;P;Fiorentina;0;41.2;1;1;0;0.0;0.0;0;0;5.0;50.0;available
2026-09-07T22:40:06.488163+02:00;Radunovic;P;Cagliari;0;41.2;1;1;0;0.0;0.0;0;0;5.0;50.0;available
2026-09-07T22:40:06.488163+02:00;Penev;P;Lecce;0;41.1;1;1;0;0.0;0.0;0;0;5.0;50.0;available
2026-09-07T22:40:06.488163+02:00;De Roon;C;Roma;0;41.0;10;4;0;0.0;0.0;0;0;55.0;50.0;available
2026-09-07T22:40:06.488163+02:00;Berisha M.;C;Lecce;0;41.0;12;4;0;0.0;0.0;0;0;40.0;50.0;available
2026-09-07T22:40:06.488163+02:00;Turati;P;Sassuolo;0;41.0;1;1;0;0.0;0.0;0;0;5.0;50.0;available
2026-09-07T22:40:06.488163+02:00;Montipò;P;Venezia;0;40.8;1;1;0;0.0;0.0;0;0;5.0;50.0;available
2026-09-07T22:40:06.488163+02:00;Terracciano;P;Milan;0;40.8;1;1;0;0.0;0.0;0;0;5.0;50.0;available
2026-09-07T22:40:06.488163+02:00;Pompei;P;Atalanta;0;40.8;1;1;0;0.0;0.0;0;0;1.0;50.0;available
2026-09-07T22:40:06.488163+02:00;Parisi;D;Fiorentina;0;40.7;10;4;0;0.0;0.0;0;0;30.0;50.0;available
2026-09-07T22:40:06.488163+02:00;Mrozek;P;Udinese;0;40.7;1;1;0;0.0;0.0;0;0;5.0;50.0;available
2026-09-07T22:40:06.488163+02:00;Renzetti;P;Lazio;0;40.6;1;1;0;0.0;0.0;0;0;1.0;50.0;available
2026-09-07T22:40:06.488163+02:00;Contini;P;Napoli;0;40.5;1;1;0;0.0;0.0;0;0;1.0;50.0;available
2026-09-07T22:40:06.488163+02:00;Lezzerini;P;Fiorentina;0;40.5;1;1;0;0.0;0.0;0;0;1.0;50.0;available
2026-09-07T22:40:06.488163+02:00;Marin R.;D;Napoli;0;40.4;8;2;3;5.33;5.17;0;0;100.0;50.0;available
2026-09-07T22:40:06.488163+02:00;Sherri;P;Cagliari;0;40.4;1;1;0;0.0;0.0;0;0;1.0;50.0;available
2026-09-07T22:40:06.488163+02:00;Ghidotti;P;Parma;0;40.4;1;1;0;0.0;0.0;0;0;1.0;50.0;available
2026-09-07T22:40:06.488163+02:00;Grillitsch;C;Frosinone;0;40.3;10;4;0;0.0;0.0;0;0;55.0;50.0;available
2026-09-07T22:40:06.488163+02:00;Pisseri;P;Frosinone;0;40.3;1;1;0;0.0;0.0;0;0;1.0;50.0;available
2026-09-07T22:40:06.488163+02:00;Bleve;P;Lecce;0;40.3;1;1;0;0.0;0.0;0;0;1.0;50.0;available
2026-09-07T22:40:06.488163+02:00;Satalino;P;Sassuolo;0;40.3;1;1;0;0.0;0.0;0;0;1.0;50.0;available
2026-09-07T22:40:06.488163+02:00;Pinsoglio;P;Juventus;0;40.2;1;1;0;0.0;0.0;0;0;1.0;50.0;available
2026-09-07T22:40:06.488163+02:00;Stolz;P;Genoa;0;40.1;1;1;0;0.0;0.0;0;0;5.0;50.0;available
2026-09-07T22:40:06.488163+02:00;Cataldi;C;Lazio;0;40.0;12;4;0;0.0;0.0;0;0;30.0;50.0;available
2026-09-07T22:40:06.488163+02:00;Nzola;A;Cagliari;0;40.0;10;4;0;0.0;0.0;0;0;30.0;50.0;available
2026-09-07T22:40:06.488163+02:00;Pessina;C;Monza;0;40.0;15;6;0;0.0;0.0;0;0;5.0;50.0;available
2026-09-07T22:40:06.488163+02:00;Pessina Mas.;P;Bologna;0;40.0;1;1;0;0.0;0.0;0;0;5.0;50.0;available
2026-09-07T22:40:06.488163+02:00;Pozzi;P;Venezia;0;40.0;1;1;0;0.0;0.0;0;0;1.0;50.0;available
2026-09-07T22:40:06.488163+02:00;Torriani;P;Milan;0;40.0;1;1;0;0.0;0.0;0;0;1.0;50.0;available
2026-09-07T22:40:06.488163+02:00;Grandi;P;Venezia;0;40.0;1;1;0;0.0;0.0;0;0;1.0;50.0;available
2026-09-07T22:40:06.488163+02:00;Piana;P;Udinese;0;40.0;1;1;0;0.0;0.0;0;0;1.0;50.0;available
2026-09-07T22:40:06.488163+02:00;Di Gennaro;P;Inter;0;40.0;1;1;0;0.0;0.0;0;0;1.0;50.0;available
2026-09-07T22:40:06.488163+02:00;Padelli;P;Udinese;0;40.0;1;1;0;0.0;0.0;0;0;1.0;50.0;available
2026-09-07T22:40:06.488163+02:00;Vigorito;P;Como;0;39.9;1;1;0;0.0;0.0;0;0;1.0;50.0;available
2026-09-07T22:40:06.488163+02:00;Mascardi;P;Torino;0;39.9;5;1;2;6.0;4.0;0;0;5.0;50.0;available
2026-09-07T22:40:06.488163+02:00;Tchato;D;Frosinone;0;39.7;8;3;0;0.0;0.0;0;0;40.0;50.0;available
2026-09-07T22:40:06.488163+02:00;Juan Jesus;D;Venezia;0;39.5;10;4;0;0.0;0.0;0;0;30.0;50.0;available
2026-09-07T22:40:06.488163+02:00;Milik;A;Juventus;0;39.5;10;4;0;0.0;0.0;0;0;30.0;50.0;available
2026-09-07T22:40:06.488163+02:00;Bakoune;D;Monza;0;39.5;4;2;1;5.5;5.5;0;0;30.0;50.0;available
2026-09-07T22:40:06.488163+02:00;Siviero;P;Torino;0;39.5;1;1;0;0.0;0.0;0;0;1.0;50.0;available
2026-09-07T22:40:06.488163+02:00;Sommariva;P;Genoa;0;39.3;1;1;0;0.0;0.0;0;0;1.0;50.0;available
2026-09-07T22:40:06.488163+02:00;Ndaba;D;Lecce;0;39.2;5;2;2;5.5;5.5;0;0;40.0;50.0;available
2026-09-07T22:40:06.488163+02:00;Happonen;P;Bologna;0;39.2;1;1;0;0.0;0.0;0;0;1.0;50.0;available
2026-09-07T22:40:06.488163+02:00;Drameh;D;Genoa;0;39.1;10;3;0;0.0;0.0;0;0;30.0;50.0;available
2026-09-07T22:40:06.488163+02:00;Tomori;D;Milan;0;39.0;8;6;0;0.0;0.0;0;0;25.0;50.0;available
2026-09-07T22:40:06.488163+02:00;Strajnar;P;Monza;0;39.0;1;1;0;0.0;0.0;0;0;1.0;50.0;available
2026-09-07T22:40:06.488163+02:00;Ekhator;A;Juventus;0;38.4;10;3;0;0.0;0.0;0;0;30.0;50.0;available
2026-09-07T22:40:06.488163+02:00;Cremaschi;C;Parma;0;38.3;3;2;1;5.5;5.5;0;0;40.0;50.0;available
2026-09-07T22:40:06.488163+02:00;Otoa;D;Genoa;0;38.1;5;2;1;5.0;5.0;0;0;35.0;50.0;available
2026-09-07T22:40:06.488163+02:00;Sulemana K.;A;Atalanta;0;37.8;8;6;0;0.0;0.0;0;0;30.0;50.0;available
2026-09-07T22:40:06.488163+02:00;Arizala;D;Udinese;0;37.7;8;4;0;0.0;0.0;0;0;30.0;50.0;available
2026-09-07T22:40:06.488163+02:00;Lauberbach;A;Venezia;0;37.6;1;1;1;5.5;5.5;0;0;35.0;50.0;available
2026-09-07T22:40:06.488163+02:00;Traorè Hj.;C;Genoa;0;37.4;11;4;0;0.0;0.0;0;0;35.0;50.0;available
2026-09-07T22:40:06.488163+02:00;Gagliardini;C;Cagliari;0;37.3;8;3;0;0.0;0.0;0;0;55.0;50.0;available
2026-09-07T22:40:06.488163+02:00;Mkhitaryan;C;Inter;0;37.2;9;4;0;0.0;0.0;0;0;40.0;50.0;available
2026-09-07T22:40:06.488163+02:00;Amorim;C;Genoa;0;36.8;11;4;3;5.67;5.5;0;0;60.0;50.0;available
2026-09-07T22:40:06.488163+02:00;Addai;C;Como;0;36.3;10;4;0;0.0;0.0;0;0;30.0;50.0;available
2026-09-07T22:40:06.488163+02:00;Goglichidze;D;Monza;0;36.2;5;2;0;0.0;0.0;0;0;55.0;50.0;available
2026-09-07T22:40:06.488163+02:00;Adorante;A;Venezia;0;36.2;8;4;0;0.0;0.0;0;0;30.0;50.0;available
2026-09-07T22:40:06.488163+02:00;Drobnic;D;Parma;0;36.2;1;2;1;5.5;5.5;0;0;30.0;50.0;available
2026-09-07T22:40:06.488163+02:00;Foe Ondoa;C;Monza;0;36.1;2;2;1;5.0;5.0;0;0;55.0;50.0;available
2026-09-07T22:40:06.488163+02:00;Gandelman;C;Lecce;0;35.9;10;4;0;0.0;0.0;0;0;35.0;50.0;available
2026-09-07T22:40:06.488163+02:00;Kambwala;D;Como;0;35.9;8;3;0;0.0;0.0;0;0;25.0;50.0;available
2026-09-07T22:40:06.488163+02:00;Ranieri L.;D;Fiorentina;0;35.7;10;3;1;4.5;4.5;0;0;40.0;50.0;available
2026-09-07T22:40:06.488163+02:00;Akpoguma;D;Frosinone;0;35.6;6;3;0;0.0;0.0;0;0;30.0;50.0;available
2026-09-07T22:40:06.488163+02:00;Candè;D;Sassuolo;0;35.5;7;3;0;0.0;0.0;0;0;30.0;50.0;available
2026-09-07T22:40:06.488163+02:00;Pellegrini Lu.;D;Lazio;0;35.3;7;2;0;0.0;0.0;0;0;30.0;51.5;available
2026-09-07T22:40:06.488163+02:00;Lazzari;D;Lazio;0;34.8;5;2;0;0.0;0.0;0;0;40.0;50.0;available
2026-09-07T22:40:06.488163+02:00;Colombo L.;C;Monza;0;34.6;4;3;1;5.5;5.0;0;0;35.0;50.0;available
2026-09-07T22:40:06.488163+02:00;Ziolkowski;D;Monza;0;34.5;8;1;0;0.0;0.0;0;0;30.0;50.0;available
2026-09-07T22:40:06.488163+02:00;Giovane;A;Napoli;0;34.2;7;4;0;0.0;0.0;0;0;30.0;50.0;available
2026-09-07T22:40:06.488163+02:00;Aboukhlal;C;Torino;0;34.2;5;3;2;5.5;5.5;0;0;30.0;50.0;available
2026-09-07T22:40:06.488163+02:00;Sverko;D;Venezia;0;33.3;7;3;0;0.0;0.0;0;0;30.0;50.0;available
2026-09-07T22:40:06.488163+02:00;Havel;A;Genoa;0;32.4;5;4;0;0.0;0.0;0;0;30.0;50.0;available
2026-09-07T22:40:06.488163+02:00;Casale;D;Bologna;0;32.2;5;3;0;0.0;0.0;0;0;30.0;50.0;available
2026-09-07T22:40:06.488163+02:00;Stankovic A.;C;Inter;0;31.6;7;3;0;0.0;0.0;0;0;25.0;50.0;available
2026-09-07T22:40:06.488163+02:00;Gelli F.;C;Frosinone;0;31.1;6;3;0;0.0;0.0;0;0;30.0;50.0;available
2026-09-07T22:40:06.488163+02:00;Aurelio;D;Cagliari;0;31.0;5;2;0;0.0;0.0;0;0;25.0;50.0;available
2026-09-07T22:40:06.488163+02:00;Biraghi;D;Torino;0;30.6;5;2;0;0.0;0.0;0;0;20.0;50.0;available
2026-09-07T22:40:06.488163+02:00;Chakvetadze;C;Udinese;0;30.5;6;2;0;0.0;0.0;0;0;30.0;50.0;available
2026-09-07T22:40:06.488163+02:00;Terracciano F.;D;Milan;0;30.5;4;2;0;0.0;0.0;0;0;25.0;50.0;available
2026-09-07T22:40:06.488163+02:00;Ciervo;C;Cagliari;0;30.4;1;1;0;0.0;0.0;0;0;60.0;50.0;available
2026-09-07T22:40:06.488163+02:00;Jovanovic;C;Udinese;0;30.4;5;2;0;0.0;0.0;0;0;35.0;50.0;available
2026-09-07T22:40:06.488163+02:00;Boloca;C;Sassuolo;0;30.1;5;2;0;0.0;0.0;0;0;30.0;50.0;available
2026-09-07T22:40:06.488163+02:00;Cabal;D;Juventus;0;30.0;4;1;0;0.0;0.0;0;0;30.0;50.0;available
2026-09-07T22:40:06.488163+02:00;Ciurria;C;Monza;0;29.6;6;2;0;0.0;0.0;0;0;30.0;50.0;available
2026-09-07T22:40:06.488163+02:00;Diawara S.;D;Milan;0;29.6;4;2;0;0.0;0.0;0;0;20.0;50.0;available
2026-09-07T22:40:06.488163+02:00;Idrissi R.;D;Cagliari;0;29.5;3;3;0;0.0;0.0;0;0;30.0;50.0;available
2026-09-07T22:40:06.488163+02:00;Helgason;C;Venezia;0;28.7;3;3;0;0.0;0.0;0;0;40.0;50.0;available
2026-09-07T22:40:06.488163+02:00;Puczka;D;Genoa;0;28.4;3;2;0;0.0;0.0;0;0;35.0;50.0;available
2026-09-07T22:40:06.488163+02:00;Robinho Junior;A;Genoa;0;28.4;3;1;0;0.0;0.0;0;0;30.0;50.0;available
2026-09-07T22:40:06.488163+02:00;Dagasso;C;Venezia;0;28.4;1;1;1;5.5;5.0;0;0;25.0;50.0;available
2026-09-07T22:40:06.488163+02:00;El Azzouzi O.;C;Bologna;0;28.4;10;2;1;5.0;4.5;0;0;30.0;50.0;available
2026-09-07T22:40:06.488163+02:00;Przyborek;C;Lazio;0;28.2;5;1;0;0.0;0.0;0;0;25.0;50.0;available
2026-09-07T22:40:06.488163+02:00;Kaba;C;Lecce;0;27.8;2;1;0;0.0;0.0;0;0;45.0;44.8;available
2026-09-07T22:40:06.488163+02:00;Venturino;C;Genoa;0;27.6;4;2;0;0.0;0.0;0;0;30.0;50.0;available
2026-09-07T22:40:06.488163+02:00;Rugani;D;Juventus;0;27.6;3;1;0;0.0;0.0;0;0;25.0;50.0;available
2026-09-07T22:40:06.488163+02:00;Marianucci;D;Napoli;0;27.3;3;1;0;0.0;0.0;0;0;30.0;50.0;available
2026-09-07T22:40:06.488163+02:00;Trepy;A;Cagliari;0;27.3;2;1;0;0.0;0.0;0;0;30.0;50.0;available
2026-09-07T22:40:06.488163+02:00;Duncan;C;Venezia;0;27.2;4;2;0;0.0;0.0;0;0;30.0;50.0;available
2026-09-07T22:40:06.488163+02:00;Jean;D;Lecce;0;27.2;4;2;0;0.0;0.0;0;0;20.0;50.0;available
2026-09-07T22:40:06.488163+02:00;Dembelè A.;D;Lecce;0;27.1;2;1;0;0.0;0.0;0;0;35.0;50.0;available
2026-09-07T22:40:06.488163+02:00;Kone B.;C;Frosinone;0;27.1;3;1;0;0.0;0.0;0;0;30.0;50.0;available
2026-09-07T22:40:06.488163+02:00;Patric;D;Lazio;0;27.1;1;1;0;0.0;0.0;0;0;30.0;50.0;available
2026-09-07T22:40:06.488163+02:00;De Silvestri;D;Bologna;0;27.0;4;1;0;0.0;0.0;0;0;20.0;50.0;available
2026-09-07T22:40:06.488163+02:00;Enem;A;Bologna;0;26.9;4;2;0;0.0;0.0;0;0;15.0;50.0;available
2026-09-07T22:40:06.488163+02:00;Pieragnolo;D;Sassuolo;0;26.7;1;1;0;0.0;0.0;0;0;30.0;50.0;available
2026-09-07T22:40:06.488163+02:00;Maye;D;Monza;0;26.6;1;1;0;0.0;0.0;0;0;35.0;50.0;available
2026-09-07T22:40:06.488163+02:00;Carboni F.;D;Parma;0;26.6;3;1;0;0.0;0.0;0;0;25.0;50.0;available
2026-09-07T22:40:06.488163+02:00;Comotto;C;Milan;0;25.8;1;1;0;0.0;0.0;0;0;30.0;50.0;available
2026-09-07T22:40:06.488163+02:00;Omar Fayed;D;Frosinone;0;25.7;1;1;0;0.0;0.0;0;0;20.0;50.0;available
2026-09-07T22:40:06.488163+02:00;Amey;D;Frosinone;0;25.7;1;1;0;0.0;0.0;0;0;20.0;50.0;available
2026-09-07T22:40:06.488163+02:00;El Azzouzi A.;C;Frosinone;0;25.2;1;1;0;0.0;0.0;0;0;30.0;50.0;available
2026-09-07T22:40:06.488163+02:00;Antov;D;Monza;0;25.0;2;1;0;0.0;0.0;0;0;20.0;50.0;available
2026-09-07T22:40:06.488163+02:00;Goldaniga;D;Como;0;24.7;1;1;0;0.0;0.0;0;0;20.0;50.0;available
2026-09-07T22:40:06.488163+02:00;Laerke;C;Lecce;0;24.4;1;1;0;0.0;0.0;0;0;30.0;50.0;available
2026-09-07T22:40:06.488163+02:00;Fofana Sa.;C;Lecce;0;24.4;1;1;0;0.0;0.0;0;0;30.0;50.0;available
2026-09-07T22:40:06.488163+02:00;Gomes;D;Venezia;0;23.6;1;1;0;0.0;0.0;0;0;25.0;50.0;available
2026-09-07T22:40:06.488163+02:00;Sierro;C;Parma;0;23.2;1;1;0;0.0;0.0;0;0;25.0;50.0;available
2026-09-07T22:40:06.488163+02:00;Lahdo;C;Como;0;23.1;1;1;0;0.0;0.0;0;0;15.0;50.0;available
2026-09-07T22:40:06.488163+02:00;Liteta;C;Cagliari;0;23.0;1;1;0;0.0;0.0;0;0;20.0;50.0;available
2026-09-07T22:40:06.488163+02:00;De Martis;A;Parma;0;23.0;1;1;0;0.0;0.0;0;0;15.0;50.0;available
2026-09-07T22:40:06.488163+02:00;Lisman;A;Venezia;0;22.7;1;1;0;0.0;0.0;0;0;15.0;50.0;available
2026-09-07T22:40:06.488163+02:00;Bayo V.;A;Udinese;0;22.3;3;1;1;4.5;4.5;0;0;35.0;50.0;available
2026-09-07T22:40:06.488163+02:00;Dia;A;Lazio;1;0.0;20;10;2;6.0;6.25;0;1;0.0;50.0;available
2026-09-07T22:40:06.488163+02:00;Zappa;D;Atalanta;1;0.0;19;8;1;6.0;6.0;0;0;0.0;50.0;available
2026-09-07T22:40:06.488163+02:00;Norton-Cuffy;D;Genoa;1;0.0;15;8;2;6.0;6.0;0;0;0.0;50.0;available
2026-09-07T22:40:06.488163+02:00;Pedersen;D;Torino;1;0.0;12;5;1;6.0;6.0;0;0;0.0;50.0;available
2026-09-07T22:40:06.488163+02:00;Delli Carri;D;Monza;1;0.0;11;4;1;6.0;6.0;0;0;0.0;50.0;available
2026-09-07T22:40:06.488163+02:00;Borrelli;A;Cagliari;1;0.0;9;4;1;6.0;6.0;0;0;0.0;50.0;available
2026-09-07T22:40:06.488163+02:00;Morata;A;Roma;1;0.0;100;20;0;0.0;0.0;0;0;0.0;50.0;available
2026-09-07T22:40:06.488163+02:00;Leao;A;Milan;1;0.0;75;18;0;0.0;0.0;0;0;0.0;50.0;available
2026-09-07T22:40:06.488163+02:00;Lukaku;A;Napoli;1;0.0;45;10;0;0.0;0.0;0;0;0.0;50.0;available
2026-09-07T22:40:06.488163+02:00;Gutierrez;D;Napoli;1;0.0;26;8;0;0.0;0.0;0;0;0.0;50.0;available
2026-09-07T22:40:06.488163+02:00;Ratkov;A;Lazio;1;0.0;22;9;0;0.0;0.0;0;0;0.0;50.0;available
2026-09-07T22:40:06.488163+02:00;Nkunku;A;Milan;1;0.0;20;13;0;0.0;0.0;0;0;0.0;50.0;available
2026-09-07T22:40:06.488163+02:00;Romagnoli;D;Lazio;1;0.0;20;6;0;0.0;0.0;0;0;0.0;50.0;available
2026-09-07T22:40:06.488163+02:00;Suzuki;P;Parma;1;0.0;20;7;0;0.0;0.0;0;0;0.0;50.0;available
2026-09-07T22:40:06.488163+02:00;Ondrejka;C;Parma;1;0.0;18;5;0;0.0;0.0;0;0;0.0;50.0;available
2026-09-07T22:40:06.488163+02:00;Circati;D;Parma;1;0.0;18;6;0;0.0;0.0;0;0;0.0;50.0;available
2026-09-07T22:40:06.488163+02:00;Djimsiti;D;Atalanta;1;0.0;16;7;0;0.0;0.0;0;0;0.0;50.0;available
2026-09-07T22:40:06.488163+02:00;El Aynaoui;C;Roma;1;0.0;13;4;0;0.0;0.0;0;0;0.0;50.0;available
2026-09-07T22:40:06.488163+02:00;Ahanor;D;Atalanta;1;0.0;13;6;0;0.0;0.0;0;0;0.0;50.0;available
2026-09-07T22:40:06.488163+02:00;Sorensen O.;C;Parma;1;0.0;12;3;0;0.0;0.0;0;0;0.0;50.0;available
2026-09-07T22:40:06.488163+02:00;Angelino;D;Roma;1;0.0;12;3;0;0.0;0.0;0;0;0.0;50.0;available
2026-09-07T22:40:06.488163+02:00;Koutsoupias;C;Frosinone;1;0.0;11;4;0;0.0;0.0;0;0;0.0;50.0;available
2026-09-07T22:40:06.488163+02:00;Gimenez;A;Milan;1;0.0;10;6;0;0.0;0.0;0;0;0.0;50.0;available
2026-09-07T22:40:06.488163+02:00;Dallinga;A;Bologna;1;0.0;10;8;0;0.0;0.0;0;0;0.0;50.0;available
2026-09-07T22:40:06.488163+02:00;Fofana Y.;C;Milan;1;0.0;10;4;0;0.0;0.0;0;0;0.0;50.0;available
2026-09-07T22:40:06.488163+02:00;Di Gregorio;P;Juventus;1;0.0;10;9;0;0.0;0.0;0;0;0.0;50.0;available
2026-09-07T22:40:06.488163+02:00;Cuenca A.;D;Como;1;0.0;8;1;0;0.0;0.0;0;0;0.0;50.0;available
2026-09-07T22:40:06.488163+02:00;Athekame;D;Milan;1;0.0;8;3;0;0.0;0.0;0;0;0.0;50.0;available
2026-09-07T22:40:06.488163+02:00;Martin;D;Genoa;1;0.0;8;4;0;0.0;0.0;0;0;0.0;50.0;available
2026-09-07T22:40:06.488163+02:00;Mutandwa;A;Cagliari;1;0.0;7;6;0;0.0;0.0;0;0;0.0;50.0;available
2026-09-07T22:40:06.488163+02:00;Prati;C;Cagliari;1;0.0;7;4;0;0.0;0.0;0;0;0.0;50.0;available
2026-09-07T22:40:06.488163+02:00;Miretti;C;Juventus;1;0.0;7;3;0;0.0;0.0;0;0;0.0;50.0;available
2026-09-07T22:40:06.488163+02:00;Kuhn;A;Como;1;0.0;5;3;0;0.0;0.0;0;0;0.0;50.0;available
2026-09-07T22:40:06.488163+02:00;Petagna;A;Monza;1;0.0;5;2;0;0.0;0.0;0;0;0.0;50.0;available
2026-09-07T22:40:06.488163+02:00;Perin;P;Juventus;1;0.0;5;6;0;0.0;0.0;0;0;0.0;50.0;available
2026-09-07T22:40:06.488163+02:00;Buksa;A;Udinese;1;0.0;4;2;0;0.0;0.0;0;0;0.0;50.0;available
2026-09-07T22:40:06.488163+02:00;Vaz;A;Roma;1;0.0;4;1;0;0.0;0.0;0;0;0.0;50.0;available
2026-09-07T22:40:06.488163+02:00;Anjorin;C;Torino;1;0.0;4;1;0;0.0;0.0;0;0;0.0;50.0;available
2026-09-07T22:40:06.488163+02:00;Camara A.;C;Udinese;1;0.0;3;1;0;0.0;0.0;0;0;0.0;50.0;available
2026-09-07T22:40:06.488163+02:00;Bjarkason;C;Venezia;1;0.0;3;1;0;0.0;0.0;0;0;0.0;50.0;available
2026-09-07T22:40:06.488163+02:00;Mlacic;D;Udinese;1;0.0;3;1;0;0.0;0.0;0;0;0.0;50.0;available
2026-09-07T22:40:06.488163+02:00;Oyono J.;D;Frosinone;1;0.0;2;1;0;0.0;0.0;0;0;0.0;50.0;available
2026-09-07T22:40:06.488163+02:00;Vogliacco;D;Genoa;1;0.0;2;1;0;0.0;0.0;0;0;0.0;50.0;available
2026-09-07T22:40:06.488163+02:00;Matturro;D;Genoa;1;0.0;2;1;0;0.0;0.0;0;0;0.0;50.0;available
2026-09-07T22:40:06.488163+02:00;Missori;D;Sassuolo;1;0.0;2;1;0;0.0;0.0;0;0;0.0;50.0;available
2026-09-07T22:40:06.488163+02:00;Albarracin;A;Cagliari;1;0.0;1;1;0;0.0;0.0;0;0;0.0;50.0;available
2026-09-07T22:40:06.488163+02:00;Moro L.;A;Sassuolo;1;0.0;1;1;0;0.0;0.0;0;0;0.0;50.0;available
2026-09-07T22:40:06.488163+02:00;Azon;A;Como;1;0.0;1;1;0;0.0;0.0;0;0;0.0;50.0;available
2026-09-07T22:40:06.488163+02:00;Iannoni;C;Sassuolo;1;0.0;1;1;0;0.0;0.0;0;0;0.0;50.0;available
2026-09-07T22:40:06.488163+02:00;Corrado;D;Frosinone;1;0.0;1;1;0;0.0;0.0;0;0;0.0;50.0;available
2026-09-07T22:40:06.488163+02:00;Gelli J.;D;Frosinone;1;0.0;1;1;0;0.0;0.0;0;0;0.0;50.0;available
2026-09-07T22:40:06.488163+02:00;Macchioni;D;Sassuolo;1;0.0;1;1;0;0.0;0.0;0;0;0.0;50.0;available
2026-09-07T22:40:06.488163+02:00;Raterink;D;Cagliari;1;0.0;1;1;0;0.0;0.0;0;0;0.0;50.0;available
2026-09-07T22:40:06.488163+02:00;Perez M.;D;Lecce;1;0.0;1;1;0;0.0;0.0;0;0;0.0;50.0;available
2026-09-07T22:40:06.488163+02:00;Vismara;P;Atalanta;1;0.0;1;1;0;0.0;0.0;0;0;0.0;50.0;available
2026-09-07T22:40:06.488163+02:00;Samooja;P;Lecce;1;0.0;1;1;0;0.0;0.0;0;0;0.0;50.0;available
2026-09-07T22:40:06.488163+02:00;Paleari;P;Torino;1;0.0;1;1;0;0.0;0.0;0;0;0.0;50.0;available
2026-09-07T22:40:06.488163+02:00;Ciocci;P;Cagliari;1;0.0;1;1;0;0.0;0.0;0;0;0.0;50.0;available
2026-09-07T22:40:06.488163+02:00;Fruchtl;P;Lecce;1;0.0;1;1;0;0.0;0.0;0;0;0.0;50.0;available
2026-09-07T22:40:06.488163+02:00;Rossi F.;P;Atalanta;1;0.0;1;1;0;0.0;0.0;0;0;0.0;50.0;available
2026-09-07T22:40:06.488163+02:00;David;A;Juventus;1;0.0;25;8;1;5.0;5.0;0;0;0.0;50.0;available
2026-09-07T22:40:06.488163+02:00;Pizzignacco;P;Monza;1;0.0;1;1;1;4.5;0.5;0;0;0.0;50.0;available
2026-09-08T15:40:50.865157+02:00;Doekhi;D;Lazio;0;86.2;16;8;3;6.33;6.67;0;1;90.0;56.0;available
2026-09-08T15:40:50.865157+02:00;De Winter;D;Milan;0;85.1;25;5;3;6.5;6.33;0;0;90.0;52.5;available
2026-09-08T15:40:50.865157+02:00;Romano;C;Cagliari;0;84.6;21;8;3;6.83;7.83;1;0;90.0;54.0;available
2026-09-08T15:40:50.865157+02:00;Karlstrom;C;Udinese;0;83.7;20;8;3;6.17;7.0;1;0;90.0;64.0;available
2026-09-08T15:40:50.865157+02:00;Cissè A.;C;Milan;0;83.4;40;7;3;6.67;8.5;2;0;55.0;70.0;available
2026-09-08T15:40:50.865157+02:00;Fazzini;C;Cagliari;0;83.4;28;8;3;6.0;6.17;0;1;85.0;61.2;available
2026-09-08T15:40:50.865157+02:00;Maldini;A;Cagliari;0;83.0;25;7;3;6.17;7.17;1;0;90.0;61.2;available
2026-09-08T15:40:50.865157+02:00;Cristante;C;Roma;0;83.0;29;9;3;6.5;6.5;0;0;80.0;47.0;available
2026-09-08T15:40:50.865157+02:00;Osmajic;A;Genoa;0;82.3;34;9;2;6.0;7.5;1;0;80.0;55.8;available
2026-09-08T15:40:50.865157+02:00;Obert;D;Cagliari;0;82.2;15;8;3;6.17;6.17;0;0;90.0;54.0;available
2026-09-08T15:40:50.865157+02:00;Koopmeiners;C;Juventus;0;82.1;20;7;2;6.75;8.75;1;1;80.0;57.0;available
2026-09-08T15:40:50.865157+02:00;Comuzzo;D;Torino;0;81.4;13;8;3;6.17;7.17;1;0;90.0;48.5;available
2026-09-08T15:40:50.865157+02:00;Comert;D;Torino;0;81.4;14;5;2;6.0;6.5;0;1;90.0;54.1;available
2026-09-08T15:40:50.865157+02:00;Ferguson;C;Bologna;0;81.0;23;8;3;6.17;6.17;0;0;90.0;52.5;available
2026-09-08T15:40:50.865157+02:00;Rodriguez Ju.;D;Cagliari;0;79.4;14;5;3;6.33;6.33;0;0;85.0;53.2;available
2026-09-08T15:40:50.865157+02:00;Vergara;C;Napoli;0;78.8;34;9;2;6.5;8.25;1;1;60.0;39.2;available
2026-09-08T15:40:50.865157+02:00;Ismajli;D;Torino;0;77.9;13;8;3;6.17;6.17;0;0;80.0;60.0;available
2026-09-08T15:40:50.865157+02:00;Chukwueze;C;Milan;0;77.2;20;8;3;6.67;7.33;0;2;60.0;48.4;available
2026-09-08T15:40:50.865157+02:00;Calvani;D;Frosinone;0;77.0;13;6;3;6.5;6.17;0;0;80.0;51.0;available
2026-09-08T15:40:50.865157+02:00;Robinson J.;A;Monza;0;76.8;12;6;1;7.0;10.0;1;0;80.0;60.6;available
2026-09-08T15:40:50.865157+02:00;Coulibaly L.;C;Lecce;0;76.0;17;7;3;6.0;6.33;0;1;90.0;50.0;available
2026-09-08T15:40:50.865157+02:00;Pisilli;C;Roma;0;75.6;19;7;2;6.25;7.75;1;0;60.0;50.0;available
2026-09-08T15:40:50.865157+02:00;Fitz-Jim;C;Torino;0;75.3;18;6;3;6.17;6.17;0;0;90.0;52.5;available
2026-09-08T15:40:50.865157+02:00;Lontani;A;Parma;0;74.8;17;5;3;6.33;7.33;1;0;60.0;62.8;available
2026-09-08T15:40:50.865157+02:00;Leysen F.;D;Sassuolo;0;74.6;12;6;3;6.17;6.5;0;1;80.0;47.0;available
2026-09-08T15:40:50.865157+02:00;Doig;D;Sassuolo;0;74.3;10;7;3;6.17;7.17;1;0;90.0;56.5;available
2026-09-08T15:40:50.865157+02:00;Bartesaghi;D;Milan;0;73.7;15;8;2;6.0;6.0;0;0;60.0;45.1;available
2026-09-08T15:40:50.865157+02:00;Adopo;C;Cagliari;0;73.2;13;7;3;6.17;6.5;0;1;90.0;50.0;available
2026-09-08T15:40:50.865157+02:00;Musah;C;Milan;0;73.0;16;4;3;6.17;6.17;0;0;80.0;51.8;available
2026-09-08T15:40:50.865157+02:00;Busio;C;Venezia;0;72.2;14;6;3;6.17;6.33;0;1;90.0;52.5;available
2026-09-08T15:40:50.865157+02:00;Njie;C;Fiorentina;0;72.1;25;5;2;6.25;6.25;0;0;55.0;44.9;available
2026-09-08T15:40:50.865157+02:00;Winks;C;Cagliari;0;72.0;15;7;3;6.0;6.0;0;0;90.0;54.0;available
2026-09-08T15:40:50.865157+02:00;Pedraza;D;Lazio;0;72.0;14;6;2;6.0;6.0;0;0;60.0;50.0;available
2026-09-08T15:40:50.865157+02:00;Baldanzi;C;Genoa;0;71.9;24;11;3;5.83;5.83;0;0;90.0;45.3;available
2026-09-08T15:40:50.865157+02:00;Zè Pedro;D;Cagliari;0;71.5;13;6;3;6.0;5.83;0;0;90.0;54.0;available
2026-09-08T15:40:50.865157+02:00;Oyono A.;D;Frosinone;0;71.4;10;7;3;6.5;6.67;0;1;80.0;51.0;available
2026-09-08T15:40:50.865157+02:00;Matic;C;Sassuolo;0;71.2;15;6;3;6.17;6.0;0;0;90.0;48.5;available
2026-09-08T15:40:50.865157+02:00;Locatelli;C;Juventus;0;71.0;25;9;3;6.33;6.5;0;1;30.0;33.1;available
2026-09-08T15:40:50.865157+02:00;Provstgaard;D;Lazio;0;70.4;13;4;3;6.0;5.83;0;0;90.0;50.0;available
2026-09-08T15:40:50.865157+02:00;Monteiro J.;C;Lecce;0;70.3;21;7;1;5.5;5.5;0;0;80.0;46.9;available
2026-09-08T15:40:50.865157+02:00;Colpani;C;Monza;0;70.0;15;9;3;5.83;6.83;1;0;55.0;49.2;available
2026-09-08T15:40:50.865157+02:00;Zalewski;C;Atalanta;0;69.9;18;7;3;5.83;6.17;0;1;55.0;52.2;available
2026-09-08T15:40:50.865157+02:00;Marusic;D;Lazio;0;69.6;20;6;1;6.0;6.0;0;0;30.0;50.0;available
2026-09-08T15:40:50.865157+02:00;Obrador;D;Sassuolo;0;69.5;13;6;1;6.0;6.0;0;0;60.0;50.0;available
2026-09-08T15:40:50.865157+02:00;Lulli;D;Roma;0;68.5;10;3;3;6.33;6.33;0;0;85.0;51.8;available
2026-09-08T15:40:50.865157+02:00;Mendy P.;A;Cagliari;0;68.3;14;5;3;6.0;6.0;0;0;55.0;50.4;available
2026-09-08T15:40:50.865157+02:00;Mota;A;Monza;0;68.0;8;5;1;6.0;6.0;0;0;90.0;52.5;available
2026-09-08T15:40:50.865157+02:00;Romero D.;A;Parma;0;68.0;32;10;2;5.75;5.75;0;0;55.0;39.2;available
2026-09-08T15:40:50.865157+02:00;Frendrup;C;Genoa;0;67.8;19;7;3;5.83;5.83;0;0;90.0;48.5;available
2026-09-08T15:40:50.865157+02:00;Fortini;D;Torino;0;67.4;12;6;3;6.17;6.17;0;0;55.0;43.2;available
2026-09-08T15:40:50.865157+02:00;Akinsanmiro;C;Monza;0;67.2;11;7;2;6.25;6.75;0;1;90.0;48.5;available
2026-09-08T15:40:50.865157+02:00;Birindelli;D;Monza;0;67.2;12;5;3;5.83;5.83;0;0;90.0;52.5;available
2026-09-08T15:40:50.865157+02:00;Braganca;C;Torino;0;67.2;19;6;1;6.0;6.0;0;0;60.0;50.0;available
2026-09-08T15:40:50.865157+02:00;Gabbia;D;Milan;0;67.1;14;7;1;6.0;6.0;0;0;30.0;49.2;available
2026-09-08T15:40:50.865157+02:00;Kempf;D;Como;0;67.0;13;5;1;6.5;6.5;0;0;40.0;50.0;available
2026-09-08T15:40:50.865157+02:00;Gnonto;A;Fiorentina;0;66.9;23;7;1;5.5;5.5;0;0;55.0;48.4;available
2026-09-08T15:40:50.865157+02:00;Folorunsho;C;Monza;0;66.8;17;4;2;6.0;5.75;0;0;90.0;48.5;available
2026-09-08T15:40:50.865157+02:00;Gatti;D;Juventus;0;66.3;10;5;1;7.0;9.5;1;0;55.0;57.0;available
2026-09-08T15:40:50.865157+02:00;Hainaut;D;Venezia;0;66.3;12;5;3;6.0;6.33;0;1;55.0;47.2;available
2026-09-08T15:40:50.865157+02:00;Pierotti;C;Lecce;0;66.1;19;6;3;5.67;5.67;0;0;90.0;50.0;available
2026-09-08T15:40:50.865157+02:00;Floriani Mussolini;D;Lazio;0;65.9;10;4;3;6.17;6.0;0;0;90.0;50.0;available
2026-09-08T15:40:50.865157+02:00;Kelly L.;D;Juventus;0;65.9;12;5;2;6.0;6.0;0;0;60.0;50.0;available
2026-09-08T15:40:50.865157+02:00;Holm;D;Bologna;0;65.8;13;6;3;6.0;5.83;0;0;70.0;45.5;available
2026-09-08T15:40:50.865157+02:00;Kevin Carlos;A;Cagliari;0;65.6;30;12;1;5.5;5.0;0;0;60.0;49.7;available
2026-09-08T15:40:50.865157+02:00;Veiga D.;D;Lecce;0;65.3;12;5;3;5.67;5.83;0;1;90.0;46.0;available
2026-09-08T15:40:50.865157+02:00;Patterson;D;Torino;0;65.2;12;5;1;6.0;6.0;0;0;55.0;52.2;available
2026-09-08T15:40:50.865157+02:00;Masini;C;Frosinone;0;65.0;8;5;3;6.33;6.67;0;1;90.0;56.5;available
2026-09-08T15:40:50.865157+02:00;Cancellieri;C;Lazio;0;65.0;21;9;3;5.83;5.67;0;0;55.0;48.3;available
2026-09-08T15:40:50.865157+02:00;Britschgi;D;Parma;0;64.8;10;4;2;6.0;6.0;0;0;90.0;52.5;available
2026-09-08T15:40:50.865157+02:00;Neres;A;Napoli;0;64.6;20;5;1;5.5;5.5;0;0;55.0;46.8;available
2026-09-08T15:40:50.865157+02:00;Rovella;C;Lazio;0;64.5;16;7;2;6.25;6.25;0;0;30.0;50.0;available
2026-09-08T15:40:50.865157+02:00;Douglas Luiz;C;Juventus;0;64.1;15;4;3;5.83;5.83;0;0;90.0;48.5;available
2026-09-08T15:40:50.865157+02:00;Lucca;A;Napoli;0;63.8;12;3;2;6.0;6.0;0;0;60.0;46.0;available
2026-09-08T15:40:50.865157+02:00;Dodò;D;Fiorentina;0;63.8;20;9;1;5.0;5.0;0;0;35.0;52.2;available
2026-09-08T15:40:50.865157+02:00;Abankwah;D;Udinese;0;63.0;10;3;3;6.17;6.0;0;0;80.0;52.5;available
2026-09-08T15:40:50.865157+02:00;Gallo;D;Lecce;0;62.7;12;5;2;5.5;5.5;0;0;90.0;46.0;available
2026-09-08T15:40:50.865157+02:00;Noslin;A;Lazio;0;61.6;8;6;1;6.0;6.0;0;0;60.0;51.5;available
2026-09-08T15:40:50.865157+02:00;Jashari;C;Milan;0;61.6;13;5;2;6.0;6.0;0;0;55.0;50.0;available
2026-09-08T15:40:50.865157+02:00;Rrahmani Al.;A;Venezia;0;61.5;12;7;1;5.5;5.5;0;0;60.0;43.2;available
2026-09-08T15:40:50.865157+02:00;Badiashile;D;Napoli;0;61.4;18;6;1;5.0;5.0;0;0;35.0;46.8;available
2026-09-08T15:40:50.865157+02:00;Kossounou;D;Atalanta;0;60.5;12;4;3;5.67;5.67;0;0;70.0;45.5;available
2026-09-08T15:40:50.865157+02:00;Tourè E.;A;Parma;0;60.4;34;11;3;5.5;5.5;0;0;90.0;50.1;available
2026-09-08T15:40:50.865157+02:00;Bakola;C;Sassuolo;0;60.4;14;6;2;6.25;6.25;0;0;30.0;46.2;available
2026-09-08T15:40:50.865157+02:00;Estupinan;D;Milan;0;60.2;13;3;2;5.75;5.5;0;0;55.0;43.2;available
2026-09-08T15:40:50.865157+02:00;Bertola;D;Udinese;0;59.6;10;4;1;6.0;6.0;0;0;60.0;50.8;available
2026-09-08T15:40:50.865157+02:00;Ghilardi;D;Roma;0;59.6;10;5;2;6.25;6.25;0;0;40.0;50.0;available
2026-09-08T15:40:50.865157+02:00;Sutalo J.;D;Lazio;0;59.6;19;6;0;0.0;0.0;0;0;50.0;46.0;available
2026-09-08T15:40:50.865157+02:00;Elmas;C;Atalanta;0;59.5;22;7;2;5.5;5.5;0;0;50.0;42.5;available
2026-09-08T15:40:50.865157+02:00;Zhegrova;C;Juventus;0;59.4;14;6;1;5.5;5.5;0;0;55.0;48.4;available
2026-09-08T15:40:50.865157+02:00;Viery;D;Fiorentina;0;59.3;12;5;2;5.5;5.5;0;0;70.0;41.5;available
2026-09-08T15:40:50.865157+02:00;Oulai;C;Fiorentina;0;59.3;18;6;3;5.67;5.67;0;0;60.0;44.0;available
2026-09-08T15:40:50.865157+02:00;Schmid;C;Frosinone;0;59.2;23;8;3;5.83;5.5;0;0;90.0;46.9;available
2026-09-08T15:40:50.865157+02:00;Fadera;C;Cagliari;0;59.2;12;3;2;6.0;6.0;0;0;60.0;55.5;available
2026-09-08T15:40:50.865157+02:00;Zerbin;C;Frosinone;0;59.2;12;6;2;6.0;6.0;0;0;55.0;49.2;available
2026-09-08T15:40:50.865157+02:00;Stankovic F.;P;Venezia;0;59.2;11;6;3;6.0;3.67;0;0;90.0;48.5;available
2026-09-08T15:40:50.865157+02:00;Coco;D;Torino;0;59.1;14;7;3;5.67;5.67;0;0;25.0;38.8;available
2026-09-08T15:40:50.865157+02:00;Helland;D;Bologna;0;58.6;12;3;2;6.0;6.0;0;0;35.0;49.2;available
2026-09-08T15:40:50.865157+02:00;Dragusin;D;Fiorentina;0;58.5;20;7;3;4.5;4.67;0;1;90.0;48.5;available
2026-09-08T15:40:50.865157+02:00;Haps;D;Venezia;0;58.1;10;5;3;6.0;5.83;0;0;80.0;47.0;available
2026-09-08T15:40:50.865157+02:00;Valenti;D;Parma;0;58.1;10;4;1;6.0;6.0;0;0;55.0;50.8;available
2026-09-08T15:40:50.865157+02:00;Moro N.;C;Bologna;0;58.1;14;4;1;5.5;5.5;0;0;60.0;50.0;available
2026-09-08T15:40:50.865157+02:00;Basic;C;Venezia;0;57.7;19;6;2;5.5;5.5;0;0;55.0;49.2;available
2026-09-08T15:40:50.865157+02:00;Carboni A.;D;Monza;0;57.5;9;4;3;5.67;5.67;0;0;90.0;52.5;available
2026-09-08T15:40:50.865157+02:00;Unai Gomez;C;Udinese;0;57.5;14;6;2;5.5;5.5;0;0;80.0;42.9;available
2026-09-08T15:40:50.865157+02:00;Miller L.;C;Udinese;0;57.4;12;4;3;6.0;5.83;0;0;80.0;54.5;available
2026-09-08T15:40:50.865157+02:00;Palma;D;Udinese;0;57.4;11;2;1;6.5;6.5;0;0;30.0;46.0;available
2026-09-08T15:40:50.865157+02:00;Daffara;P;Parma;0;57.3;7;6;0;0.0;0.0;0;0;5.0;50.0;available
2026-09-08T15:40:50.865157+02:00;Thuram K.;C;Juventus;0;57.2;20;9;0;0.0;0.0;0;0;60.0;46.0;available
2026-09-08T15:40:50.865157+02:00;Casadei;C;Torino;0;57.1;23;9;1;5.0;5.0;0;0;30.0;46.8;available
2026-09-08T15:40:50.865157+02:00;Cinquegrano;D;Sassuolo;0;56.7;4;4;3;6.0;6.33;0;1;70.0;53.5;available
2026-09-08T15:40:50.865157+02:00;Kouadio;D;Monza;0;56.6;14;4;3;5.67;5.5;0;0;90.0;52.5;available
2026-09-08T15:40:50.865157+02:00;Troilo;D;Parma;0;56.6;14;4;3;5.67;5.5;0;0;90.0;52.5;available
2026-09-08T15:40:50.865157+02:00;Smolcic I.;D;Como;0;56.5;10;4;1;5.5;5.5;0;0;55.0;50.0;available
2026-09-08T15:40:50.865157+02:00;Sugawara;D;Cagliari;0;56.5;15;6;0;0.0;0.0;0;0;40.0;51.5;available
2026-09-08T15:40:50.865157+02:00;Belahyane;C;Lazio;0;56.4;3;3;2;6.25;6.25;0;0;90.0;54.0;available
2026-09-08T15:40:50.865157+02:00;N'Dri;A;Lecce;0;56.3;12;4;3;5.83;5.83;0;0;55.0;50.8;available
2026-09-08T15:40:50.865157+02:00;Kristensen T.;D;Atalanta;0;56.2;20;6;0;0.0;0.0;0;0;35.0;49.2;available
2026-09-08T15:40:50.865157+02:00;Fini;C;Frosinone;0;56.0;13;5;3;5.83;5.83;0;0;60.0;48.0;available
2026-09-08T15:40:50.865157+02:00;Luis Henrique;C;Inter;0;56.0;12;5;2;6.0;6.0;0;0;35.0;50.8;available
2026-09-08T15:40:50.865157+02:00;Caqueret;C;Como;0;55.9;12;7;2;6.0;6.0;0;0;30.0;50.0;available
2026-09-08T15:40:50.865157+02:00;Heggem;D;Bologna;0;55.8;15;5;3;5.33;5.17;0;0;90.0;44.5;available
2026-09-08T15:40:50.865157+02:00;Cichella;C;Frosinone;0;55.6;12;4;2;5.75;5.75;0;0;60.0;50.0;available
2026-09-08T15:40:50.865157+02:00;Ehizibue;D;Genoa;0;55.5;10;4;1;5.5;5.5;0;0;55.0;54.5;available
2026-09-08T15:40:50.865157+02:00;Lang;A;Napoli;0;55.3;14;3;2;5.5;5.5;0;0;50.0;45.2;available
2026-09-08T15:40:50.865157+02:00;Marcandalli;D;Genoa;0;55.0;14;6;3;5.17;5.17;0;0;90.0;48.5;available
2026-09-08T15:40:50.865157+02:00;Fatah;A;Lecce;0;55.0;8;4;2;5.75;5.75;0;0;60.0;47.5;available
2026-09-08T15:40:50.865157+02:00;Sagrado;D;Venezia;0;54.8;4;4;1;6.5;9.5;1;0;55.0;62.5;available
2026-09-08T15:40:50.865157+02:00;Odenthal;D;Sassuolo;0;54.6;8;3;1;6.5;9.5;1;0;25.0;50.0;available
2026-09-08T15:40:50.865157+02:00;Thiam;P;Monza;0;54.3;5;4;2;5.25;3.25;0;0;80.0;47.0;available
2026-09-08T15:40:50.865157+02:00;Kofler;D;Cagliari;0;54.2;8;6;2;6.0;6.0;0;0;40.0;56.2;available
2026-09-08T15:40:50.865157+02:00;Tornqvist;P;Monza;0;54.2;10;1;0;0.0;0.0;0;0;5.0;50.0;available
2026-09-08T15:40:50.865157+02:00;Pobega;C;Bologna;0;54.0;12;6;2;5.75;5.75;0;0;55.0;43.2;available
2026-09-08T15:40:50.865157+02:00;Ricci S.;C;Como;0;53.9;12;3;1;6.0;6.0;0;0;35.0;46.0;available
2026-09-08T15:40:50.865157+02:00;Buongiorno;D;Napoli;0;53.6;15;6;0;0.0;0.0;0;0;30.0;50.0;available
2026-09-08T15:40:50.865157+02:00;Ebosse;D;Udinese;0;53.3;5;3;3;5.83;5.83;0;0;90.0;50.0;available
2026-09-08T15:40:50.865157+02:00;Messias;C;Genoa;0;53.0;8;5;3;6.0;6.0;0;0;60.0;54.0;available
2026-09-08T15:40:50.865157+02:00;Dele-Bashiru;C;Lazio;0;52.6;13;4;1;5.5;5.5;0;0;30.0;46.0;available
2026-09-08T15:40:50.865157+02:00;Gagliardini;C;Cagliari;0;52.5;8;3;1;6.0;6.0;0;0;60.0;52.2;available
2026-09-08T15:40:50.865157+02:00;Fernandez T.;C;Venezia;0;52.1;8;4;1;6.0;6.0;0;0;60.0;54.8;available
2026-09-08T15:40:50.865157+02:00;Konè I.;C;Sassuolo;0;52.1;20;8;0;0.0;0.0;0;0;30.0;50.0;available
2026-09-08T15:40:50.865157+02:00;Meichtry;C;Genoa;0;51.8;11;5;2;5.75;5.75;0;0;55.0;50.0;available
2026-09-08T15:40:50.865157+02:00;Dominguez B.;C;Sassuolo;0;51.3;12;3;2;5.75;5.75;0;0;40.0;46.0;available
2026-09-08T15:40:50.865157+02:00;Frigan;A;Parma;0;50.9;6;4;1;5.5;5.5;0;0;55.0;52.2;available
2026-09-08T15:40:50.865157+02:00;Ordonez C.;C;Parma;0;50.6;10;3;3;5.83;5.83;0;0;80.0;47.0;available
2026-09-08T15:40:50.865157+02:00;El Shaarawy;C;Genoa;0;50.6;20;7;0;0.0;0.0;0;0;35.0;46.8;available
2026-09-08T15:40:50.865157+02:00;Keita M.;C;Parma;0;50.4;15;5;3;5.67;5.5;0;0;90.0;48.5;available
2026-09-08T15:40:50.865157+02:00;Odgaard;C;Bologna;0;49.8;15;8;3;5.67;5.5;0;0;80.0;45.4;available
2026-09-08T15:40:50.865157+02:00;Kulenovic;A;Torino;0;49.3;7;4;1;5.5;5.5;0;0;35.0;48.4;available
2026-09-08T15:40:50.865157+02:00;Deiola;C;Cagliari;0;49.0;8;4;3;6.0;5.67;0;0;75.0;51.8;available
2026-09-08T15:40:50.865157+02:00;Moreno M.;D;Venezia;0;48.7;6;4;1;5.5;5.0;0;0;75.0;53.8;available
2026-09-08T15:40:50.865157+02:00;Lucchesi;D;Monza;0;48.6;11;4;3;5.67;5.33;0;0;90.0;52.5;available
2026-09-08T15:40:50.865157+02:00;Lipani;C;Sassuolo;0;48.5;5;2;1;6.0;6.0;0;0;60.0;44.0;available
2026-09-08T15:40:50.865157+02:00;Ndiaye;D;Parma;0;48.5;8;1;1;6.0;6.0;0;0;40.0;43.8;available
2026-09-08T15:40:50.865157+02:00;Alhassane;D;Bologna;0;48.4;6;2;2;6.0;6.0;0;0;50.0;42.5;available
2026-09-08T15:40:50.865157+02:00;Pellegrini Lo.;C;Roma;0;48.4;20;9;0;0.0;0.0;0;0;10.0;47.0;available
2026-09-08T15:40:50.865157+02:00;Fagioli;C;Fiorentina;0;48.3;18;7;3;5.33;5.17;0;0;70.0;43.9;available
2026-09-08T15:40:50.865157+02:00;Diallo O.;C;Parma;0;48.3;12;3;1;5.5;5.5;0;0;30.0;50.0;available
2026-09-08T15:40:50.865157+02:00;Amondarain;C;Bologna;0;47.9;10;4;1;5.5;5.5;0;0;50.0;45.2;available
2026-09-08T15:40:50.865157+02:00;Gilmour;C;Napoli;0;47.9;10;2;1;6.0;6.0;0;0;35.0;46.0;available
2026-09-08T15:40:50.865157+02:00;Olivera;D;Napoli;0;47.9;13;4;1;4.5;4.5;0;0;60.0;46.0;available
2026-09-08T15:40:50.865157+02:00;Sow;C;Genoa;0;47.8;14;7;3;5.67;5.5;0;0;80.0;46.2;available
2026-09-08T15:40:50.865157+02:00;Mout;C;Monza;0;47.8;12;1;1;5.0;5.0;0;0;60.0;50.0;available
2026-09-08T15:40:50.865157+02:00;Gueye;A;Udinese;0;47.6;7;4;2;5.5;5.5;0;0;55.0;49.2;available
2026-09-08T15:40:50.865157+02:00;Stulic;A;Lecce;0;47.3;11;6;3;5.33;5.33;0;0;90.0;50.0;available
2026-09-08T15:40:50.865157+02:00;Van Der Brempt;D;Sassuolo;0;47.1;11;1;0;0.0;0.0;0;0;55.0;46.8;available
2026-09-08T15:40:50.865157+02:00;Gaspar K.;D;Lecce;0;46.8;12;5;3;5.33;5.0;0;0;80.0;48.5;available
2026-09-08T15:40:50.865157+02:00;Caleta-Car;D;Sassuolo;0;46.8;11;6;0;0.0;0.0;0;0;35.0;46.8;available
2026-09-08T15:40:50.865157+02:00;Rodriguez R.;D;Torino;0;46.6;12;5;0;0.0;0.0;0;0;25.0;49.2;available
2026-09-08T15:40:50.865157+02:00;Tourè I.;C;Monza;0;46.4;14;5;0;0.0;0.0;0;0;50.0;49.0;available
2026-09-08T15:40:50.865157+02:00;Felici;C;Cagliari;0;46.4;7;5;1;6.0;6.0;0;0;30.0;47.0;available
2026-09-08T15:40:50.865157+02:00;Pisseri;P;Frosinone;0;46.3;1;1;0;0.0;0.0;0;0;30.0;54.4;available
2026-09-08T15:40:50.865157+02:00;Sulemana I.;C;Sassuolo;0;46.0;7;3;1;6.0;6.0;0;0;30.0;50.0;available
2026-09-08T15:40:50.865157+02:00;Nzola;A;Cagliari;0;45.9;10;4;0;0.0;0.0;0;0;50.0;53.0;available
2026-09-08T15:40:50.865157+02:00;Piana;P;Udinese;0;45.9;1;1;0;0.0;0.0;0;0;30.0;54.4;available
2026-09-08T15:40:50.865157+02:00;Almqvist;C;Parma;0;45.8;11;4;2;5.75;5.5;0;0;55.0;50.0;available
2026-09-08T15:40:50.865157+02:00;Lolic;P;Frosinone;0;45.7;1;1;0;0.0;0.0;0;0;30.0;50.0;available
2026-09-08T15:40:50.865157+02:00;Russo A.;P;Sassuolo;0;45.7;1;1;0;0.0;0.0;0;0;30.0;50.0;available
2026-09-08T15:40:50.865157+02:00;Vitinha O.;A;Genoa;0;45.6;12;7;3;5.5;5.5;0;0;60.0;45.2;available
2026-09-08T15:40:50.865157+02:00;Hien;D;Atalanta;0;45.5;11;7;0;0.0;0.0;0;0;30.0;50.0;available
2026-09-08T15:40:50.865157+02:00;Nicolussi Caviglia;C;Parma;0;44.9;16;5;0;0.0;0.0;0;0;30.0;46.0;available
2026-09-08T15:40:50.865157+02:00;Berisha M.;C;Lecce;0;44.6;12;4;0;0.0;0.0;0;0;60.0;53.0;available
2026-09-08T15:40:50.865157+02:00;Zarraga;C;Udinese;0;44.4;4;2;2;5.75;5.75;0;0;60.0;53.0;available
2026-09-08T15:40:50.865157+02:00;Loftus-Cheek;C;Milan;0;44.3;15;4;3;5.33;5.17;0;0;60.0;49.2;available
2026-09-08T15:40:50.865157+02:00;Birligea;A;Frosinone;0;44.1;7;4;0;0.0;0.0;0;0;60.0;42.8;available
2026-09-08T15:40:50.865157+02:00;Mitaj;D;Genoa;0;43.3;10;3;0;0.0;0.0;0;0;55.0;45.2;available
2026-09-08T15:40:50.865157+02:00;Ilkhan;C;Torino;0;43.3;8;4;1;5.5;5.5;0;0;35.0;49.2;available
2026-09-08T15:40:50.865157+02:00;Maleh;C;Lecce;0;43.2;7;3;3;5.67;5.67;0;0;60.0;51.5;available
2026-09-08T15:40:50.865157+02:00;Joao Mario;D;Fiorentina;0;43.2;12;3;2;5.25;5.25;0;0;55.0;43.2;available
2026-09-08T15:40:50.865157+02:00;Franjic;D;Venezia;0;42.8;7;2;2;5.75;5.75;0;0;30.0;46.0;available
2026-09-08T15:40:50.865157+02:00;Schingtienne;D;Venezia;0;42.3;10;3;3;5.33;5.17;0;0;90.0;48.5;available
2026-09-08T15:40:50.865157+02:00;Siebert;D;Lecce;0;42.3;12;4;3;5.5;5.33;0;0;50.0;51.5;available
2026-09-08T15:40:50.865157+02:00;Fabbian;C;Parma;0;42.3;8;4;1;5.0;5.0;0;0;60.0;44.0;available
2026-09-08T15:40:50.865157+02:00;Pongracic;D;Fiorentina;0;42.1;8;3;1;5.0;5.0;0;0;30.0;46.0;available
2026-09-08T15:40:50.865157+02:00;Elphege;A;Parma;0;41.8;10;3;0;0.0;0.0;0;0;40.0;47.0;available
2026-09-08T15:40:50.865157+02:00;Motta;P;Lazio;0;41.6;1;1;0;0.0;0.0;0;0;5.0;50.0;available
2026-09-08T15:40:50.865157+02:00;Sportiello;P;Atalanta;0;41.6;1;1;0;0.0;0.0;0;0;5.0;50.0;available
2026-09-08T15:40:50.865157+02:00;Hasa;C;Frosinone;0;41.5;5;2;1;6.0;6.0;0;0;20.0;50.0;available
2026-09-08T15:40:50.865157+02:00;Halhal;D;Venezia;0;41.3;10;3;2;5.0;3.75;0;0;90.0;48.5;available
2026-09-08T15:40:50.865157+02:00;Massolin;C;Cagliari;0;41.3;12;4;0;0.0;0.0;0;0;40.0;47.8;available
2026-09-08T15:40:50.865157+02:00;Penev;P;Lecce;0;41.3;1;1;0;0.0;0.0;0;0;5.0;50.0;available
2026-09-08T15:40:50.865157+02:00;Christensen O.;P;Fiorentina;0;41.3;1;1;0;0.0;0.0;0;0;5.0;50.0;available
2026-09-08T15:40:50.865157+02:00;Ngom;C;Lecce;0;41.2;12;4;3;5.33;5.17;0;0;80.0;48.5;available
2026-09-08T15:40:50.865157+02:00;Bakoune;D;Monza;0;41.2;4;1;1;5.5;5.5;0;0;40.0;47.5;available
2026-09-08T15:40:50.865157+02:00;Radunovic;P;Cagliari;0;41.2;1;1;0;0.0;0.0;0;0;5.0;50.0;available
2026-09-08T15:40:50.865157+02:00;Turati;P;Sassuolo;0;41.1;1;1;0;0.0;0.0;0;0;5.0;50.0;available
2026-09-08T15:40:50.865157+02:00;Oristanio;C;Torino;0;41.0;12;6;0;0.0;0.0;0;0;40.0;47.8;available
2026-09-08T15:40:50.865157+02:00;Pompei;P;Atalanta;0;40.9;1;1;0;0.0;0.0;0;0;1.0;50.0;available
2026-09-08T15:40:50.865157+02:00;Renzetti;P;Lazio;0;40.9;1;1;0;0.0;0.0;0;0;1.0;50.0;available
2026-09-08T15:40:50.865157+02:00;Parisi;D;Fiorentina;0;40.8;10;4;0;0.0;0.0;0;0;30.0;50.0;available
2026-09-08T15:40:50.865157+02:00;Mrozek;P;Udinese;0;40.8;1;1;0;0.0;0.0;0;0;5.0;50.0;available
2026-09-08T15:40:50.865157+02:00;Montipò;P;Venezia;0;40.8;1;1;0;0.0;0.0;0;0;5.0;50.0;available
2026-09-08T15:40:50.865157+02:00;Terracciano;P;Milan;0;40.8;1;1;0;0.0;0.0;0;0;5.0;50.0;available
2026-09-08T15:40:50.865157+02:00;Walukiewicz;D;Sassuolo;0;40.6;10;3;0;0.0;0.0;0;0;30.0;46.0;available
2026-09-08T15:40:50.865157+02:00;Lezzerini;P;Fiorentina;0;40.6;1;1;0;0.0;0.0;0;0;1.0;50.0;available
2026-09-08T15:40:50.865157+02:00;Vitik;D;Bologna;0;40.5;10;4;0;0.0;0.0;0;0;30.0;49.2;available
2026-09-08T15:40:50.865157+02:00;Pessina;C;Monza;0;40.5;15;6;0;0.0;0.0;0;0;5.0;50.0;available
2026-09-08T15:40:50.865157+02:00;Desplanches;P;Frosinone;0;40.5;1;1;0;0.0;0.0;0;0;5.0;46.0;available
2026-09-08T15:40:50.865157+02:00;Sherri;P;Cagliari;0;40.5;1;1;0;0.0;0.0;0;0;1.0;50.0;available
2026-09-08T15:40:50.865157+02:00;Bleve;P;Lecce;0;40.5;1;1;0;0.0;0.0;0;0;1.0;50.0;available
2026-09-08T15:40:50.865157+02:00;Contini;P;Napoli;0;40.5;1;1;0;0.0;0.0;0;0;1.0;50.0;available
2026-09-08T15:40:50.865157+02:00;Bella-Kotchap;D;Venezia;0;40.4;13;5;3;5.33;5.33;0;0;30.0;39.5;available
2026-09-08T15:40:50.865157+02:00;Ghidotti;P;Parma;0;40.4;1;1;0;0.0;0.0;0;0;1.0;50.0;available
2026-09-08T15:40:50.865157+02:00;Satalino;P;Sassuolo;0;40.4;1;1;0;0.0;0.0;0;0;1.0;50.0;available
2026-09-08T15:40:50.865157+02:00;Pinsoglio;P;Juventus;0;40.3;1;1;0;0.0;0.0;0;0;1.0;50.0;available
2026-09-08T15:40:50.865157+02:00;Zanoli;D;Udinese;0;40.2;10;3;0;0.0;0.0;0;0;30.0;46.0;available
2026-09-08T15:40:50.865157+02:00;Stolz;P;Genoa;0;40.1;1;1;0;0.0;0.0;0;0;5.0;50.0;available
2026-09-08T15:40:50.865157+02:00;Pozzi;P;Venezia;0;40.1;1;1;0;0.0;0.0;0;0;1.0;50.0;available
2026-09-08T15:40:50.865157+02:00;Torriani;P;Milan;0;40.1;1;1;0;0.0;0.0;0;0;1.0;50.0;available
2026-09-08T15:40:50.865157+02:00;Grandi;P;Venezia;0;40.1;1;1;0;0.0;0.0;0;0;1.0;50.0;available
2026-09-08T15:40:50.865157+02:00;Di Gennaro;P;Inter;0;40.1;1;1;0;0.0;0.0;0;0;1.0;50.0;available
2026-09-08T15:40:50.865157+02:00;Grillitsch;C;Frosinone;0;40.0;10;4;0;0.0;0.0;0;0;55.0;50.0;available
2026-09-08T15:40:50.865157+02:00;Pessina Mas.;P;Bologna;0;40.0;1;1;0;0.0;0.0;0;0;5.0;50.0;available
2026-09-08T15:40:50.865157+02:00;Vigorito;P;Como;0;40.0;1;1;0;0.0;0.0;0;0;1.0;50.0;available
2026-09-08T15:40:50.865157+02:00;Padelli;P;Udinese;0;40.0;1;1;0;0.0;0.0;0;0;1.0;50.0;available
2026-09-08T15:40:50.865157+02:00;Mascardi;P;Torino;0;39.9;5;1;2;6.0;4.0;0;0;5.0;50.0;available
2026-09-08T15:40:50.865157+02:00;Forson O.;C;Monza;0;39.7;1;2;2;5.75;5.75;0;0;60.0;44.0;available
2026-09-08T15:40:50.865157+02:00;Siviero;P;Torino;0;39.6;1;1;0;0.0;0.0;0;0;1.0;50.0;available
2026-09-08T15:40:50.865157+02:00;De Roon;C;Roma;0;39.5;10;3;0;0.0;0.0;0;0;55.0;46.0;available
2026-09-08T15:40:50.865157+02:00;Sommariva;P;Genoa;0;39.4;1;1;0;0.0;0.0;0;0;1.0;50.0;available
2026-09-08T15:40:50.865157+02:00;Cataldi;C;Lazio;0;39.3;12;3;0;0.0;0.0;0;0;30.0;46.0;available
2026-09-08T15:40:50.865157+02:00;Happonen;P;Bologna;0;39.3;1;1;0;0.0;0.0;0;0;1.0;50.0;available
2026-09-08T15:40:50.865157+02:00;Tomori;D;Milan;0;39.2;8;6;0;0.0;0.0;0;0;25.0;50.0;available
2026-09-08T15:40:50.865157+02:00;Strajnar;P;Monza;0;39.1;1;1;0;0.0;0.0;0;0;1.0;50.0;available
2026-09-08T15:40:50.865157+02:00;Gineitis;C;Torino;0;38.9;12;5;3;5.33;5.5;0;1;60.0;44.0;available
2026-09-08T15:40:50.865157+02:00;Ilic;C;Lecce;0;38.8;10;1;2;5.5;5.25;0;0;90.0;50.0;available
2026-09-08T15:40:50.865157+02:00;Otoa;D;Genoa;0;38.6;5;2;1;5.0;5.0;0;0;35.0;50.0;available
2026-09-08T15:40:50.865157+02:00;Lauberbach;A;Venezia;0;38.3;1;2;1;5.5;5.5;0;0;35.0;54.0;available
2026-09-08T15:40:50.865157+02:00;Drameh;D;Genoa;0;38.3;10;3;0;0.0;0.0;0;0;25.0;49.2;available
2026-09-08T15:40:50.865157+02:00;Traorè Hj.;C;Genoa;0;38.1;11;4;0;0.0;0.0;0;0;40.0;50.8;available
2026-09-08T15:40:50.865157+02:00;Ndaba;D;Lecce;0;38.1;5;1;2;5.5;5.5;0;0;40.0;46.0;available
2026-09-08T15:40:50.865157+02:00;Tchato;D;Frosinone;0;38.0;8;3;0;0.0;0.0;0;0;30.0;48.5;available
2026-09-08T15:40:50.865157+02:00;Cremaschi;C;Parma;0;37.6;3;2;1;5.5;5.5;0;0;35.0;49.2;available
2026-09-08T15:40:50.865157+02:00;Juan Jesus;D;Venezia;0;37.6;10;4;0;0.0;0.0;0;0;20.0;48.5;available
2026-09-08T15:40:50.865157+02:00;Mkhitaryan;C;Inter;0;36.9;9;4;0;0.0;0.0;0;0;40.0;50.0;available
2026-09-08T15:40:50.865157+02:00;Marin R.;D;Napoli;0;36.8;8;2;3;5.33;5.17;0;0;80.0;47.0;available
2026-09-08T15:40:50.865157+02:00;Amorim;C;Genoa;0;36.8;11;4;3;5.67;5.5;0;0;60.0;50.0;available
2026-09-08T15:40:50.865157+02:00;Arizala;D;Udinese;0;36.4;8;3;0;0.0;0.0;0;0;30.0;46.0;available
2026-09-08T15:40:50.865157+02:00;Kambwala;D;Como;0;36.2;8;3;0;0.0;0.0;0;0;25.0;50.0;available
2026-09-08T15:40:50.865157+02:00;Sabelli;D;Genoa;0;36.2;5;2;1;5.0;5.0;0;0;30.0;39.5;available
2026-09-08T15:40:50.865157+02:00;Drobnic;D;Parma;0;36.1;1;2;1;5.5;5.5;0;0;25.0;49.2;available
2026-09-08T15:40:50.865157+02:00;Addai;C;Como;0;36.0;10;4;0;0.0;0.0;0;0;30.0;50.0;available
2026-09-08T15:40:50.865157+02:00;Foe Ondoa;C;Monza;0;35.8;2;2;1;5.0;5.0;0;0;55.0;50.0;available
2026-09-08T15:40:50.865157+02:00;Sohm;C;Venezia;0;35.4;11;5;2;5.25;5.0;0;0;60.0;44.0;available
2026-09-08T15:40:50.865157+02:00;Gandelman;C;Lecce;0;35.2;10;4;0;0.0;0.0;0;0;35.0;50.0;available
2026-09-08T15:40:50.865157+02:00;Kaba;C;Lecce;0;35.1;2;1;0;0.0;0.0;0;0;80.0;55.2;available
2026-09-08T15:40:50.865157+02:00;Candè;D;Sassuolo;0;34.7;7;2;0;0.0;0.0;0;0;30.0;46.0;available
2026-09-08T15:40:50.865157+02:00;Pellegrini Lu.;D;Lazio;0;34.4;7;1;0;0.0;0.0;0;0;30.0;46.0;available
2026-09-08T15:40:50.865157+02:00;Ekhator;A;Juventus;0;34.4;7;2;0;0.0;0.0;0;0;30.0;43.6;available
2026-09-08T15:40:50.865157+02:00;Lazzari;D;Lazio;0;34.1;5;1;0;0.0;0.0;0;0;40.0;46.0;available
2026-09-08T15:40:50.865157+02:00;Colombo L.;C;Monza;0;34.0;4;2;1;5.5;5.0;0;0;40.0;46.8;available
2026-09-08T15:40:50.865157+02:00;Ziolkowski;D;Monza;0;33.9;8;1;0;0.0;0.0;0;0;25.0;49.2;available
2026-09-08T15:40:50.865157+02:00;Aboukhlal;C;Torino;0;33.7;5;3;2;5.5;5.5;0;0;30.0;50.0;available
2026-09-08T15:40:50.865157+02:00;Akpoguma;D;Frosinone;0;33.6;6;2;0;0.0;0.0;0;0;25.0;45.2;available
2026-09-08T15:40:50.865157+02:00;Sulemana K.;A;Atalanta;0;33.5;5;5;0;0.0;0.0;0;0;30.0;43.6;available
2026-09-08T15:40:50.865157+02:00;Jovanovic;C;Udinese;0;33.2;5;2;0;0.0;0.0;0;0;50.0;52.2;available
2026-09-08T15:40:50.865157+02:00;Adorante;A;Venezia;0;33.0;5;4;0;0.0;0.0;0;0;30.0;47.6;available
2026-09-08T15:40:50.865157+02:00;Ranieri L.;D;Fiorentina;0;32.9;10;2;1;4.5;4.5;0;0;30.0;44.5;available
2026-09-08T15:40:50.865157+02:00;Goglichidze;D;Monza;0;32.6;5;2;0;0.0;0.0;0;0;35.0;47.0;available
2026-09-08T15:40:50.865157+02:00;Sverko;D;Venezia;0;32.5;7;2;0;0.0;0.0;0;0;30.0;46.0;available
2026-09-08T15:40:50.865157+02:00;Brescianini;C;Fiorentina;0;31.6;11;4;3;5.33;5.33;0;0;40.0;45.0;available
2026-09-08T15:40:50.865157+02:00;Havel;A;Genoa;0;31.4;5;3;0;0.0;0.0;0;0;25.0;45.2;available
2026-09-08T15:40:50.865157+02:00;Cabal;D;Juventus;0;30.5;4;1;0;0.0;0.0;0;0;30.0;50.0;available
2026-09-08T15:40:50.865157+02:00;Aurelio;D;Cagliari;0;30.5;5;1;0;0.0;0.0;0;0;25.0;46.0;available
2026-09-08T15:40:50.865157+02:00;Stankovic A.;C;Inter;0;30.4;7;2;0;0.0;0.0;0;0;25.0;46.0;available
2026-09-08T15:40:50.865157+02:00;Sierro;C;Parma;0;30.1;1;1;0;0.0;0.0;0;0;60.0;55.2;available
2026-09-08T15:40:50.865157+02:00;Gelli F.;C;Frosinone;0;29.9;6;2;0;0.0;0.0;0;0;30.0;46.0;available
2026-09-08T15:40:50.865157+02:00;Terracciano F.;D;Milan;0;29.8;4;1;0;0.0;0.0;0;0;25.0;46.0;available
2026-09-08T15:40:50.865157+02:00;Biraghi;D;Torino;0;29.8;5;1;0;0.0;0.0;0;0;20.0;46.0;available
2026-09-08T15:40:50.865157+02:00;Ciervo;C;Cagliari;0;29.5;1;1;0;0.0;0.0;0;0;55.0;49.2;available
2026-09-08T15:40:50.865157+02:00;Diawara S.;D;Milan;0;28.9;4;1;0;0.0;0.0;0;0;20.0;46.0;available
2026-09-08T15:40:50.865157+02:00;Boloca;C;Sassuolo;0;28.8;5;1;0;0.0;0.0;0;0;30.0;46.0;available
2026-09-08T15:40:50.865157+02:00;Idrissi R.;D;Cagliari;0;28.8;3;2;0;0.0;0.0;0;0;30.0;46.0;available
2026-09-08T15:40:50.865157+02:00;Przyborek;C;Lazio;0;28.7;5;1;0;0.0;0.0;0;0;25.0;50.0;available
2026-09-08T15:40:50.865157+02:00;Giovane;A;Napoli;0;28.7;3;3;0;0.0;0.0;0;0;30.0;42.8;available
2026-09-08T15:40:50.865157+02:00;El Azzouzi O.;C;Bologna;0;28.6;10;2;1;5.0;4.5;0;0;30.0;50.0;available
2026-09-08T15:40:50.865157+02:00;Ciurria;C;Monza;0;28.4;6;1;0;0.0;0.0;0;0;30.0;46.0;available
2026-09-08T15:40:50.865157+02:00;Casale;D;Bologna;0;28.3;5;2;0;0.0;0.0;0;0;15.0;43.8;available
2026-09-08T15:40:50.865157+02:00;Amey;D;Frosinone;0;28.2;1;1;0;0.0;0.0;0;0;30.0;51.5;available
2026-09-08T15:40:50.865157+02:00;Carboni F.;D;Parma;0;28.1;3;1;0;0.0;0.0;0;0;30.0;50.8;available
2026-09-08T15:40:50.865157+02:00;Rugani;D;Juventus;0;28.1;3;1;0;0.0;0.0;0;0;25.0;50.0;available
2026-09-08T15:40:50.865157+02:00;Enem;A;Bologna;0;28.1;4;2;0;0.0;0.0;0;0;15.0;50.0;available
2026-09-08T15:40:50.865157+02:00;Chakvetadze;C;Udinese;0;28.0;6;1;0;0.0;0.0;0;0;25.0;45.2;available
2026-09-08T15:40:50.865157+02:00;Dagasso;C;Venezia;0;28.0;1;1;1;5.5;5.0;0;0;25.0;50.0;available
2026-09-08T15:40:50.865157+02:00;Marianucci;D;Napoli;0;27.8;3;1;0;0.0;0.0;0;0;30.0;50.0;available
2026-09-08T15:40:50.865157+02:00;Bayo V.;A;Udinese;0;27.6;3;1;2;5.0;4.75;0;0;60.0;55.2;available
2026-09-08T15:40:50.865157+02:00;Helgason;C;Venezia;0;27.6;3;2;0;0.0;0.0;0;0;40.0;46.0;available
2026-09-08T15:40:50.865157+02:00;Patric;D;Lazio;0;27.6;1;1;0;0.0;0.0;0;0;30.0;50.0;available
2026-09-08T15:40:50.865157+02:00;De Silvestri;D;Bologna;0;27.5;4;1;0;0.0;0.0;0;0;20.0;50.0;available
2026-09-08T15:40:50.865157+02:00;Dembelè A.;D;Lecce;0;27.2;2;1;0;0.0;0.0;0;0;35.0;50.0;available
2026-09-08T15:40:50.865157+02:00;Pieragnolo;D;Sassuolo;0;27.2;1;1;0;0.0;0.0;0;0;30.0;50.0;available
2026-09-08T15:40:50.865157+02:00;Maye;D;Monza;0;27.1;1;1;0;0.0;0.0;0;0;35.0;50.0;available
2026-09-08T15:40:50.865157+02:00;Kone B.;C;Frosinone;0;26.9;3;1;0;0.0;0.0;0;0;30.0;50.0;available
2026-09-08T15:40:50.865157+02:00;Venturino;C;Genoa;0;26.3;4;1;0;0.0;0.0;0;0;30.0;46.0;available
2026-09-08T15:40:50.865157+02:00;Omar Fayed;D;Frosinone;0;26.2;1;1;0;0.0;0.0;0;0;20.0;50.0;available
2026-09-08T15:40:50.865157+02:00;Trepy;A;Cagliari;0;26.1;1;1;0;0.0;0.0;0;0;30.0;49.2;available
2026-09-08T15:40:50.865157+02:00;Jean;D;Lecce;0;26.1;4;1;0;0.0;0.0;0;0;20.0;46.0;available
2026-09-08T15:40:50.865157+02:00;Duncan;C;Venezia;0;26.0;4;1;0;0.0;0.0;0;0;30.0;46.0;available
2026-09-08T15:40:50.865157+02:00;Puczka;D;Genoa;0;25.6;3;1;0;0.0;0.0;0;0;25.0;44.5;available
2026-09-08T15:40:50.865157+02:00;Milik;A;Juventus;0;25.5;3;4;0;0.0;0.0;0;0;10.0;41.4;available
2026-09-08T15:40:50.865157+02:00;Antov;D;Monza;0;25.4;2;1;0;0.0;0.0;0;0;20.0;50.0;available
2026-09-08T15:40:50.865157+02:00;Goldaniga;D;Como;0;25.2;1;1;0;0.0;0.0;0;0;20.0;50.0;available
2026-09-08T15:40:50.865157+02:00;Robinho Junior;A;Genoa;0;24.5;2;1;0;0.0;0.0;0;0;15.0;47.0;available
2026-09-08T15:40:50.865157+02:00;Gomes;D;Venezia;0;24.1;1;1;0;0.0;0.0;0;0;25.0;50.0;available
2026-09-08T15:40:50.865157+02:00;El Azzouzi A.;C;Frosinone;0;24.0;1;1;0;0.0;0.0;0;0;25.0;49.2;available
2026-09-08T15:40:50.865157+02:00;Laerke;C;Lecce;0;23.9;1;1;0;0.0;0.0;0;0;30.0;50.0;available
2026-09-08T15:40:50.865157+02:00;Fofana Sa.;C;Lecce;0;23.9;1;1;0;0.0;0.0;0;0;30.0;50.0;available
2026-09-08T15:40:50.865157+02:00;Liteta;C;Cagliari;0;23.2;1;1;0;0.0;0.0;0;0;20.0;50.0;available
2026-09-08T15:40:50.865157+02:00;De Martis;A;Parma;0;22.9;1;1;0;0.0;0.0;0;0;15.0;50.0;available
2026-09-08T15:40:50.865157+02:00;Lahdo;C;Como;0;22.9;1;1;0;0.0;0.0;0;0;15.0;50.0;available
2026-09-08T15:40:50.865157+02:00;Lisman;A;Venezia;0;22.6;1;1;0;0.0;0.0;0;0;15.0;50.0;available
2026-09-08T15:40:50.865157+02:00;Comotto;C;Milan;0;21.5;1;1;0;0.0;0.0;0;0;10.0;47.0;available
2026-09-08T15:40:50.865157+02:00;Dia;A;Lazio;1;0.0;20;10;2;6.0;6.25;0;1;0.0;50.0;available
2026-09-08T15:40:50.865157+02:00;Norton-Cuffy;D;Genoa;1;0.0;15;8;2;6.0;6.0;0;0;0.0;50.0;available
2026-09-08T15:40:50.865157+02:00;Pedersen;D;Torino;1;0.0;12;5;1;6.0;6.0;0;0;0.0;50.0;available
2026-09-08T15:40:50.865157+02:00;Delli Carri;D;Monza;1;0.0;11;4;1;6.0;6.0;0;0;0.0;50.0;available
2026-09-08T15:40:50.865157+02:00;Borrelli;A;Cagliari;1;0.0;9;4;1;6.0;6.0;0;0;0.0;50.0;available
2026-09-08T15:40:50.865157+02:00;Zappa;D;Atalanta;1;0.0;16;8;1;6.0;6.0;0;0;0.0;47.6;available
2026-09-08T15:40:50.865157+02:00;Morata;A;Roma;1;0.0;100;20;0;0.0;0.0;0;0;0.0;50.0;available
2026-09-08T15:40:50.865157+02:00;Leao;A;Milan;1;0.0;75;18;0;0.0;0.0;0;0;0.0;50.0;available
2026-09-08T15:40:50.865157+02:00;Lukaku;A;Napoli;1;0.0;45;10;0;0.0;0.0;0;0;0.0;50.0;available
2026-09-08T15:40:50.865157+02:00;Gutierrez;D;Napoli;1;0.0;26;8;0;0.0;0.0;0;0;0.0;50.0;available
2026-09-08T15:40:50.865157+02:00;Ratkov;A;Lazio;1;0.0;22;9;0;0.0;0.0;0;0;0.0;50.0;available
2026-09-08T15:40:50.865157+02:00;Nkunku;A;Milan;1;0.0;20;13;0;0.0;0.0;0;0;0.0;50.0;available
2026-09-08T15:40:50.865157+02:00;Romagnoli;D;Lazio;1;0.0;20;6;0;0.0;0.0;0;0;0.0;50.0;available
2026-09-08T15:40:50.865157+02:00;Suzuki;P;Parma;1;0.0;20;7;0;0.0;0.0;0;0;0.0;50.0;available
2026-09-08T15:40:50.865157+02:00;Ondrejka;C;Parma;1;0.0;18;5;0;0.0;0.0;0;0;0.0;50.0;available
2026-09-08T15:40:50.865157+02:00;Circati;D;Parma;1;0.0;18;6;0;0.0;0.0;0;0;0.0;50.0;available
2026-09-08T15:40:50.865157+02:00;Djimsiti;D;Atalanta;1;0.0;16;7;0;0.0;0.0;0;0;0.0;50.0;available
2026-09-08T15:40:50.865157+02:00;El Aynaoui;C;Roma;1;0.0;13;4;0;0.0;0.0;0;0;0.0;50.0;available
2026-09-08T15:40:50.865157+02:00;Ahanor;D;Atalanta;1;0.0;13;6;0;0.0;0.0;0;0;0.0;50.0;available
2026-09-08T15:40:50.865157+02:00;Sorensen O.;C;Parma;1;0.0;12;3;0;0.0;0.0;0;0;0.0;50.0;available
2026-09-08T15:40:50.865157+02:00;Angelino;D;Roma;1;0.0;12;3;0;0.0;0.0;0;0;0.0;50.0;available
2026-09-08T15:40:50.865157+02:00;Koutsoupias;C;Frosinone;1;0.0;11;4;0;0.0;0.0;0;0;0.0;50.0;available
2026-09-08T15:40:50.865157+02:00;Gimenez;A;Milan;1;0.0;10;6;0;0.0;0.0;0;0;0.0;50.0;available
2026-09-08T15:40:50.865157+02:00;Dallinga;A;Bologna;1;0.0;10;8;0;0.0;0.0;0;0;0.0;50.0;available
2026-09-08T15:40:50.865157+02:00;Fofana Y.;C;Milan;1;0.0;10;4;0;0.0;0.0;0;0;0.0;50.0;available
2026-09-08T15:40:50.865157+02:00;Di Gregorio;P;Juventus;1;0.0;10;9;0;0.0;0.0;0;0;0.0;50.0;available
2026-09-08T15:40:50.865157+02:00;Cuenca A.;D;Como;1;0.0;8;1;0;0.0;0.0;0;0;0.0;50.0;available
2026-09-08T15:40:50.865157+02:00;Athekame;D;Milan;1;0.0;8;3;0;0.0;0.0;0;0;0.0;50.0;available
2026-09-08T15:40:50.865157+02:00;Martin;D;Genoa;1;0.0;8;4;0;0.0;0.0;0;0;0.0;50.0;available
2026-09-08T15:40:50.865157+02:00;Mutandwa;A;Cagliari;1;0.0;7;6;0;0.0;0.0;0;0;0.0;50.0;available
2026-09-08T15:40:50.865157+02:00;Prati;C;Cagliari;1;0.0;7;4;0;0.0;0.0;0;0;0.0;50.0;available
2026-09-08T15:40:50.865157+02:00;Miretti;C;Juventus;1;0.0;7;3;0;0.0;0.0;0;0;0.0;50.0;available
2026-09-08T15:40:50.865157+02:00;Kuhn;A;Como;1;0.0;5;3;0;0.0;0.0;0;0;0.0;50.0;available
2026-09-08T15:40:50.865157+02:00;Petagna;A;Monza;1;0.0;5;2;0;0.0;0.0;0;0;0.0;50.0;available
2026-09-08T15:40:50.865157+02:00;Perin;P;Juventus;1;0.0;5;6;0;0.0;0.0;0;0;0.0;50.0;available
2026-09-08T15:40:50.865157+02:00;Buksa;A;Udinese;1;0.0;4;2;0;0.0;0.0;0;0;0.0;50.0;available
2026-09-08T15:40:50.865157+02:00;Vaz;A;Roma;1;0.0;4;1;0;0.0;0.0;0;0;0.0;50.0;available
2026-09-08T15:40:50.865157+02:00;Anjorin;C;Torino;1;0.0;4;1;0;0.0;0.0;0;0;0.0;50.0;available
2026-09-08T15:40:50.865157+02:00;Camara A.;C;Udinese;1;0.0;3;1;0;0.0;0.0;0;0;0.0;50.0;available
2026-09-08T15:40:50.865157+02:00;Bjarkason;C;Venezia;1;0.0;3;1;0;0.0;0.0;0;0;0.0;50.0;available
2026-09-08T15:40:50.865157+02:00;Mlacic;D;Udinese;1;0.0;3;1;0;0.0;0.0;0;0;0.0;50.0;available
2026-09-08T15:40:50.865157+02:00;Oyono J.;D;Frosinone;1;0.0;2;1;0;0.0;0.0;0;0;0.0;50.0;available
2026-09-08T15:40:50.865157+02:00;Vogliacco;D;Genoa;1;0.0;2;1;0;0.0;0.0;0;0;0.0;50.0;available
2026-09-08T15:40:50.865157+02:00;Matturro;D;Genoa;1;0.0;2;1;0;0.0;0.0;0;0;0.0;50.0;available
2026-09-08T15:40:50.865157+02:00;Missori;D;Sassuolo;1;0.0;2;1;0;0.0;0.0;0;0;0.0;50.0;available
2026-09-08T15:40:50.865157+02:00;Albarracin;A;Cagliari;1;0.0;1;1;0;0.0;0.0;0;0;0.0;50.0;available
2026-09-08T15:40:50.865157+02:00;Moro L.;A;Sassuolo;1;0.0;1;1;0;0.0;0.0;0;0;0.0;50.0;available
2026-09-08T15:40:50.865157+02:00;Azon;A;Como;1;0.0;1;1;0;0.0;0.0;0;0;0.0;50.0;available
2026-09-08T15:40:50.865157+02:00;Iannoni;C;Sassuolo;1;0.0;1;1;0;0.0;0.0;0;0;0.0;50.0;available
2026-09-08T15:40:50.865157+02:00;Corrado;D;Frosinone;1;0.0;1;1;0;0.0;0.0;0;0;0.0;50.0;available
2026-09-08T15:40:50.865157+02:00;Gelli J.;D;Frosinone;1;0.0;1;1;0;0.0;0.0;0;0;0.0;50.0;available
2026-09-08T15:40:50.865157+02:00;Macchioni;D;Sassuolo;1;0.0;1;1;0;0.0;0.0;0;0;0.0;50.0;available
2026-09-08T15:40:50.865157+02:00;Raterink;D;Cagliari;1;0.0;1;1;0;0.0;0.0;0;0;0.0;50.0;available
2026-09-08T15:40:50.865157+02:00;Perez M.;D;Lecce;1;0.0;1;1;0;0.0;0.0;0;0;0.0;50.0;available
2026-09-08T15:40:50.865157+02:00;Vismara;P;Atalanta;1;0.0;1;1;0;0.0;0.0;0;0;0.0;50.0;available
2026-09-08T15:40:50.865157+02:00;Samooja;P;Lecce;1;0.0;1;1;0;0.0;0.0;0;0;0.0;50.0;available
2026-09-08T15:40:50.865157+02:00;Paleari;P;Torino;1;0.0;1;1;0;0.0;0.0;0;0;0.0;50.0;available
2026-09-08T15:40:50.865157+02:00;Ciocci;P;Cagliari;1;0.0;1;1;0;0.0;0.0;0;0;0.0;50.0;available
2026-09-08T15:40:50.865157+02:00;Fruchtl;P;Lecce;1;0.0;1;1;0;0.0;0.0;0;0;0.0;50.0;available
2026-09-08T15:40:50.865157+02:00;Rossi F.;P;Atalanta;1;0.0;1;1;0;0.0;0.0;0;0;0.0;50.0;available
2026-09-08T15:40:50.865157+02:00;David;A;Juventus;1;0.0;25;8;1;5.0;5.0;0;0;0.0;50.0;available
2026-09-08T15:40:50.865157+02:00;Pizzignacco;P;Monza;1;0.0;1;1;1;4.5;0.5;0;0;0.0;50.0;available
2026-09-09T15:46:12.391036+02:00;Doekhi;D;Lazio;0;85.3;16;8;3;6.33;6.67;0;1;90.0;50.0;available
2026-09-09T15:46:12.391036+02:00;De Winter;D;Milan;0;84.7;25;5;3;6.5;6.33;0;0;90.0;50.0;available
2026-09-09T15:46:12.391036+02:00;Romano;C;Cagliari;0;84.0;21;8;3;6.83;7.83;1;0;90.0;50.0;available
2026-09-09T15:46:12.391036+02:00;Cristante;C;Roma;0;83.4;29;9;3;6.5;6.5;0;0;80.0;50.0;available
2026-09-09T15:46:12.391036+02:00;Karlstrom;C;Udinese;0;81.8;20;8;3;6.17;7.0;1;0;90.0;50.0;available
2026-09-09T15:46:12.391036+02:00;Fazzini;C;Cagliari;0;81.8;28;8;3;6.0;6.17;0;1;85.0;50.0;available
2026-09-09T15:46:12.391036+02:00;Comuzzo;D;Torino;0;81.7;13;8;3;6.17;7.17;1;0;90.0;50.0;available
2026-09-09T15:46:12.391036+02:00;Obert;D;Cagliari;0;81.6;15;8;3;6.17;6.17;0;0;90.0;50.0;available
2026-09-09T15:46:12.391036+02:00;Maldini;A;Cagliari;0;81.5;25;7;3;6.17;7.17;1;0;90.0;50.0;available
2026-09-09T15:46:12.391036+02:00;Osmajic;A;Genoa;0;81.5;34;9;2;6.0;7.5;1;0;80.0;50.0;available
2026-09-09T15:46:12.391036+02:00;Koopmeiners;C;Juventus;0;81.2;20;7;2;6.75;8.75;1;1;80.0;50.0;available
2026-09-09T15:46:12.391036+02:00;Comert;D;Torino;0;80.9;14;5;2;6.0;6.5;0;1;90.0;50.0;available
2026-09-09T15:46:12.391036+02:00;Cissè A.;C;Milan;0;80.7;40;7;3;6.67;8.5;2;0;55.0;50.0;available
2026-09-09T15:46:12.391036+02:00;Ferguson;C;Bologna;0;80.7;23;8;3;6.17;6.17;0;0;90.0;50.0;available
2026-09-09T15:46:12.391036+02:00;Vergara;C;Napoli;0;80.2;34;9;2;6.5;8.25;1;1;60.0;50.0;available
2026-09-09T15:46:12.391036+02:00;Rodriguez Ju.;D;Cagliari;0;79.0;14;5;3;6.33;6.33;0;0;85.0;50.0;available
2026-09-09T15:46:12.391036+02:00;Chukwueze;C;Milan;0;77.4;20;8;3;6.67;7.33;0;2;60.0;50.0;available
2026-09-09T15:46:12.391036+02:00;Calvani;D;Frosinone;0;76.9;13;6;3;6.5;6.17;0;0;80.0;50.0;available
2026-09-09T15:46:12.391036+02:00;Ismajli;D;Torino;0;76.5;13;8;3;6.17;6.17;0;0;80.0;50.0;available
2026-09-09T15:46:12.391036+02:00;Coulibaly L.;C;Lecce;0;76.0;17;7;3;6.0;6.33;0;1;90.0;50.0;available
2026-09-09T15:46:12.391036+02:00;Pisilli;C;Roma;0;75.6;19;7;2;6.25;7.75;1;0;60.0;50.0;available
2026-09-09T15:46:12.391036+02:00;Robinson J.;A;Monza;0;75.3;12;6;1;7.0;10.0;1;0;80.0;50.0;available
2026-09-09T15:46:12.391036+02:00;Fitz-Jim;C;Torino;0;75.1;18;6;3;6.17;6.17;0;0;90.0;50.0;available
2026-09-09T15:46:12.391036+02:00;Leysen F.;D;Sassuolo;0;75.0;12;6;3;6.17;6.5;0;1;80.0;50.0;available
2026-09-09T15:46:12.391036+02:00;Bartesaghi;D;Milan;0;74.4;15;8;2;6.0;6.0;0;0;60.0;50.0;available
2026-09-09T15:46:12.391036+02:00;Doig;D;Sassuolo;0;73.5;10;7;3;6.17;7.17;1;0;90.0;50.0;available
2026-09-09T15:46:12.391036+02:00;Locatelli;C;Juventus;0;73.4;25;9;3;6.33;6.5;0;1;30.0;50.0;available
2026-09-09T15:46:12.391036+02:00;Adopo;C;Cagliari;0;73.2;13;7;3;6.17;6.5;0;1;90.0;50.0;available
2026-09-09T15:46:12.391036+02:00;Lontani;A;Parma;0;73.0;17;5;3;6.33;7.33;1;0;60.0;50.0;available
2026-09-09T15:46:12.391036+02:00;Njie;C;Fiorentina;0;72.9;25;5;2;6.25;6.25;0;0;55.0;50.0;available
2026-09-09T15:46:12.391036+02:00;Musah;C;Milan;0;72.7;16;4;3;6.17;6.17;0;0;80.0;50.0;available
2026-09-09T15:46:12.391036+02:00;Baldanzi;C;Genoa;0;72.5;24;11;3;5.83;5.83;0;0;90.0;50.0;available
2026-09-09T15:46:12.391036+02:00;Pedraza;D;Lazio;0;72.0;14;6;2;6.0;6.0;0;0;60.0;50.0;available
2026-09-09T15:46:12.391036+02:00;Busio;C;Venezia;0;71.9;14;6;3;6.17;6.33;0;1;90.0;50.0;available
2026-09-09T15:46:12.391036+02:00;Oyono A.;D;Frosinone;0;71.4;10;7;3;6.5;6.67;0;1;80.0;50.0;available
2026-09-09T15:46:12.391036+02:00;Winks;C;Cagliari;0;71.4;15;7;3;6.0;6.0;0;0;90.0;50.0;available
2026-09-09T15:46:12.391036+02:00;Matic;C;Sassuolo;0;71.4;15;6;3;6.17;6.0;0;0;90.0;50.0;available
2026-09-09T15:46:12.391036+02:00;Zè Pedro;D;Cagliari;0;71.0;13;6;3;6.0;5.83;0;0;90.0;50.0;available
2026-09-09T15:46:12.391036+02:00;Monteiro J.;C;Lecce;0;70.6;21;7;1;5.5;5.5;0;0;80.0;50.0;available
2026-09-09T15:46:12.391036+02:00;Provstgaard;D;Lazio;0;70.4;13;4;3;6.0;5.83;0;0;90.0;50.0;available
2026-09-09T15:46:12.391036+02:00;Colpani;C;Monza;0;70.1;15;9;3;5.83;6.83;1;0;55.0;50.0;available
2026-09-09T15:46:12.391036+02:00;Zalewski;C;Atalanta;0;69.6;18;7;3;5.83;6.17;0;1;55.0;50.0;available
2026-09-09T15:46:12.391036+02:00;Marusic;D;Lazio;0;69.6;20;6;1;6.0;6.0;0;0;30.0;50.0;available
2026-09-09T15:46:12.391036+02:00;Obrador;D;Sassuolo;0;69.5;13;6;1;6.0;6.0;0;0;60.0;50.0;available
2026-09-09T15:46:12.391036+02:00;Romero D.;A;Parma;0;69.4;32;10;2;5.75;5.75;0;0;55.0;50.0;available
2026-09-09T15:46:12.391036+02:00;Fortini;D;Torino;0;68.4;12;6;3;6.17;6.17;0;0;55.0;50.0;available
2026-09-09T15:46:12.391036+02:00;Mendy P.;A;Cagliari;0;68.3;14;5;3;6.0;6.0;0;0;55.0;50.0;available
2026-09-09T15:46:12.391036+02:00;Lulli;D;Roma;0;68.2;10;3;3;6.33;6.33;0;0;85.0;50.0;available
2026-09-09T15:46:12.391036+02:00;Frendrup;C;Genoa;0;68.0;19;7;3;5.83;5.83;0;0;90.0;50.0;available
2026-09-09T15:46:12.391036+02:00;Mota;A;Monza;0;67.6;8;5;1;6.0;6.0;0;0;90.0;50.0;available
2026-09-09T15:46:12.391036+02:00;Akinsanmiro;C;Monza;0;67.4;11;7;2;6.25;6.75;0;1;90.0;50.0;available
2026-09-09T15:46:12.391036+02:00;Braganca;C;Torino;0;67.2;19;6;1;6.0;6.0;0;0;60.0;50.0;available
2026-09-09T15:46:12.391036+02:00;Gabbia;D;Milan;0;67.2;14;7;1;6.0;6.0;0;0;30.0;50.0;available
2026-09-09T15:46:12.391036+02:00;Folorunsho;C;Monza;0;67.1;17;4;2;6.0;5.75;0;0;90.0;50.0;available
2026-09-09T15:46:12.391036+02:00;Gnonto;A;Fiorentina;0;67.1;23;7;1;5.5;5.5;0;0;55.0;50.0;available
2026-09-09T15:46:12.391036+02:00;Kempf;D;Como;0;67.0;13;5;1;6.5;6.5;0;0;40.0;50.0;available
2026-09-09T15:46:12.391036+02:00;Birindelli;D;Monza;0;66.8;12;5;3;5.83;5.83;0;0;90.0;50.0;available
2026-09-09T15:46:12.391036+02:00;Hainaut;D;Venezia;0;66.7;12;5;3;6.0;6.33;0;1;55.0;50.0;available
2026-09-09T15:46:12.391036+02:00;Holm;D;Bologna;0;66.5;13;6;3;6.0;5.83;0;0;70.0;50.0;available
2026-09-09T15:46:12.391036+02:00;Pierotti;C;Lecce;0;66.1;19;6;3;5.67;5.67;0;0;90.0;50.0;available
2026-09-09T15:46:12.391036+02:00;Floriani Mussolini;D;Lazio;0;65.9;10;4;3;6.17;6.0;0;0;90.0;50.0;available
2026-09-09T15:46:12.391036+02:00;Veiga D.;D;Lecce;0;65.9;12;5;3;5.67;5.83;0;1;90.0;50.0;available
2026-09-09T15:46:12.391036+02:00;Kelly L.;D;Juventus;0;65.9;12;5;2;6.0;6.0;0;0;60.0;50.0;available
2026-09-09T15:46:12.391036+02:00;Kevin Carlos;A;Cagliari;0;65.7;30;12;1;5.5;5.0;0;0;60.0;50.0;available
2026-09-09T15:46:12.391036+02:00;Gatti;D;Juventus;0;65.3;10;5;1;7.0;9.5;1;0;55.0;50.0;available
2026-09-09T15:46:12.391036+02:00;Cancellieri;C;Lazio;0;65.3;21;9;3;5.83;5.67;0;0;55.0;50.0;available
2026-09-09T15:46:12.391036+02:00;Neres;A;Napoli;0;65.1;20;5;1;5.5;5.5;0;0;55.0;50.0;available
2026-09-09T15:46:12.391036+02:00;Patterson;D;Torino;0;64.8;12;5;1;6.0;6.0;0;0;55.0;50.0;available
2026-09-09T15:46:12.391036+02:00;Rovella;C;Lazio;0;64.5;16;7;2;6.25;6.25;0;0;30.0;50.0;available
2026-09-09T15:46:12.391036+02:00;Britschgi;D;Parma;0;64.4;10;4;2;6.0;6.0;0;0;90.0;50.0;available
2026-09-09T15:46:12.391036+02:00;Douglas Luiz;C;Juventus;0;64.3;15;4;3;5.83;5.83;0;0;90.0;50.0;available
2026-09-09T15:46:12.391036+02:00;Lucca;A;Napoli;0;64.3;12;3;2;6.0;6.0;0;0;60.0;50.0;available
2026-09-09T15:46:12.391036+02:00;Masini;C;Frosinone;0;64.2;8;5;3;6.33;6.67;0;1;90.0;50.0;available
2026-09-09T15:46:12.391036+02:00;Dodò;D;Fiorentina;0;63.6;20;9;1;5.0;5.0;0;0;35.0;50.0;available
2026-09-09T15:46:12.391036+02:00;Gallo;D;Lecce;0;63.3;12;5;2;5.5;5.5;0;0;90.0;50.0;available
2026-09-09T15:46:12.391036+02:00;Abankwah;D;Udinese;0;62.6;10;3;3;6.17;6.0;0;0;80.0;50.0;available
2026-09-09T15:46:12.391036+02:00;Rrahmani Al.;A;Venezia;0;62.5;12;7;1;5.5;5.5;0;0;60.0;50.0;available
2026-09-09T15:46:12.391036+02:00;Badiashile;D;Napoli;0;61.8;18;6;1;5.0;5.0;0;0;35.0;50.0;available
2026-09-09T15:46:12.391036+02:00;Jashari;C;Milan;0;61.6;13;5;2;6.0;6.0;0;0;55.0;50.0;available
2026-09-09T15:46:12.391036+02:00;Noslin;A;Lazio;0;61.4;8;6;1;6.0;6.0;0;0;60.0;50.0;available
2026-09-09T15:46:12.391036+02:00;Kossounou;D;Atalanta;0;61.1;12;4;3;5.67;5.67;0;0;70.0;50.0;available
2026-09-09T15:46:12.391036+02:00;Estupinan;D;Milan;0;61.1;13;3;2;5.75;5.5;0;0;55.0;50.0;available
2026-09-09T15:46:12.391036+02:00;Bakola;C;Sassuolo;0;61.0;14;6;2;6.25;6.25;0;0;30.0;50.0;available
2026-09-09T15:46:12.391036+02:00;Elmas;C;Atalanta;0;60.6;22;7;2;5.5;5.5;0;0;50.0;50.0;available
2026-09-09T15:46:12.391036+02:00;Coco;D;Torino;0;60.6;14;7;3;5.67;5.67;0;0;25.0;50.0;available
2026-09-09T15:46:12.391036+02:00;Viery;D;Fiorentina;0;60.5;12;5;2;5.5;5.5;0;0;70.0;50.0;available
2026-09-09T15:46:12.391036+02:00;Tourè E.;A;Parma;0;60.4;34;11;3;5.5;5.5;0;0;90.0;50.0;available
2026-09-09T15:46:12.391036+02:00;Oulai;C;Fiorentina;0;60.2;18;6;3;5.67;5.67;0;0;60.0;50.0;available
2026-09-09T15:46:12.391036+02:00;Sutalo J.;D;Lazio;0;60.1;19;6;0;0.0;0.0;0;0;50.0;50.0;available
2026-09-09T15:46:12.391036+02:00;Schmid;C;Frosinone;0;59.7;23;8;3;5.83;5.5;0;0;90.0;50.0;available
2026-09-09T15:46:12.391036+02:00;Zhegrova;C;Juventus;0;59.7;14;6;1;5.5;5.5;0;0;55.0;50.0;available
2026-09-09T15:46:12.391036+02:00;Bertola;D;Udinese;0;59.6;10;4;1;6.0;6.0;0;0;60.0;50.0;available
2026-09-09T15:46:12.391036+02:00;Ghilardi;D;Roma;0;59.6;10;5;2;6.25;6.25;0;0;40.0;50.0;available
2026-09-09T15:46:12.391036+02:00;Stankovic F.;P;Venezia;0;59.5;11;6;3;6.0;3.67;0;0;90.0;50.0;available
2026-09-09T15:46:12.391036+02:00;Zerbin;C;Frosinone;0;59.3;12;6;2;6.0;6.0;0;0;55.0;50.0;available
2026-09-09T15:46:12.391036+02:00;Dragusin;D;Fiorentina;0;58.7;20;7;3;4.5;4.67;0;1;90.0;50.0;available
2026-09-09T15:46:12.391036+02:00;Helland;D;Bologna;0;58.7;12;3;2;6.0;6.0;0;0;35.0;50.0;available
2026-09-09T15:46:12.391036+02:00;Haps;D;Venezia;0;58.5;10;5;3;6.0;5.83;0;0;80.0;50.0;available
2026-09-09T15:46:12.391036+02:00;Unai Gomez;C;Udinese;0;58.4;14;6;2;5.5;5.5;0;0;80.0;50.0;available
2026-09-09T15:46:12.391036+02:00;Fadera;C;Cagliari;0;58.4;12;3;2;6.0;6.0;0;0;60.0;50.0;available
2026-09-09T15:46:12.391036+02:00;Moro N.;C;Bologna;0;58.1;14;4;1;5.5;5.5;0;0;60.0;50.0;available
2026-09-09T15:46:12.391036+02:00;Valenti;D;Parma;0;58.0;10;4;1;6.0;6.0;0;0;55.0;50.0;available
2026-09-09T15:46:12.391036+02:00;Palma;D;Udinese;0;58.0;11;2;1;6.5;6.5;0;0;30.0;50.0;available
2026-09-09T15:46:12.391036+02:00;Thuram K.;C;Juventus;0;57.8;20;9;0;0.0;0.0;0;0;60.0;50.0;available
2026-09-09T15:46:12.391036+02:00;Basic;C;Venezia;0;57.8;19;6;2;5.5;5.5;0;0;55.0;50.0;available
2026-09-09T15:46:12.391036+02:00;Casadei;C;Torino;0;57.6;23;9;1;5.0;5.0;0;0;30.0;50.0;available
2026-09-09T15:46:12.391036+02:00;Daffara;P;Parma;0;57.3;7;6;0;0.0;0.0;0;0;5.0;50.0;available
2026-09-09T15:46:12.391036+02:00;Carboni A.;D;Monza;0;57.1;9;4;3;5.67;5.67;0;0;90.0;50.0;available
2026-09-09T15:46:12.391036+02:00;Miller L.;C;Udinese;0;56.7;12;4;3;6.0;5.83;0;0;80.0;50.0;available
2026-09-09T15:46:12.391036+02:00;Heggem;D;Bologna;0;56.6;15;5;3;5.33;5.17;0;0;90.0;50.0;available
2026-09-09T15:46:12.391036+02:00;Smolcic I.;D;Como;0;56.5;10;4;1;5.5;5.5;0;0;55.0;50.0;available
2026-09-09T15:46:12.391036+02:00;Cinquegrano;D;Sassuolo;0;56.3;4;4;3;6.0;6.33;0;1;70.0;50.0;available
2026-09-09T15:46:12.391036+02:00;Kouadio;D;Monza;0;56.3;14;4;3;5.67;5.5;0;0;90.0;50.0;available
2026-09-09T15:46:12.391036+02:00;Fini;C;Frosinone;0;56.3;13;5;3;5.83;5.83;0;0;60.0;50.0;available
2026-09-09T15:46:12.391036+02:00;Sugawara;D;Cagliari;0;56.3;15;6;0;0.0;0.0;0;0;40.0;50.0;available
2026-09-09T15:46:12.391036+02:00;Troilo;D;Parma;0;56.2;14;4;3;5.67;5.5;0;0;90.0;50.0;available
2026-09-09T15:46:12.391036+02:00;N'Dri;A;Lecce;0;56.2;12;4;3;5.83;5.83;0;0;55.0;50.0;available
2026-09-09T15:46:12.391036+02:00;Kristensen T.;D;Atalanta;0;56.2;20;6;0;0.0;0.0;0;0;35.0;50.0;available
2026-09-09T15:46:12.391036+02:00;Lang;A;Napoli;0;56.0;14;3;2;5.5;5.5;0;0;50.0;50.0;available
2026-09-09T15:46:12.391036+02:00;Belahyane;C;Lazio;0;55.9;3;3;2;6.25;6.25;0;0;90.0;50.0;available
2026-09-09T15:46:12.391036+02:00;Caqueret;C;Como;0;55.9;12;7;2;6.0;6.0;0;0;30.0;50.0;available
2026-09-09T15:46:12.391036+02:00;Luis Henrique;C;Inter;0;55.8;12;5;2;6.0;6.0;0;0;35.0;50.0;available
2026-09-09T15:46:12.391036+02:00;Cichella;C;Frosinone;0;55.6;12;4;2;5.75;5.75;0;0;60.0;50.0;available
2026-09-09T15:46:12.391036+02:00;Fatah;A;Lecce;0;55.3;8;4;2;5.75;5.75;0;0;60.0;50.0;available
2026-09-09T15:46:12.391036+02:00;Marcandalli;D;Genoa;0;55.2;14;6;3;5.17;5.17;0;0;90.0;50.0;available
2026-09-09T15:46:12.391036+02:00;Pobega;C;Bologna;0;54.9;12;6;2;5.75;5.75;0;0;55.0;50.0;available
2026-09-09T15:46:12.391036+02:00;Ehizibue;D;Genoa;0;54.9;10;4;1;5.5;5.5;0;0;55.0;50.0;available
2026-09-09T15:46:12.391036+02:00;Thiam;P;Monza;0;54.7;5;4;2;5.25;3.25;0;0;80.0;50.0;available
2026-09-09T15:46:12.391036+02:00;Odenthal;D;Sassuolo;0;54.6;8;3;1;6.5;9.5;1;0;25.0;50.0;available
2026-09-09T15:46:12.391036+02:00;Ricci S.;C;Como;0;54.4;12;3;1;6.0;6.0;0;0;35.0;50.0;available
2026-09-09T15:46:12.391036+02:00;Tornqvist;P;Monza;0;54.2;10;1;0;0.0;0.0;0;0;5.0;50.0;available
2026-09-09T15:46:12.391036+02:00;Buongiorno;D;Napoli;0;53.6;15;6;0;0.0;0.0;0;0;30.0;50.0;available
2026-09-09T15:46:12.391036+02:00;Kofler;D;Cagliari;0;53.4;8;6;2;6.0;6.0;0;0;40.0;50.0;available
2026-09-09T15:46:12.391036+02:00;Ebosse;D;Udinese;0;53.3;5;3;3;5.83;5.83;0;0;90.0;50.0;available
2026-09-09T15:46:12.391036+02:00;Sagrado;D;Venezia;0;53.1;4;4;1;6.5;9.5;1;0;55.0;50.0;available
2026-09-09T15:46:12.391036+02:00;Dele-Bashiru;C;Lazio;0;53.1;13;4;1;5.5;5.5;0;0;30.0;50.0;available
2026-09-09T15:46:12.391036+02:00;Messias;C;Genoa;0;52.5;8;5;3;6.0;6.0;0;0;60.0;50.0;available
2026-09-09T15:46:12.391036+02:00;Gagliardini;C;Cagliari;0;52.2;8;3;1;6.0;6.0;0;0;60.0;50.0;available
2026-09-09T15:46:12.391036+02:00;Konè I.;C;Sassuolo;0;52.1;20;8;0;0.0;0.0;0;0;30.0;50.0;available
2026-09-09T15:46:12.391036+02:00;Meichtry;C;Genoa;0;51.8;11;5;2;5.75;5.75;0;0;55.0;50.0;available
2026-09-09T15:46:12.391036+02:00;Dominguez B.;C;Sassuolo;0;51.8;12;3;2;5.75;5.75;0;0;40.0;50.0;available
2026-09-09T15:46:12.391036+02:00;Fernandez T.;C;Venezia;0;51.5;8;4;1;6.0;6.0;0;0;60.0;50.0;available
2026-09-09T15:46:12.391036+02:00;El Shaarawy;C;Genoa;0;51.1;20;7;0;0.0;0.0;0;0;35.0;50.0;available
2026-09-09T15:46:12.391036+02:00;Ordonez C.;C;Parma;0;50.9;10;3;3;5.83;5.83;0;0;80.0;50.0;available
2026-09-09T15:46:12.391036+02:00;Keita M.;C;Parma;0;50.6;15;5;3;5.67;5.5;0;0;90.0;50.0;available
2026-09-09T15:46:12.391036+02:00;Frigan;A;Parma;0;50.6;6;4;1;5.5;5.5;0;0;55.0;50.0;available
2026-09-09T15:46:12.391036+02:00;Odgaard;C;Bologna;0;50.4;15;8;3;5.67;5.5;0;0;80.0;50.0;available
2026-09-09T15:46:12.391036+02:00;Kulenovic;A;Torino;0;49.5;7;4;1;5.5;5.5;0;0;35.0;50.0;available
2026-09-09T15:46:12.391036+02:00;Lipani;C;Sassuolo;0;49.4;5;2;1;6.0;6.0;0;0;60.0;50.0;available
2026-09-09T15:46:12.391036+02:00;Alhassane;D;Bologna;0;49.4;6;2;2;6.0;6.0;0;0;50.0;50.0;available
2026-09-09T15:46:12.391036+02:00;Ndiaye;D;Parma;0;49.3;8;1;1;6.0;6.0;0;0;40.0;50.0;available
2026-09-09T15:46:12.391036+02:00;Fagioli;C;Fiorentina;0;49.1;18;7;3;5.33;5.17;0;0;70.0;50.0;available
2026-09-09T15:46:12.391036+02:00;Pellegrini Lo.;C;Roma;0;48.9;20;9;0;0.0;0.0;0;0;10.0;50.0;available
2026-09-09T15:46:12.391036+02:00;Deiola;C;Cagliari;0;48.7;8;4;3;6.0;5.67;0;0;75.0;50.0;available
2026-09-09T15:46:12.391036+02:00;Amondarain;C;Bologna;0;48.6;10;4;1;5.5;5.5;0;0;50.0;50.0;available
2026-09-09T15:46:12.391036+02:00;Olivera;D;Napoli;0;48.5;13;4;1;4.5;4.5;0;0;60.0;50.0;available
2026-09-09T15:46:12.391036+02:00;Gilmour;C;Napoli;0;48.4;10;2;1;6.0;6.0;0;0;35.0;50.0;available
2026-09-09T15:46:12.391036+02:00;Lucchesi;D;Monza;0;48.3;11;4;3;5.67;5.33;0;0;90.0;50.0;available
2026-09-09T15:46:12.391036+02:00;Diallo O.;C;Parma;0;48.3;12;3;1;5.5;5.5;0;0;30.0;50.0;available
2026-09-09T15:46:12.391036+02:00;Sow;C;Genoa;0;48.2;14;7;3;5.67;5.5;0;0;80.0;50.0;available
2026-09-09T15:46:12.391036+02:00;Moreno M.;D;Venezia;0;48.2;6;4;1;5.5;5.0;0;0;75.0;50.0;available
2026-09-09T15:46:12.391036+02:00;Mout;C;Monza;0;47.8;12;1;1;5.0;5.0;0;0;60.0;50.0;available
2026-09-09T15:46:12.391036+02:00;Gueye;A;Udinese;0;47.7;7;4;2;5.5;5.5;0;0;55.0;50.0;available
2026-09-09T15:46:12.391036+02:00;Van Der Brempt;D;Sassuolo;0;47.5;11;1;0;0.0;0.0;0;0;55.0;50.0;available
2026-09-09T15:46:12.391036+02:00;Stulic;A;Lecce;0;47.3;11;6;3;5.33;5.33;0;0;90.0;50.0;available
2026-09-09T15:46:12.391036+02:00;Caleta-Car;D;Sassuolo;0;47.3;11;6;0;0.0;0.0;0;0;35.0;50.0;available
2026-09-09T15:46:12.391036+02:00;Gaspar K.;D;Lecce;0;47.0;12;5;3;5.33;5.0;0;0;80.0;50.0;available
2026-09-09T15:46:12.391036+02:00;Felici;C;Cagliari;0;46.8;7;5;1;6.0;6.0;0;0;30.0;50.0;available
2026-09-09T15:46:12.391036+02:00;Rodriguez R.;D;Torino;0;46.8;12;5;0;0.0;0.0;0;0;25.0;50.0;available
2026-09-09T15:46:12.391036+02:00;Tourè I.;C;Monza;0;46.6;14;5;0;0.0;0.0;0;0;50.0;50.0;available
2026-09-09T15:46:12.391036+02:00;Vitinha O.;A;Genoa;0;46.2;12;7;3;5.5;5.5;0;0;60.0;50.0;available
2026-09-09T15:46:12.391036+02:00;Sulemana I.;C;Sassuolo;0;46.0;7;3;1;6.0;6.0;0;0;30.0;50.0;available
2026-09-09T15:46:12.391036+02:00;Almqvist;C;Parma;0;45.8;11;4;2;5.75;5.5;0;0;55.0;50.0;available
2026-09-09T15:46:12.391036+02:00;Pisseri;P;Frosinone;0;45.7;1;1;0;0.0;0.0;0;0;30.0;50.0;available
2026-09-09T15:46:12.391036+02:00;Lolic;P;Frosinone;0;45.7;1;1;0;0.0;0.0;0;0;30.0;50.0;available
2026-09-09T15:46:12.391036+02:00;Russo A.;P;Sassuolo;0;45.7;1;1;0;0.0;0.0;0;0;30.0;50.0;available
2026-09-09T15:46:12.391036+02:00;Nzola;A;Cagliari;0;45.5;10;4;0;0.0;0.0;0;0;50.0;50.0;available
2026-09-09T15:46:12.391036+02:00;Nicolussi Caviglia;C;Parma;0;45.5;16;5;0;0.0;0.0;0;0;30.0;50.0;available
2026-09-09T15:46:12.391036+02:00;Hien;D;Atalanta;0;45.5;11;7;0;0.0;0.0;0;0;30.0;50.0;available
2026-09-09T15:46:12.391036+02:00;Piana;P;Udinese;0;45.4;1;1;0;0.0;0.0;0;0;30.0;50.0;available
2026-09-09T15:46:12.391036+02:00;Birligea;A;Frosinone;0;45.1;7;4;0;0.0;0.0;0;0;60.0;50.0;available
2026-09-09T15:46:12.391036+02:00;Loftus-Cheek;C;Milan;0;44.4;15;4;3;5.33;5.17;0;0;60.0;50.0;available
2026-09-09T15:46:12.391036+02:00;Berisha M.;C;Lecce;0;44.2;12;4;0;0.0;0.0;0;0;60.0;50.0;available
2026-09-09T15:46:12.391036+02:00;Joao Mario;D;Fiorentina;0;44.2;12;3;2;5.25;5.25;0;0;55.0;50.0;available
2026-09-09T15:46:12.391036+02:00;Mitaj;D;Genoa;0;44.0;10;3;0;0.0;0.0;0;0;55.0;50.0;available
2026-09-09T15:46:12.391036+02:00;Zarraga;C;Udinese;0;43.9;4;2;2;5.75;5.75;0;0;60.0;50.0;available
2026-09-09T15:46:12.391036+02:00;Ilkhan;C;Torino;0;43.4;8;4;1;5.5;5.5;0;0;35.0;50.0;available
2026-09-09T15:46:12.391036+02:00;Franjic;D;Venezia;0;43.3;7;2;2;5.75;5.75;0;0;30.0;50.0;available
2026-09-09T15:46:12.391036+02:00;Maleh;C;Lecce;0;43.0;7;3;3;5.67;5.67;0;0;60.0;50.0;available
2026-09-09T15:46:12.391036+02:00;Fabbian;C;Parma;0;43.0;8;4;1;5.0;5.0;0;0;60.0;50.0;available
2026-09-09T15:46:12.391036+02:00;Pongracic;D;Fiorentina;0;42.7;8;3;1;5.0;5.0;0;0;30.0;50.0;available
2026-09-09T15:46:12.391036+02:00;Schingtienne;D;Venezia;0;42.5;10;3;3;5.33;5.17;0;0;90.0;50.0;available
2026-09-09T15:46:12.391036+02:00;Elphege;A;Parma;0;42.2;10;3;0;0.0;0.0;0;0;40.0;50.0;available
2026-09-09T15:46:12.391036+02:00;Siebert;D;Lecce;0;42.1;12;4;3;5.5;5.33;0;0;50.0;50.0;available
2026-09-09T15:46:12.391036+02:00;Bella-Kotchap;D;Venezia;0;41.8;13;5;3;5.33;5.33;0;0;30.0;50.0;available
2026-09-09T15:46:12.391036+02:00;Halhal;D;Venezia;0;41.6;10;3;2;5.0;3.75;0;0;90.0;50.0;available
2026-09-09T15:46:12.391036+02:00;Massolin;C;Cagliari;0;41.6;12;4;0;0.0;0.0;0;0;40.0;50.0;available
2026-09-09T15:46:12.391036+02:00;Motta;P;Lazio;0;41.6;1;1;0;0.0;0.0;0;0;5.0;50.0;available
2026-09-09T15:46:12.391036+02:00;Sportiello;P;Atalanta;0;41.6;1;1;0;0.0;0.0;0;0;5.0;50.0;available
2026-09-09T15:46:12.391036+02:00;Bakoune;D;Monza;0;41.5;4;1;1;5.5;5.5;0;0;40.0;50.0;available
2026-09-09T15:46:12.391036+02:00;Hasa;C;Frosinone;0;41.5;5;2;1;6.0;6.0;0;0;20.0;50.0;available
2026-09-09T15:46:12.391036+02:00;Ngom;C;Lecce;0;41.4;12;4;3;5.33;5.17;0;0;80.0;50.0;available
2026-09-09T15:46:12.391036+02:00;Oristanio;C;Torino;0;41.4;12;6;0;0.0;0.0;0;0;40.0;50.0;available
2026-09-09T15:46:12.391036+02:00;Penev;P;Lecce;0;41.3;1;1;0;0.0;0.0;0;0;5.0;50.0;available
2026-09-09T15:46:12.391036+02:00;Christensen O.;P;Fiorentina;0;41.3;1;1;0;0.0;0.0;0;0;5.0;50.0;available
2026-09-09T15:46:12.391036+02:00;Walukiewicz;D;Sassuolo;0;41.2;10;3;0;0.0;0.0;0;0;30.0;50.0;available
2026-09-09T15:46:12.391036+02:00;Radunovic;P;Cagliari;0;41.2;1;1;0;0.0;0.0;0;0;5.0;50.0;available
2026-09-09T15:46:12.391036+02:00;Desplanches;P;Frosinone;0;41.1;1;1;0;0.0;0.0;0;0;5.0;50.0;available
2026-09-09T15:46:12.391036+02:00;Turati;P;Sassuolo;0;41.1;1;1;0;0.0;0.0;0;0;5.0;50.0;available
2026-09-09T15:46:12.391036+02:00;Pompei;P;Atalanta;0;40.9;1;1;0;0.0;0.0;0;0;1.0;50.0;available
2026-09-09T15:46:12.391036+02:00;Renzetti;P;Lazio;0;40.9;1;1;0;0.0;0.0;0;0;1.0;50.0;available
2026-09-09T15:46:12.391036+02:00;Parisi;D;Fiorentina;0;40.8;10;4;0;0.0;0.0;0;0;30.0;50.0;available
2026-09-09T15:46:12.391036+02:00;Zanoli;D;Udinese;0;40.8;10;3;0;0.0;0.0;0;0;30.0;50.0;available
2026-09-09T15:46:12.391036+02:00;Mrozek;P;Udinese;0;40.8;1;1;0;0.0;0.0;0;0;5.0;50.0;available
2026-09-09T15:46:12.391036+02:00;Montipò;P;Venezia;0;40.8;1;1;0;0.0;0.0;0;0;5.0;50.0;available
2026-09-09T15:46:12.391036+02:00;Terracciano;P;Milan;0;40.8;1;1;0;0.0;0.0;0;0;5.0;50.0;available
2026-09-09T15:46:12.391036+02:00;Forson O.;C;Monza;0;40.6;1;2;2;5.75;5.75;0;0;60.0;50.0;available
2026-09-09T15:46:12.391036+02:00;Vitik;D;Bologna;0;40.6;10;4;0;0.0;0.0;0;0;30.0;50.0;available
2026-09-09T15:46:12.391036+02:00;Lezzerini;P;Fiorentina;0;40.6;1;1;0;0.0;0.0;0;0;1.0;50.0;available
2026-09-09T15:46:12.391036+02:00;Pessina;C;Monza;0;40.5;15;6;0;0.0;0.0;0;0;5.0;50.0;available
2026-09-09T15:46:12.391036+02:00;Sherri;P;Cagliari;0;40.5;1;1;0;0.0;0.0;0;0;1.0;50.0;available
2026-09-09T15:46:12.391036+02:00;Bleve;P;Lecce;0;40.5;1;1;0;0.0;0.0;0;0;1.0;50.0;available
2026-09-09T15:46:12.391036+02:00;Contini;P;Napoli;0;40.5;1;1;0;0.0;0.0;0;0;1.0;50.0;available
2026-09-09T15:46:12.391036+02:00;Ghidotti;P;Parma;0;40.4;1;1;0;0.0;0.0;0;0;1.0;50.0;available
2026-09-09T15:46:12.391036+02:00;Satalino;P;Sassuolo;0;40.4;1;1;0;0.0;0.0;0;0;1.0;50.0;available
2026-09-09T15:46:12.391036+02:00;Pinsoglio;P;Juventus;0;40.3;1;1;0;0.0;0.0;0;0;1.0;50.0;available
2026-09-09T15:46:12.391036+02:00;Stolz;P;Genoa;0;40.1;1;1;0;0.0;0.0;0;0;5.0;50.0;available
2026-09-09T15:46:12.391036+02:00;Pozzi;P;Venezia;0;40.1;1;1;0;0.0;0.0;0;0;1.0;50.0;available
2026-09-09T15:46:12.391036+02:00;Torriani;P;Milan;0;40.1;1;1;0;0.0;0.0;0;0;1.0;50.0;available
2026-09-09T15:46:12.391036+02:00;Grandi;P;Venezia;0;40.1;1;1;0;0.0;0.0;0;0;1.0;50.0;available
2026-09-09T15:46:12.391036+02:00;Di Gennaro;P;Inter;0;40.1;1;1;0;0.0;0.0;0;0;1.0;50.0;available
2026-09-09T15:46:12.391036+02:00;Grillitsch;C;Frosinone;0;40.0;10;4;0;0.0;0.0;0;0;55.0;50.0;available
2026-09-09T15:46:12.391036+02:00;De Roon;C;Roma;0;40.0;10;3;0;0.0;0.0;0;0;55.0;50.0;available
2026-09-09T15:46:12.391036+02:00;Pessina Mas.;P;Bologna;0;40.0;1;1;0;0.0;0.0;0;0;5.0;50.0;available
2026-09-09T15:46:12.391036+02:00;Vigorito;P;Como;0;40.0;1;1;0;0.0;0.0;0;0;1.0;50.0;available
2026-09-09T15:46:12.391036+02:00;Padelli;P;Udinese;0;40.0;1;1;0;0.0;0.0;0;0;1.0;50.0;available
2026-09-09T15:46:12.391036+02:00;Cataldi;C;Lazio;0;39.9;12;3;0;0.0;0.0;0;0;30.0;50.0;available
2026-09-09T15:46:12.391036+02:00;Mascardi;P;Torino;0;39.9;5;1;2;6.0;4.0;0;0;5.0;50.0;available
2026-09-09T15:46:12.391036+02:00;Gineitis;C;Torino;0;39.7;12;5;3;5.33;5.5;0;1;60.0;50.0;available
2026-09-09T15:46:12.391036+02:00;Siviero;P;Torino;0;39.6;1;1;0;0.0;0.0;0;0;1.0;50.0;available
2026-09-09T15:46:12.391036+02:00;Sommariva;P;Genoa;0;39.4;1;1;0;0.0;0.0;0;0;1.0;50.0;available
2026-09-09T15:46:12.391036+02:00;Happonen;P;Bologna;0;39.3;1;1;0;0.0;0.0;0;0;1.0;50.0;available
2026-09-09T15:46:12.391036+02:00;Tomori;D;Milan;0;39.2;8;6;0;0.0;0.0;0;0;25.0;50.0;available
2026-09-09T15:46:12.391036+02:00;Strajnar;P;Monza;0;39.1;1;1;0;0.0;0.0;0;0;1.0;50.0;available
2026-09-09T15:46:12.391036+02:00;Ilic;C;Lecce;0;38.8;10;1;2;5.5;5.25;0;0;90.0;50.0;available
2026-09-09T15:46:12.391036+02:00;Ndaba;D;Lecce;0;38.6;5;1;2;5.5;5.5;0;0;40.0;50.0;available
2026-09-09T15:46:12.391036+02:00;Otoa;D;Genoa;0;38.6;5;2;1;5.0;5.0;0;0;35.0;50.0;available
2026-09-09T15:46:12.391036+02:00;Drameh;D;Genoa;0;38.4;10;3;0;0.0;0.0;0;0;25.0;50.0;available
2026-09-09T15:46:12.391036+02:00;Tchato;D;Frosinone;0;38.1;8;3;0;0.0;0.0;0;0;30.0;50.0;available
2026-09-09T15:46:12.391036+02:00;Traorè Hj.;C;Genoa;0;38.0;11;4;0;0.0;0.0;0;0;40.0;50.0;available
2026-09-09T15:46:12.391036+02:00;Juan Jesus;D;Venezia;0;37.8;10;4;0;0.0;0.0;0;0;20.0;50.0;available
2026-09-09T15:46:12.391036+02:00;Cremaschi;C;Parma;0;37.7;3;2;1;5.5;5.5;0;0;35.0;50.0;available
2026-09-09T15:46:12.391036+02:00;Lauberbach;A;Venezia;0;37.7;1;2;1;5.5;5.5;0;0;35.0;50.0;available
2026-09-09T15:46:12.391036+02:00;Sabelli;D;Genoa;0;37.7;5;2;1;5.0;5.0;0;0;30.0;50.0;available
2026-09-09T15:46:12.391036+02:00;Marin R.;D;Napoli;0;37.1;8;2;3;5.33;5.17;0;0;80.0;50.0;available
2026-09-09T15:46:12.391036+02:00;Mkhitaryan;C;Inter;0;36.9;9;4;0;0.0;0.0;0;0;40.0;50.0;available
2026-09-09T15:46:12.391036+02:00;Arizala;D;Udinese;0;36.9;8;3;0;0.0;0.0;0;0;30.0;50.0;available
2026-09-09T15:46:12.391036+02:00;Amorim;C;Genoa;0;36.8;11;4;3;5.67;5.5;0;0;60.0;50.0;available
2026-09-09T15:46:12.391036+02:00;Sohm;C;Venezia;0;36.2;11;5;2;5.25;5.0;0;0;60.0;50.0;available
2026-09-09T15:46:12.391036+02:00;Kambwala;D;Como;0;36.2;8;3;0;0.0;0.0;0;0;25.0;50.0;available
2026-09-09T15:46:12.391036+02:00;Drobnic;D;Parma;0;36.2;1;2;1;5.5;5.5;0;0;25.0;50.0;available
2026-09-09T15:46:12.391036+02:00;Addai;C;Como;0;36.0;10;4;0;0.0;0.0;0;0;30.0;50.0;available
2026-09-09T15:46:12.391036+02:00;Foe Ondoa;C;Monza;0;35.8;2;2;1;5.0;5.0;0;0;55.0;50.0;available
2026-09-09T15:46:12.391036+02:00;Ekhator;A;Juventus;0;35.3;7;2;0;0.0;0.0;0;0;30.0;50.0;available
2026-09-09T15:46:12.391036+02:00;Gandelman;C;Lecce;0;35.2;10;4;0;0.0;0.0;0;0;35.0;50.0;available
2026-09-09T15:46:12.391036+02:00;Candè;D;Sassuolo;0;35.2;7;2;0;0.0;0.0;0;0;30.0;50.0;available
2026-09-09T15:46:12.391036+02:00;Pellegrini Lu.;D;Lazio;0;34.9;7;1;0;0.0;0.0;0;0;30.0;50.0;available
2026-09-09T15:46:12.391036+02:00;Lazzari;D;Lazio;0;34.6;5;1;0;0.0;0.0;0;0;40.0;50.0;available
2026-09-09T15:46:12.391036+02:00;Colombo L.;C;Monza;0;34.5;4;2;1;5.5;5.0;0;0;40.0;50.0;available
2026-09-09T15:46:12.391036+02:00;Kaba;C;Lecce;0;34.4;2;1;0;0.0;0.0;0;0;80.0;50.0;available
2026-09-09T15:46:12.391036+02:00;Sulemana K.;A;Atalanta;0;34.4;5;5;0;0.0;0.0;0;0;30.0;50.0;available
2026-09-09T15:46:12.391036+02:00;Akpoguma;D;Frosinone;0;34.4;6;2;0;0.0;0.0;0;0;25.0;50.0;available
2026-09-09T15:46:12.391036+02:00;Ziolkowski;D;Monza;0;34.1;8;1;0;0.0;0.0;0;0;25.0;50.0;available
2026-09-09T15:46:12.391036+02:00;Aboukhlal;C;Torino;0;33.7;5;3;2;5.5;5.5;0;0;30.0;50.0;available
2026-09-09T15:46:12.391036+02:00;Ranieri L.;D;Fiorentina;0;33.7;10;2;1;4.5;4.5;0;0;30.0;50.0;available
2026-09-09T15:46:12.391036+02:00;Adorante;A;Venezia;0;33.4;5;4;0;0.0;0.0;0;0;30.0;50.0;available
2026-09-09T15:46:12.391036+02:00;Goglichidze;D;Monza;0;33.0;5;2;0;0.0;0.0;0;0;35.0;50.0;available
2026-09-09T15:46:12.391036+02:00;Sverko;D;Venezia;0;33.0;7;2;0;0.0;0.0;0;0;30.0;50.0;available
2026-09-09T15:46:12.391036+02:00;Jovanovic;C;Udinese;0;32.9;5;2;0;0.0;0.0;0;0;50.0;50.0;available
2026-09-09T15:46:12.391036+02:00;Brescianini;C;Fiorentina;0;32.3;11;4;3;5.33;5.33;0;0;40.0;50.0;available
2026-09-09T15:46:12.391036+02:00;Havel;A;Genoa;0;32.1;5;3;0;0.0;0.0;0;0;25.0;50.0;available
2026-09-09T15:46:12.391036+02:00;Aurelio;D;Cagliari;0;31.0;5;1;0;0.0;0.0;0;0;25.0;50.0;available
2026-09-09T15:46:12.391036+02:00;Stankovic A.;C;Inter;0;30.9;7;2;0;0.0;0.0;0;0;25.0;50.0;available
2026-09-09T15:46:12.391036+02:00;Cabal;D;Juventus;0;30.5;4;1;0;0.0;0.0;0;0;30.0;50.0;available
2026-09-09T15:46:12.391036+02:00;Gelli F.;C;Frosinone;0;30.4;6;2;0;0.0;0.0;0;0;30.0;50.0;available
2026-09-09T15:46:12.391036+02:00;Terracciano F.;D;Milan;0;30.3;4;1;0;0.0;0.0;0;0;25.0;50.0;available
2026-09-09T15:46:12.391036+02:00;Biraghi;D;Torino;0;30.3;5;1;0;0.0;0.0;0;0;20.0;50.0;available
2026-09-09T15:46:12.391036+02:00;Giovane;A;Napoli;0;29.7;3;3;0;0.0;0.0;0;0;30.0;50.0;available
2026-09-09T15:46:12.391036+02:00;Ciervo;C;Cagliari;0;29.6;1;1;0;0.0;0.0;0;0;55.0;50.0;available
2026-09-09T15:46:12.391036+02:00;Sierro;C;Parma;0;29.4;1;1;0;0.0;0.0;0;0;60.0;50.0;available
2026-09-09T15:46:12.391036+02:00;Boloca;C;Sassuolo;0;29.4;5;1;0;0.0;0.0;0;0;30.0;50.0;available
2026-09-09T15:46:12.391036+02:00;Idrissi R.;D;Cagliari;0;29.4;3;2;0;0.0;0.0;0;0;30.0;50.0;available
2026-09-09T15:46:12.391036+02:00;Diawara S.;D;Milan;0;29.4;4;1;0;0.0;0.0;0;0;20.0;50.0;available
2026-09-09T15:46:12.391036+02:00;Casale;D;Bologna;0;29.1;5;2;0;0.0;0.0;0;0;15.0;50.0;available
2026-09-09T15:46:12.391036+02:00;Ciurria;C;Monza;0;29.0;6;1;0;0.0;0.0;0;0;30.0;50.0;available
2026-09-09T15:46:12.391036+02:00;Chakvetadze;C;Udinese;0;28.7;6;1;0;0.0;0.0;0;0;25.0;50.0;available
2026-09-09T15:46:12.391036+02:00;El Azzouzi O.;C;Bologna;0;28.6;10;2;1;5.0;4.5;0;0;30.0;50.0;available
2026-09-09T15:46:12.391036+02:00;Helgason;C;Venezia;0;28.1;3;2;0;0.0;0.0;0;0;40.0;50.0;available
2026-09-09T15:46:12.391036+02:00;Rugani;D;Juventus;0;28.1;3;1;0;0.0;0.0;0;0;25.0;50.0;available
2026-09-09T15:46:12.391036+02:00;Enem;A;Bologna;0;28.1;4;2;0;0.0;0.0;0;0;15.0;50.0;available
2026-09-09T15:46:12.391036+02:00;Carboni F.;D;Parma;0;28.0;3;1;0;0.0;0.0;0;0;30.0;50.0;available
2026-09-09T15:46:12.391036+02:00;Amey;D;Frosinone;0;28.0;1;1;0;0.0;0.0;0;0;30.0;50.0;available
2026-09-09T15:46:12.391036+02:00;Dagasso;C;Venezia;0;28.0;1;1;1;5.5;5.0;0;0;25.0;50.0;available
2026-09-09T15:46:12.391036+02:00;Marianucci;D;Napoli;0;27.8;3;1;0;0.0;0.0;0;0;30.0;50.0;available
2026-09-09T15:46:12.391036+02:00;Przyborek;C;Lazio;0;27.7;5;1;0;0.0;0.0;0;0;20.0;49.2;available
2026-09-09T15:46:12.391036+02:00;Patric;D;Lazio;0;27.6;1;1;0;0.0;0.0;0;0;30.0;50.0;available
2026-09-09T15:46:12.391036+02:00;De Silvestri;D;Bologna;0;27.5;4;1;0;0.0;0.0;0;0;20.0;50.0;available
2026-09-09T15:46:12.391036+02:00;Dembelè A.;D;Lecce;0;27.2;2;1;0;0.0;0.0;0;0;35.0;50.0;available
2026-09-09T15:46:12.391036+02:00;Pieragnolo;D;Sassuolo;0;27.2;1;1;0;0.0;0.0;0;0;30.0;50.0;available
2026-09-09T15:46:12.391036+02:00;Maye;D;Monza;0;27.1;1;1;0;0.0;0.0;0;0;35.0;50.0;available
2026-09-09T15:46:12.391036+02:00;Bayo V.;A;Udinese;0;26.9;3;1;2;5.0;4.75;0;0;60.0;50.0;available
2026-09-09T15:46:12.391036+02:00;Venturino;C;Genoa;0;26.9;4;1;0;0.0;0.0;0;0;30.0;50.0;available
2026-09-09T15:46:12.391036+02:00;Kone B.;C;Frosinone;0;26.9;3;1;0;0.0;0.0;0;0;30.0;50.0;available
2026-09-09T15:46:12.391036+02:00;Jean;D;Lecce;0;26.7;4;1;0;0.0;0.0;0;0;20.0;50.0;available
2026-09-09T15:46:12.391036+02:00;Milik;A;Juventus;0;26.7;3;4;0;0.0;0.0;0;0;10.0;50.0;available
2026-09-09T15:46:12.391036+02:00;Duncan;C;Venezia;0;26.6;4;1;0;0.0;0.0;0;0;30.0;50.0;available
2026-09-09T15:46:12.391036+02:00;Puczka;D;Genoa;0;26.3;3;1;0;0.0;0.0;0;0;25.0;50.0;available
2026-09-09T15:46:12.391036+02:00;Trepy;A;Cagliari;0;26.2;1;1;0;0.0;0.0;0;0;30.0;50.0;available
2026-09-09T15:46:12.391036+02:00;Omar Fayed;D;Frosinone;0;26.2;1;1;0;0.0;0.0;0;0;20.0;50.0;available
2026-09-09T15:46:12.391036+02:00;Antov;D;Monza;0;25.4;2;1;0;0.0;0.0;0;0;20.0;50.0;available
2026-09-09T15:46:12.391036+02:00;Goldaniga;D;Como;0;25.2;1;1;0;0.0;0.0;0;0;20.0;50.0;available
2026-09-09T15:46:12.391036+02:00;Robinho Junior;A;Genoa;0;25.0;2;1;0;0.0;0.0;0;0;15.0;50.0;available
2026-09-09T15:46:12.391036+02:00;Gomes;D;Venezia;0;24.1;1;1;0;0.0;0.0;0;0;25.0;50.0;available
2026-09-09T15:46:12.391036+02:00;El Azzouzi A.;C;Frosinone;0;24.1;1;1;0;0.0;0.0;0;0;25.0;50.0;available
2026-09-09T15:46:12.391036+02:00;Laerke;C;Lecce;0;23.9;1;1;0;0.0;0.0;0;0;30.0;50.0;available
2026-09-09T15:46:12.391036+02:00;Fofana Sa.;C;Lecce;0;23.9;1;1;0;0.0;0.0;0;0;30.0;50.0;available
2026-09-09T15:46:12.391036+02:00;Liteta;C;Cagliari;0;23.2;1;1;0;0.0;0.0;0;0;20.0;50.0;available
2026-09-09T15:46:12.391036+02:00;De Martis;A;Parma;0;22.9;1;1;0;0.0;0.0;0;0;15.0;50.0;available
2026-09-09T15:46:12.391036+02:00;Lahdo;C;Como;0;22.9;1;1;0;0.0;0.0;0;0;15.0;50.0;available
2026-09-09T15:46:12.391036+02:00;Lisman;A;Venezia;0;22.6;1;1;0;0.0;0.0;0;0;15.0;50.0;available
2026-09-09T15:46:12.391036+02:00;Comotto;C;Milan;0;21.9;1;1;0;0.0;0.0;0;0;10.0;50.0;available
2026-09-09T15:46:12.391036+02:00;Dia;A;Lazio;1;0.0;20;10;2;6.0;6.25;0;1;0.0;50.0;available
2026-09-09T15:46:12.391036+02:00;Zappa;D;Atalanta;1;0.0;16;8;1;6.0;6.0;0;0;0.0;50.0;available
2026-09-09T15:46:12.391036+02:00;Norton-Cuffy;D;Genoa;1;0.0;15;8;2;6.0;6.0;0;0;0.0;50.0;available
2026-09-09T15:46:12.391036+02:00;Pedersen;D;Torino;1;0.0;12;5;1;6.0;6.0;0;0;0.0;50.0;available
2026-09-09T15:46:12.391036+02:00;Delli Carri;D;Monza;1;0.0;11;4;1;6.0;6.0;0;0;0.0;50.0;available
2026-09-09T15:46:12.391036+02:00;Borrelli;A;Cagliari;1;0.0;9;4;1;6.0;6.0;0;0;0.0;50.0;available
2026-09-09T15:46:12.391036+02:00;Morata;A;Roma;1;0.0;100;20;0;0.0;0.0;0;0;0.0;50.0;available
2026-09-09T15:46:12.391036+02:00;Leao;A;Milan;1;0.0;75;18;0;0.0;0.0;0;0;0.0;50.0;available
2026-09-09T15:46:12.391036+02:00;Lukaku;A;Napoli;1;0.0;45;10;0;0.0;0.0;0;0;0.0;50.0;available
2026-09-09T15:46:12.391036+02:00;Gutierrez;D;Napoli;1;0.0;26;8;0;0.0;0.0;0;0;0.0;50.0;available
2026-09-09T15:46:12.391036+02:00;Ratkov;A;Lazio;1;0.0;22;9;0;0.0;0.0;0;0;0.0;50.0;available
2026-09-09T15:46:12.391036+02:00;Nkunku;A;Milan;1;0.0;20;13;0;0.0;0.0;0;0;0.0;50.0;available
2026-09-09T15:46:12.391036+02:00;Romagnoli;D;Lazio;1;0.0;20;6;0;0.0;0.0;0;0;0.0;50.0;available
2026-09-09T15:46:12.391036+02:00;Suzuki;P;Parma;1;0.0;20;7;0;0.0;0.0;0;0;0.0;50.0;available
2026-09-09T15:46:12.391036+02:00;Ondrejka;C;Parma;1;0.0;18;5;0;0.0;0.0;0;0;0.0;50.0;available
2026-09-09T15:46:12.391036+02:00;Circati;D;Parma;1;0.0;18;6;0;0.0;0.0;0;0;0.0;50.0;available
2026-09-09T15:46:12.391036+02:00;Djimsiti;D;Atalanta;1;0.0;16;7;0;0.0;0.0;0;0;0.0;50.0;available
2026-09-09T15:46:12.391036+02:00;El Aynaoui;C;Roma;1;0.0;13;4;0;0.0;0.0;0;0;0.0;50.0;available
2026-09-09T15:46:12.391036+02:00;Ahanor;D;Atalanta;1;0.0;13;6;0;0.0;0.0;0;0;0.0;50.0;available
2026-09-09T15:46:12.391036+02:00;Sorensen O.;C;Parma;1;0.0;12;3;0;0.0;0.0;0;0;0.0;50.0;available
2026-09-09T15:46:12.391036+02:00;Angelino;D;Roma;1;0.0;12;3;0;0.0;0.0;0;0;0.0;50.0;available
2026-09-09T15:46:12.391036+02:00;Koutsoupias;C;Frosinone;1;0.0;11;4;0;0.0;0.0;0;0;0.0;50.0;available
2026-09-09T15:46:12.391036+02:00;Gimenez;A;Milan;1;0.0;10;6;0;0.0;0.0;0;0;0.0;50.0;available
2026-09-09T15:46:12.391036+02:00;Dallinga;A;Bologna;1;0.0;10;8;0;0.0;0.0;0;0;0.0;50.0;available
2026-09-09T15:46:12.391036+02:00;Fofana Y.;C;Milan;1;0.0;10;4;0;0.0;0.0;0;0;0.0;50.0;available
2026-09-09T15:46:12.391036+02:00;Di Gregorio;P;Juventus;1;0.0;10;9;0;0.0;0.0;0;0;0.0;50.0;available
2026-09-09T15:46:12.391036+02:00;Cuenca A.;D;Como;1;0.0;8;1;0;0.0;0.0;0;0;0.0;50.0;available
2026-09-09T15:46:12.391036+02:00;Athekame;D;Milan;1;0.0;8;3;0;0.0;0.0;0;0;0.0;50.0;available
2026-09-09T15:46:12.391036+02:00;Martin;D;Genoa;1;0.0;8;4;0;0.0;0.0;0;0;0.0;50.0;available
2026-09-09T15:46:12.391036+02:00;Mutandwa;A;Cagliari;1;0.0;7;6;0;0.0;0.0;0;0;0.0;50.0;available
2026-09-09T15:46:12.391036+02:00;Prati;C;Cagliari;1;0.0;7;4;0;0.0;0.0;0;0;0.0;50.0;available
2026-09-09T15:46:12.391036+02:00;Miretti;C;Juventus;1;0.0;7;3;0;0.0;0.0;0;0;0.0;50.0;available
2026-09-09T15:46:12.391036+02:00;Kuhn;A;Como;1;0.0;5;3;0;0.0;0.0;0;0;0.0;50.0;available
2026-09-09T15:46:12.391036+02:00;Petagna;A;Monza;1;0.0;5;2;0;0.0;0.0;0;0;0.0;50.0;available
2026-09-09T15:46:12.391036+02:00;Perin;P;Juventus;1;0.0;5;6;0;0.0;0.0;0;0;0.0;50.0;available
2026-09-09T15:46:12.391036+02:00;Buksa;A;Udinese;1;0.0;4;2;0;0.0;0.0;0;0;0.0;50.0;available
2026-09-09T15:46:12.391036+02:00;Vaz;A;Roma;1;0.0;4;1;0;0.0;0.0;0;0;0.0;50.0;available
2026-09-09T15:46:12.391036+02:00;Anjorin;C;Torino;1;0.0;4;1;0;0.0;0.0;0;0;0.0;50.0;available
2026-09-09T15:46:12.391036+02:00;Camara A.;C;Udinese;1;0.0;3;1;0;0.0;0.0;0;0;0.0;50.0;available
2026-09-09T15:46:12.391036+02:00;Bjarkason;C;Venezia;1;0.0;3;1;0;0.0;0.0;0;0;0.0;50.0;available
2026-09-09T15:46:12.391036+02:00;Mlacic;D;Udinese;1;0.0;3;1;0;0.0;0.0;0;0;0.0;50.0;available
2026-09-09T15:46:12.391036+02:00;Oyono J.;D;Frosinone;1;0.0;2;1;0;0.0;0.0;0;0;0.0;50.0;available
2026-09-09T15:46:12.391036+02:00;Vogliacco;D;Genoa;1;0.0;2;1;0;0.0;0.0;0;0;0.0;50.0;available
2026-09-09T15:46:12.391036+02:00;Matturro;D;Genoa;1;0.0;2;1;0;0.0;0.0;0;0;0.0;50.0;available
2026-09-09T15:46:12.391036+02:00;Missori;D;Sassuolo;1;0.0;2;1;0;0.0;0.0;0;0;0.0;50.0;available
2026-09-09T15:46:12.391036+02:00;Albarracin;A;Cagliari;1;0.0;1;1;0;0.0;0.0;0;0;0.0;50.0;available
2026-09-09T15:46:12.391036+02:00;Moro L.;A;Sassuolo;1;0.0;1;1;0;0.0;0.0;0;0;0.0;50.0;available
2026-09-09T15:46:12.391036+02:00;Azon;A;Como;1;0.0;1;1;0;0.0;0.0;0;0;0.0;50.0;available
2026-09-09T15:46:12.391036+02:00;Iannoni;C;Sassuolo;1;0.0;1;1;0;0.0;0.0;0;0;0.0;50.0;available
2026-09-09T15:46:12.391036+02:00;Corrado;D;Frosinone;1;0.0;1;1;0;0.0;0.0;0;0;0.0;50.0;available
2026-09-09T15:46:12.391036+02:00;Gelli J.;D;Frosinone;1;0.0;1;1;0;0.0;0.0;0;0;0.0;50.0;available
2026-09-09T15:46:12.391036+02:00;Macchioni;D;Sassuolo;1;0.0;1;1;0;0.0;0.0;0;0;0.0;50.0;available
2026-09-09T15:46:12.391036+02:00;Raterink;D;Cagliari;1;0.0;1;1;0;0.0;0.0;0;0;0.0;50.0;available
2026-09-09T15:46:12.391036+02:00;Perez M.;D;Lecce;1;0.0;1;1;0;0.0;0.0;0;0;0.0;50.0;available
2026-09-09T15:46:12.391036+02:00;Vismara;P;Atalanta;1;0.0;1;1;0;0.0;0.0;0;0;0.0;50.0;available
2026-09-09T15:46:12.391036+02:00;Samooja;P;Lecce;1;0.0;1;1;0;0.0;0.0;0;0;0.0;50.0;available
2026-09-09T15:46:12.391036+02:00;Paleari;P;Torino;1;0.0;1;1;0;0.0;0.0;0;0;0.0;50.0;available
2026-09-09T15:46:12.391036+02:00;Ciocci;P;Cagliari;1;0.0;1;1;0;0.0;0.0;0;0;0.0;50.0;available
2026-09-09T15:46:12.391036+02:00;Fruchtl;P;Lecce;1;0.0;1;1;0;0.0;0.0;0;0;0.0;50.0;available
2026-09-09T15:46:12.391036+02:00;Rossi F.;P;Atalanta;1;0.0;1;1;0;0.0;0.0;0;0;0.0;50.0;available
2026-09-09T15:46:12.391036+02:00;David;A;Juventus;1;0.0;25;8;1;5.0;5.0;0;0;0.0;50.0;available
2026-09-09T15:46:12.391036+02:00;Pizzignacco;P;Monza;1;0.0;1;1;1;4.5;0.5;0;0;0.0;50.0;available
2026-09-10T15:39:32.414959+02:00;Cissè A.;C;Milan;0;85.8;40;7;3;6.67;8.5;2;0;80.0;53.8;available
2026-09-10T15:39:32.414959+02:00;Vergara;C;Napoli;0;85.4;34;9;2;6.5;8.25;1;1;85.0;53.8;available
2026-09-10T15:39:32.414959+02:00;Doekhi;D;Lazio;0;85.3;16;8;3;6.33;6.67;0;1;90.0;50.0;available
2026-09-10T15:39:32.414959+02:00;De Winter;D;Milan;0;84.7;25;5;3;6.5;6.33;0;0;90.0;50.0;available
2026-09-10T15:39:32.414959+02:00;Romano;C;Cagliari;0;84.0;21;8;3;6.83;7.83;1;0;90.0;50.0;available
2026-09-10T15:39:32.414959+02:00;Cristante;C;Roma;0;83.4;29;9;3;6.5;6.5;0;0;80.0;50.0;available
2026-09-10T15:39:32.414959+02:00;Karlstrom;C;Udinese;0;81.8;20;8;3;6.17;7.0;1;0;90.0;50.0;available
2026-09-10T15:39:32.414959+02:00;Fazzini;C;Cagliari;0;81.8;28;8;3;6.0;6.17;0;1;85.0;50.0;available
2026-09-10T15:39:32.414959+02:00;Comuzzo;D;Torino;0;81.7;13;8;3;6.17;7.17;1;0;90.0;50.0;available
2026-09-10T15:39:32.414959+02:00;Obert;D;Cagliari;0;81.6;15;8;3;6.17;6.17;0;0;90.0;50.0;available
2026-09-10T15:39:32.414959+02:00;Maldini;A;Cagliari;0;81.5;25;7;3;6.17;7.17;1;0;90.0;50.0;available
2026-09-10T15:39:32.414959+02:00;Osmajic;A;Genoa;0;81.5;34;9;2;6.0;7.5;1;0;80.0;50.0;available
2026-09-10T15:39:32.414959+02:00;Koopmeiners;C;Juventus;0;81.2;20;7;2;6.75;8.75;1;1;80.0;50.0;available
2026-09-10T15:39:32.414959+02:00;Comert;D;Torino;0;80.9;14;5;2;6.0;6.5;0;1;90.0;50.0;available
2026-09-10T15:39:32.414959+02:00;Ferguson;C;Bologna;0;80.7;23;8;3;6.17;6.17;0;0;90.0;50.0;available
2026-09-10T15:39:32.414959+02:00;Rodriguez Ju.;D;Cagliari;0;79.0;14;5;3;6.33;6.33;0;0;85.0;50.0;available
2026-09-10T15:39:32.414959+02:00;Calvani;D;Frosinone;0;76.9;13;6;3;6.5;6.17;0;0;80.0;50.0;available
2026-09-10T15:39:32.414959+02:00;Ismajli;D;Torino;0;76.5;13;8;3;6.17;6.17;0;0;80.0;50.0;available
2026-09-10T15:39:32.414959+02:00;Chukwueze;C;Milan;0;76.4;20;8;3;6.67;7.33;0;2;55.0;49.2;available
2026-09-10T15:39:32.414959+02:00;Robinson J.;A;Monza;0;76.3;12;6;1;7.0;10.0;1;0;85.0;50.8;available
2026-09-10T15:39:32.414959+02:00;Coulibaly L.;C;Lecce;0;76.0;17;7;3;6.0;6.33;0;1;90.0;50.0;available
2026-09-10T15:39:32.414959+02:00;Pisilli;C;Roma;0;75.6;19;7;2;6.25;7.75;1;0;60.0;50.0;available
2026-09-10T15:39:32.414959+02:00;Fitz-Jim;C;Torino;0;75.1;18;6;3;6.17;6.17;0;0;90.0;50.0;available
2026-09-10T15:39:32.414959+02:00;Leysen F.;D;Sassuolo;0;75.0;12;6;3;6.17;6.5;0;1;80.0;50.0;available
2026-09-10T15:39:32.414959+02:00;Bartesaghi;D;Milan;0;74.4;15;8;2;6.0;6.0;0;0;60.0;50.0;available
2026-09-10T15:39:32.414959+02:00;Doig;D;Sassuolo;0;73.5;10;7;3;6.17;7.17;1;0;90.0;50.0;available
2026-09-10T15:39:32.414959+02:00;Locatelli;C;Juventus;0;73.4;25;9;3;6.33;6.5;0;1;30.0;50.0;available
2026-09-10T15:39:32.414959+02:00;Adopo;C;Cagliari;0;73.2;13;7;3;6.17;6.5;0;1;90.0;50.0;available
2026-09-10T15:39:32.414959+02:00;Lontani;A;Parma;0;73.0;17;5;3;6.33;7.33;1;0;60.0;50.0;available
2026-09-10T15:39:32.414959+02:00;Njie;C;Fiorentina;0;72.9;25;5;2;6.25;6.25;0;0;55.0;50.0;available
2026-09-10T15:39:32.414959+02:00;Musah;C;Milan;0;72.7;16;4;3;6.17;6.17;0;0;80.0;50.0;available
2026-09-10T15:39:32.414959+02:00;Baldanzi;C;Genoa;0;72.5;24;11;3;5.83;5.83;0;0;90.0;50.0;available
2026-09-10T15:39:32.414959+02:00;Pedraza;D;Lazio;0;72.0;14;6;2;6.0;6.0;0;0;60.0;50.0;available
2026-09-10T15:39:32.414959+02:00;Busio;C;Venezia;0;71.9;14;6;3;6.17;6.33;0;1;90.0;50.0;available
2026-09-10T15:39:32.414959+02:00;Oyono A.;D;Frosinone;0;71.4;10;7;3;6.5;6.67;0;1;80.0;50.0;available
2026-09-10T15:39:32.414959+02:00;Winks;C;Cagliari;0;71.4;15;7;3;6.0;6.0;0;0;90.0;50.0;available
2026-09-10T15:39:32.414959+02:00;Matic;C;Sassuolo;0;71.4;15;6;3;6.17;6.0;0;0;90.0;50.0;available
2026-09-10T15:39:32.414959+02:00;Zè Pedro;D;Cagliari;0;71.0;13;6;3;6.0;5.83;0;0;90.0;50.0;available
2026-09-10T15:39:32.414959+02:00;Monteiro J.;C;Lecce;0;70.6;21;7;1;5.5;5.5;0;0;80.0;50.0;available
2026-09-10T15:39:32.414959+02:00;Provstgaard;D;Lazio;0;70.4;13;4;3;6.0;5.83;0;0;90.0;50.0;available
2026-09-10T15:39:32.414959+02:00;Colpani;C;Monza;0;70.1;15;9;3;5.83;6.83;1;0;55.0;50.0;available
2026-09-10T15:39:32.414959+02:00;Zalewski;C;Atalanta;0;69.6;18;7;3;5.83;6.17;0;1;55.0;50.0;available
2026-09-10T15:39:32.414959+02:00;Marusic;D;Lazio;0;69.6;20;6;1;6.0;6.0;0;0;30.0;50.0;available
2026-09-10T15:39:32.414959+02:00;Obrador;D;Sassuolo;0;69.5;13;6;1;6.0;6.0;0;0;60.0;50.0;available
2026-09-10T15:39:32.414959+02:00;Romero D.;A;Parma;0;69.4;32;10;2;5.75;5.75;0;0;55.0;50.0;available
2026-09-10T15:39:32.414959+02:00;Fortini;D;Torino;0;68.4;12;6;3;6.17;6.17;0;0;55.0;50.0;available
2026-09-10T15:39:32.414959+02:00;Mendy P.;A;Cagliari;0;68.3;14;5;3;6.0;6.0;0;0;55.0;50.0;available
2026-09-10T15:39:32.414959+02:00;Lulli;D;Roma;0;68.2;10;3;3;6.33;6.33;0;0;85.0;50.0;available
2026-09-10T15:39:32.414959+02:00;Gabbia;D;Milan;0;68.2;14;7;1;6.0;6.0;0;0;35.0;50.8;available
2026-09-10T15:39:32.414959+02:00;Frendrup;C;Genoa;0;68.0;19;7;3;5.83;5.83;0;0;90.0;50.0;available
2026-09-10T15:39:32.414959+02:00;Dodò;D;Fiorentina;0;67.6;20;9;1;5.0;5.0;0;0;55.0;53.0;available
2026-09-10T15:39:32.414959+02:00;Akinsanmiro;C;Monza;0;67.4;11;7;2;6.25;6.75;0;1;90.0;50.0;available
2026-09-10T15:39:32.414959+02:00;Braganca;C;Torino;0;67.2;19;6;1;6.0;6.0;0;0;60.0;50.0;available
2026-09-10T15:39:32.414959+02:00;Folorunsho;C;Monza;0;67.1;17;4;2;6.0;5.75;0;0;90.0;50.0;available
2026-09-10T15:39:32.414959+02:00;Gnonto;A;Fiorentina;0;67.1;23;7;1;5.5;5.5;0;0;55.0;50.0;available
2026-09-10T15:39:32.414959+02:00;Kempf;D;Como;0;67.0;13;5;1;6.5;6.5;0;0;40.0;50.0;available
2026-09-10T15:39:32.414959+02:00;Birindelli;D;Monza;0;66.8;12;5;3;5.83;5.83;0;0;90.0;50.0;available
2026-09-10T15:39:32.414959+02:00;Hainaut;D;Venezia;0;66.7;12;5;3;6.0;6.33;0;1;55.0;50.0;available
2026-09-10T15:39:32.414959+02:00;Holm;D;Bologna;0;66.5;13;6;3;6.0;5.83;0;0;70.0;50.0;available
2026-09-10T15:39:32.414959+02:00;Pierotti;C;Lecce;0;66.1;19;6;3;5.67;5.67;0;0;90.0;50.0;available
2026-09-10T15:39:32.414959+02:00;Floriani Mussolini;D;Lazio;0;65.9;10;4;3;6.17;6.0;0;0;90.0;50.0;available
2026-09-10T15:39:32.414959+02:00;Veiga D.;D;Lecce;0;65.9;12;5;3;5.67;5.83;0;1;90.0;50.0;available
2026-09-10T15:39:32.414959+02:00;Kelly L.;D;Juventus;0;65.9;12;5;2;6.0;6.0;0;0;60.0;50.0;available
2026-09-10T15:39:32.414959+02:00;Kevin Carlos;A;Cagliari;0;65.7;30;12;1;5.5;5.0;0;0;60.0;50.0;available
2026-09-10T15:39:32.414959+02:00;Mota;A;Monza;0;65.6;8;5;1;6.0;6.0;0;0;80.0;48.5;available
2026-09-10T15:39:32.414959+02:00;Gatti;D;Juventus;0;65.3;10;5;1;7.0;9.5;1;0;55.0;50.0;available
2026-09-10T15:39:32.414959+02:00;Cancellieri;C;Lazio;0;65.3;21;9;3;5.83;5.67;0;0;55.0;50.0;available
2026-09-10T15:39:32.414959+02:00;Neres;A;Napoli;0;65.1;20;5;1;5.5;5.5;0;0;55.0;50.0;available
2026-09-10T15:39:32.414959+02:00;Patterson;D;Torino;0;64.8;12;5;1;6.0;6.0;0;0;55.0;50.0;available
2026-09-10T15:39:32.414959+02:00;Rovella;C;Lazio;0;64.5;16;7;2;6.25;6.25;0;0;30.0;50.0;available
2026-09-10T15:39:32.414959+02:00;Britschgi;D;Parma;0;64.4;10;4;2;6.0;6.0;0;0;90.0;50.0;available
2026-09-10T15:39:32.414959+02:00;Douglas Luiz;C;Juventus;0;64.3;15;4;3;5.83;5.83;0;0;90.0;50.0;available
2026-09-10T15:39:32.414959+02:00;Lucca;A;Napoli;0;64.3;12;3;2;6.0;6.0;0;0;60.0;50.0;available
2026-09-10T15:39:32.414959+02:00;Masini;C;Frosinone;0;64.2;8;5;3;6.33;6.67;0;1;90.0;50.0;available
2026-09-10T15:39:32.414959+02:00;Gallo;D;Lecce;0;63.3;12;5;2;5.5;5.5;0;0;90.0;50.0;available
2026-09-10T15:39:32.414959+02:00;Abankwah;D;Udinese;0;62.6;10;3;3;6.17;6.0;0;0;80.0;50.0;available
2026-09-10T15:39:32.414959+02:00;Jashari;C;Milan;0;62.6;13;5;2;6.0;6.0;0;0;60.0;50.8;available
2026-09-10T15:39:32.414959+02:00;Rrahmani Al.;A;Venezia;0;62.5;12;7;1;5.5;5.5;0;0;60.0;50.0;available
2026-09-10T15:39:32.414959+02:00;Estupinan;D;Milan;0;62.2;13;3;2;5.75;5.5;0;0;60.0;50.8;available
2026-09-10T15:39:32.414959+02:00;Badiashile;D;Napoli;0;61.8;18;6;1;5.0;5.0;0;0;35.0;50.0;available
2026-09-10T15:39:32.414959+02:00;Noslin;A;Lazio;0;61.4;8;6;1;6.0;6.0;0;0;60.0;50.0;available
2026-09-10T15:39:32.414959+02:00;Kossounou;D;Atalanta;0;61.1;12;4;3;5.67;5.67;0;0;70.0;50.0;available
2026-09-10T15:39:32.414959+02:00;Bakola;C;Sassuolo;0;61.0;14;6;2;6.25;6.25;0;0;30.0;50.0;available
2026-09-10T15:39:32.414959+02:00;Elmas;C;Atalanta;0;60.6;22;7;2;5.5;5.5;0;0;50.0;50.0;available
2026-09-10T15:39:32.414959+02:00;Coco;D;Torino;0;60.6;14;7;3;5.67;5.67;0;0;25.0;50.0;available
2026-09-10T15:39:32.414959+02:00;Tourè E.;A;Parma;0;60.4;34;11;3;5.5;5.5;0;0;90.0;50.0;available
2026-09-10T15:39:32.414959+02:00;Oulai;C;Fiorentina;0;60.2;18;6;3;5.67;5.67;0;0;60.0;50.0;available
2026-09-10T15:39:32.414959+02:00;Sutalo J.;D;Lazio;0;60.1;19;6;0;0.0;0.0;0;0;50.0;50.0;available
2026-09-10T15:39:32.414959+02:00;Schmid;C;Frosinone;0;59.7;23;8;3;5.83;5.5;0;0;90.0;50.0;available
2026-09-10T15:39:32.414959+02:00;Zhegrova;C;Juventus;0;59.7;14;6;1;5.5;5.5;0;0;55.0;50.0;available
2026-09-10T15:39:32.414959+02:00;Bertola;D;Udinese;0;59.6;10;4;1;6.0;6.0;0;0;60.0;50.0;available
2026-09-10T15:39:32.414959+02:00;Ghilardi;D;Roma;0;59.6;10;5;2;6.25;6.25;0;0;40.0;50.0;available
2026-09-10T15:39:32.414959+02:00;Stankovic F.;P;Venezia;0;59.5;11;6;3;6.0;3.67;0;0;90.0;50.0;available
2026-09-10T15:39:32.414959+02:00;Zerbin;C;Frosinone;0;59.3;12;6;2;6.0;6.0;0;0;55.0;50.0;available
2026-09-10T15:39:32.414959+02:00;Helland;D;Bologna;0;58.7;12;3;2;6.0;6.0;0;0;35.0;50.0;available
2026-09-10T15:39:32.414959+02:00;Haps;D;Venezia;0;58.5;10;5;3;6.0;5.83;0;0;80.0;50.0;available
2026-09-10T15:39:32.414959+02:00;Fadera;C;Cagliari;0;58.4;12;3;2;6.0;6.0;0;0;60.0;50.0;available
2026-09-10T15:39:32.414959+02:00;Moro N.;C;Bologna;0;58.1;14;4;1;5.5;5.5;0;0;60.0;50.0;available
2026-09-10T15:39:32.414959+02:00;Valenti;D;Parma;0;58.0;10;4;1;6.0;6.0;0;0;55.0;50.0;available
2026-09-10T15:39:32.414959+02:00;Palma;D;Udinese;0;58.0;11;2;1;6.5;6.5;0;0;30.0;50.0;available
2026-09-10T15:39:32.414959+02:00;Thuram K.;C;Juventus;0;57.8;20;9;0;0.0;0.0;0;0;60.0;50.0;available
2026-09-10T15:39:32.414959+02:00;Casadei;C;Torino;0;57.6;23;9;1;5.0;5.0;0;0;30.0;50.0;available
2026-09-10T15:39:32.414959+02:00;Daffara;P;Parma;0;57.3;7;6;0;0.0;0.0;0;0;5.0;50.0;available
2026-09-10T15:39:32.414959+02:00;Carboni A.;D;Monza;0;57.1;9;4;3;5.67;5.67;0;0;90.0;50.0;available
2026-09-10T15:39:32.414959+02:00;Lang;A;Napoli;0;57.0;14;3;2;5.5;5.5;0;0;55.0;50.8;available
2026-09-10T15:39:32.414959+02:00;Miller L.;C;Udinese;0;56.7;12;4;3;6.0;5.83;0;0;80.0;50.0;available
2026-09-10T15:39:32.414959+02:00;Heggem;D;Bologna;0;56.6;15;5;3;5.33;5.17;0;0;90.0;50.0;available
2026-09-10T15:39:32.414959+02:00;Smolcic I.;D;Como;0;56.5;10;4;1;5.5;5.5;0;0;55.0;50.0;available
2026-09-10T15:39:32.414959+02:00;Cinquegrano;D;Sassuolo;0;56.3;4;4;3;6.0;6.33;0;1;70.0;50.0;available
2026-09-10T15:39:32.414959+02:00;Kouadio;D;Monza;0;56.3;14;4;3;5.67;5.5;0;0;90.0;50.0;available
2026-09-10T15:39:32.414959+02:00;Fini;C;Frosinone;0;56.3;13;5;3;5.83;5.83;0;0;60.0;50.0;available
2026-09-10T15:39:32.414959+02:00;Sugawara;D;Cagliari;0;56.3;15;6;0;0.0;0.0;0;0;40.0;50.0;available
2026-09-10T15:39:32.414959+02:00;Troilo;D;Parma;0;56.2;14;4;3;5.67;5.5;0;0;90.0;50.0;available
2026-09-10T15:39:32.414959+02:00;N'Dri;A;Lecce;0;56.2;12;4;3;5.83;5.83;0;0;55.0;50.0;available
2026-09-10T15:39:32.414959+02:00;Kristensen T.;D;Atalanta;0;56.2;20;6;0;0.0;0.0;0;0;35.0;50.0;available
2026-09-10T15:39:32.414959+02:00;Belahyane;C;Lazio;0;55.9;3;3;2;6.25;6.25;0;0;90.0;50.0;available
2026-09-10T15:39:32.414959+02:00;Caqueret;C;Como;0;55.9;12;7;2;6.0;6.0;0;0;30.0;50.0;available
2026-09-10T15:39:32.414959+02:00;Luis Henrique;C;Inter;0;55.8;12;5;2;6.0;6.0;0;0;35.0;50.0;available
2026-09-10T15:39:32.414959+02:00;Cichella;C;Frosinone;0;55.6;12;4;2;5.75;5.75;0;0;60.0;50.0;available
2026-09-10T15:39:32.414959+02:00;Fatah;A;Lecce;0;55.3;8;4;2;5.75;5.75;0;0;60.0;50.0;available
2026-09-10T15:39:32.414959+02:00;Marcandalli;D;Genoa;0;55.2;14;6;3;5.17;5.17;0;0;90.0;50.0;available
2026-09-10T15:39:32.414959+02:00;Pobega;C;Bologna;0;54.9;12;6;2;5.75;5.75;0;0;55.0;50.0;available
2026-09-10T15:39:32.414959+02:00;Ehizibue;D;Genoa;0;54.9;10;4;1;5.5;5.5;0;0;55.0;50.0;available
2026-09-10T15:39:32.414959+02:00;Odenthal;D;Sassuolo;0;54.6;8;3;1;6.5;9.5;1;0;25.0;50.0;available
2026-09-10T15:39:32.414959+02:00;Ricci S.;C;Como;0;54.4;12;3;1;6.0;6.0;0;0;35.0;50.0;available
2026-09-10T15:39:32.414959+02:00;Unai Gomez;C;Udinese;0;54.3;14;6;2;5.5;5.5;0;0;60.0;47.0;available
2026-09-10T15:39:32.414959+02:00;Tornqvist;P;Monza;0;54.2;10;1;0;0.0;0.0;0;0;5.0;50.0;available
2026-09-10T15:39:32.414959+02:00;El Shaarawy;C;Genoa;0;54.1;20;7;0;0.0;0.0;0;0;50.0;52.2;available
2026-09-10T15:39:32.414959+02:00;Thiam;P;Monza;0;53.7;5;4;2;5.25;3.25;0;0;75.0;49.2;available
2026-09-10T15:39:32.414959+02:00;Buongiorno;D;Napoli;0;53.6;15;6;0;0.0;0.0;0;0;30.0;50.0;available
2026-09-10T15:39:32.414959+02:00;Kofler;D;Cagliari;0;53.4;8;6;2;6.0;6.0;0;0;40.0;50.0;available
2026-09-10T15:39:32.414959+02:00;Ebosse;D;Udinese;0;53.3;5;3;3;5.83;5.83;0;0;90.0;50.0;available
2026-09-10T15:39:32.414959+02:00;Sagrado;D;Venezia;0;53.1;4;4;1;6.5;9.5;1;0;55.0;50.0;available
2026-09-10T15:39:32.414959+02:00;Dele-Bashiru;C;Lazio;0;53.1;13;4;1;5.5;5.5;0;0;30.0;50.0;available
2026-09-10T15:39:32.414959+02:00;Basic;C;Venezia;0;52.7;19;6;2;5.5;5.5;0;0;30.0;46.2;available
2026-09-10T15:39:32.414959+02:00;Messias;C;Genoa;0;52.5;8;5;3;6.0;6.0;0;0;60.0;50.0;available
2026-09-10T15:39:32.414959+02:00;Gilmour;C;Napoli;0;52.5;10;2;1;6.0;6.0;0;0;55.0;53.0;available
2026-09-10T15:39:32.414959+02:00;Viery;D;Fiorentina;0;52.3;12;5;2;5.5;5.5;0;0;30.0;44.0;available
2026-09-10T15:39:32.414959+02:00;Fagioli;C;Fiorentina;0;52.2;18;7;3;5.33;5.17;0;0;85.0;52.2;available
2026-09-10T15:39:32.414959+02:00;Gagliardini;C;Cagliari;0;52.2;8;3;1;6.0;6.0;0;0;60.0;50.0;available
2026-09-10T15:39:32.414959+02:00;Konè I.;C;Sassuolo;0;52.1;20;8;0;0.0;0.0;0;0;30.0;50.0;available
2026-09-10T15:39:32.414959+02:00;Meichtry;C;Genoa;0;51.8;11;5;2;5.75;5.75;0;0;55.0;50.0;available
2026-09-10T15:39:32.414959+02:00;Dominguez B.;C;Sassuolo;0;51.8;12;3;2;5.75;5.75;0;0;40.0;50.0;available
2026-09-10T15:39:32.414959+02:00;Fernandez T.;C;Venezia;0;51.5;8;4;1;6.0;6.0;0;0;60.0;50.0;available
2026-09-10T15:39:32.414959+02:00;Dragusin;D;Fiorentina;0;51.5;20;7;3;4.5;4.67;0;1;55.0;44.8;available
2026-09-10T15:39:32.414959+02:00;Ordonez C.;C;Parma;0;50.9;10;3;3;5.83;5.83;0;0;80.0;50.0;available
2026-09-10T15:39:32.414959+02:00;Keita M.;C;Parma;0;50.6;15;5;3;5.67;5.5;0;0;90.0;50.0;available
2026-09-10T15:39:32.414959+02:00;Frigan;A;Parma;0;50.6;6;4;1;5.5;5.5;0;0;55.0;50.0;available
2026-09-10T15:39:32.414959+02:00;Odgaard;C;Bologna;0;50.4;15;8;3;5.67;5.5;0;0;80.0;50.0;available
2026-09-10T15:39:32.414959+02:00;Kulenovic;A;Torino;0;49.5;7;4;1;5.5;5.5;0;0;35.0;50.0;available
2026-09-10T15:39:32.414959+02:00;Lipani;C;Sassuolo;0;49.4;5;2;1;6.0;6.0;0;0;60.0;50.0;available
2026-09-10T15:39:32.414959+02:00;Alhassane;D;Bologna;0;49.4;6;2;2;6.0;6.0;0;0;50.0;50.0;available
2026-09-10T15:39:32.414959+02:00;Ndiaye;D;Parma;0;49.3;8;1;1;6.0;6.0;0;0;40.0;50.0;available
2026-09-10T15:39:32.414959+02:00;Pellegrini Lo.;C;Roma;0;48.9;20;9;0;0.0;0.0;0;0;10.0;50.0;available
2026-09-10T15:39:32.414959+02:00;Deiola;C;Cagliari;0;48.7;8;4;3;6.0;5.67;0;0;75.0;50.0;available
2026-09-10T15:39:32.414959+02:00;Amondarain;C;Bologna;0;48.6;10;4;1;5.5;5.5;0;0;50.0;50.0;available
2026-09-10T15:39:32.414959+02:00;Olivera;D;Napoli;0;48.5;13;4;1;4.5;4.5;0;0;60.0;50.0;available
2026-09-10T15:39:32.414959+02:00;Lucchesi;D;Monza;0;48.3;11;4;3;5.67;5.33;0;0;90.0;50.0;available
2026-09-10T15:39:32.414959+02:00;Diallo O.;C;Parma;0;48.3;12;3;1;5.5;5.5;0;0;30.0;50.0;available
2026-09-10T15:39:32.414959+02:00;Sow;C;Genoa;0;48.2;14;7;3;5.67;5.5;0;0;80.0;50.0;available
2026-09-10T15:39:32.414959+02:00;Moreno M.;D;Venezia;0;48.2;6;4;1;5.5;5.0;0;0;75.0;50.0;available
2026-09-10T15:39:32.414959+02:00;Mout;C;Monza;0;47.8;12;1;1;5.0;5.0;0;0;60.0;50.0;available
2026-09-10T15:39:32.414959+02:00;Gueye;A;Udinese;0;47.7;7;4;2;5.5;5.5;0;0;55.0;50.0;available
2026-09-10T15:39:32.414959+02:00;Van Der Brempt;D;Sassuolo;0;47.5;11;1;0;0.0;0.0;0;0;55.0;50.0;available
2026-09-10T15:39:32.414959+02:00;Stulic;A;Lecce;0;47.3;11;6;3;5.33;5.33;0;0;90.0;50.0;available
2026-09-10T15:39:32.414959+02:00;Caleta-Car;D;Sassuolo;0;47.3;11;6;0;0.0;0.0;0;0;35.0;50.0;available
2026-09-10T15:39:32.414959+02:00;Gaspar K.;D;Lecce;0;47.0;12;5;3;5.33;5.0;0;0;80.0;50.0;available
2026-09-10T15:39:32.414959+02:00;Felici;C;Cagliari;0;46.8;7;5;1;6.0;6.0;0;0;30.0;50.0;available
2026-09-10T15:39:32.414959+02:00;Rodriguez R.;D;Torino;0;46.8;12;5;0;0.0;0.0;0;0;25.0;50.0;available
2026-09-10T15:39:32.414959+02:00;Tourè I.;C;Monza;0;46.6;14;5;0;0.0;0.0;0;0;50.0;50.0;available
2026-09-10T15:39:32.414959+02:00;Vitinha O.;A;Genoa;0;46.2;12;7;3;5.5;5.5;0;0;60.0;50.0;available
2026-09-10T15:39:32.414959+02:00;Sulemana I.;C;Sassuolo;0;46.0;7;3;1;6.0;6.0;0;0;30.0;50.0;available
2026-09-10T15:39:32.414959+02:00;Almqvist;C;Parma;0;45.8;11;4;2;5.75;5.5;0;0;55.0;50.0;available
2026-09-10T15:39:32.414959+02:00;Pisseri;P;Frosinone;0;45.7;1;1;0;0.0;0.0;0;0;30.0;50.0;available
2026-09-10T15:39:32.414959+02:00;Lolic;P;Frosinone;0;45.7;1;1;0;0.0;0.0;0;0;30.0;50.0;available
2026-09-10T15:39:32.414959+02:00;Russo A.;P;Sassuolo;0;45.7;1;1;0;0.0;0.0;0;0;30.0;50.0;available
2026-09-10T15:39:32.414959+02:00;Nzola;A;Cagliari;0;45.5;10;4;0;0.0;0.0;0;0;50.0;50.0;available
2026-09-10T15:39:32.414959+02:00;Nicolussi Caviglia;C;Parma;0;45.5;16;5;0;0.0;0.0;0;0;30.0;50.0;available
2026-09-10T15:39:32.414959+02:00;Hien;D;Atalanta;0;45.5;11;7;0;0.0;0.0;0;0;30.0;50.0;available
2026-09-10T15:39:32.414959+02:00;Piana;P;Udinese;0;45.4;1;1;0;0.0;0.0;0;0;30.0;50.0;available
2026-09-10T15:39:32.414959+02:00;Joao Mario;D;Fiorentina;0;45.2;12;3;2;5.25;5.25;0;0;60.0;50.8;available
2026-09-10T15:39:32.414959+02:00;Birligea;A;Frosinone;0;45.1;7;4;0;0.0;0.0;0;0;60.0;50.0;available
2026-09-10T15:39:32.414959+02:00;Loftus-Cheek;C;Milan;0;44.4;15;4;3;5.33;5.17;0;0;60.0;50.0;available
2026-09-10T15:39:32.414959+02:00;Berisha M.;C;Lecce;0;44.2;12;4;0;0.0;0.0;0;0;60.0;50.0;available
2026-09-10T15:39:32.414959+02:00;Zarraga;C;Udinese;0;43.9;4;2;2;5.75;5.75;0;0;60.0;50.0;available
2026-09-10T15:39:32.414959+02:00;Pongracic;D;Fiorentina;0;43.7;8;3;1;5.0;5.0;0;0;35.0;50.8;available
2026-09-10T15:39:32.414959+02:00;Ilkhan;C;Torino;0;43.4;8;4;1;5.5;5.5;0;0;35.0;50.0;available
2026-09-10T15:39:32.414959+02:00;Franjic;D;Venezia;0;43.3;7;2;2;5.75;5.75;0;0;30.0;50.0;available
2026-09-10T15:39:32.414959+02:00;Maleh;C;Lecce;0;43.0;7;3;3;5.67;5.67;0;0;60.0;50.0;available
2026-09-10T15:39:32.414959+02:00;Fabbian;C;Parma;0;43.0;8;4;1;5.0;5.0;0;0;60.0;50.0;available
2026-09-10T15:39:32.414959+02:00;Mitaj;D;Genoa;0;42.9;10;3;0;0.0;0.0;0;0;50.0;49.2;available
2026-09-10T15:39:32.414959+02:00;Schingtienne;D;Venezia;0;42.5;10;3;3;5.33;5.17;0;0;90.0;50.0;available
2026-09-10T15:39:32.414959+02:00;Elphege;A;Parma;0;42.2;10;3;0;0.0;0.0;0;0;40.0;50.0;available
2026-09-10T15:39:32.414959+02:00;Siebert;D;Lecce;0;42.1;12;4;3;5.5;5.33;0;0;50.0;50.0;available
2026-09-10T15:39:32.414959+02:00;Ranieri L.;D;Fiorentina;0;41.9;10;2;1;4.5;4.5;0;0;70.0;56.0;available
2026-09-10T15:39:32.414959+02:00;Bella-Kotchap;D;Venezia;0;41.8;13;5;3;5.33;5.33;0;0;30.0;50.0;available
2026-09-10T15:39:32.414959+02:00;Halhal;D;Venezia;0;41.6;10;3;2;5.0;3.75;0;0;90.0;50.0;available
2026-09-10T15:39:32.414959+02:00;Massolin;C;Cagliari;0;41.6;12;4;0;0.0;0.0;0;0;40.0;50.0;available
2026-09-10T15:39:32.414959+02:00;Motta;P;Lazio;0;41.6;1;1;0;0.0;0.0;0;0;5.0;50.0;available
2026-09-10T15:39:32.414959+02:00;Sportiello;P;Atalanta;0;41.6;1;1;0;0.0;0.0;0;0;5.0;50.0;available
2026-09-10T15:39:32.414959+02:00;Bakoune;D;Monza;0;41.5;4;1;1;5.5;5.5;0;0;40.0;50.0;available
2026-09-10T15:39:32.414959+02:00;Hasa;C;Frosinone;0;41.5;5;2;1;6.0;6.0;0;0;20.0;50.0;available
2026-09-10T15:39:32.414959+02:00;Ngom;C;Lecce;0;41.4;12;4;3;5.33;5.17;0;0;80.0;50.0;available
2026-09-10T15:39:32.414959+02:00;Oristanio;C;Torino;0;41.4;12;6;0;0.0;0.0;0;0;40.0;50.0;available
2026-09-10T15:39:32.414959+02:00;Contini;P;Napoli;0;41.4;1;1;0;0.0;0.0;0;0;5.0;50.6;available
2026-09-10T15:39:32.414959+02:00;Penev;P;Lecce;0;41.3;1;1;0;0.0;0.0;0;0;5.0;50.0;available
2026-09-10T15:39:32.414959+02:00;Christensen O.;P;Fiorentina;0;41.3;1;1;0;0.0;0.0;0;0;5.0;50.0;available
2026-09-10T15:39:32.414959+02:00;Walukiewicz;D;Sassuolo;0;41.2;10;3;0;0.0;0.0;0;0;30.0;50.0;available
2026-09-10T15:39:32.414959+02:00;Radunovic;P;Cagliari;0;41.2;1;1;0;0.0;0.0;0;0;5.0;50.0;available
2026-09-10T15:39:32.414959+02:00;Desplanches;P;Frosinone;0;41.1;1;1;0;0.0;0.0;0;0;5.0;50.0;available
2026-09-10T15:39:32.414959+02:00;Turati;P;Sassuolo;0;41.1;1;1;0;0.0;0.0;0;0;5.0;50.0;available
2026-09-10T15:39:32.414959+02:00;Pompei;P;Atalanta;0;40.9;1;1;0;0.0;0.0;0;0;1.0;50.0;available
2026-09-10T15:39:32.414959+02:00;Renzetti;P;Lazio;0;40.9;1;1;0;0.0;0.0;0;0;1.0;50.0;available
2026-09-10T15:39:32.414959+02:00;Parisi;D;Fiorentina;0;40.8;10;4;0;0.0;0.0;0;0;30.0;50.0;available
2026-09-10T15:39:32.414959+02:00;Zanoli;D;Udinese;0;40.8;10;3;0;0.0;0.0;0;0;30.0;50.0;available
2026-09-10T15:39:32.414959+02:00;Mrozek;P;Udinese;0;40.8;1;1;0;0.0;0.0;0;0;5.0;50.0;available
2026-09-10T15:39:32.414959+02:00;Montipò;P;Venezia;0;40.8;1;1;0;0.0;0.0;0;0;5.0;50.0;available
2026-09-10T15:39:32.414959+02:00;Terracciano;P;Milan;0;40.8;1;1;0;0.0;0.0;0;0;5.0;50.0;available
2026-09-10T15:39:32.414959+02:00;Forson O.;C;Monza;0;40.6;1;2;2;5.75;5.75;0;0;60.0;50.0;available
2026-09-10T15:39:32.414959+02:00;Vitik;D;Bologna;0;40.6;10;4;0;0.0;0.0;0;0;30.0;50.0;available
2026-09-10T15:39:32.414959+02:00;Lezzerini;P;Fiorentina;0;40.6;1;1;0;0.0;0.0;0;0;1.0;50.0;available
2026-09-10T15:39:32.414959+02:00;Pessina;C;Monza;0;40.5;15;6;0;0.0;0.0;0;0;5.0;50.0;available
2026-09-10T15:39:32.414959+02:00;Sherri;P;Cagliari;0;40.5;1;1;0;0.0;0.0;0;0;1.0;50.0;available
2026-09-10T15:39:32.414959+02:00;Bleve;P;Lecce;0;40.5;1;1;0;0.0;0.0;0;0;1.0;50.0;available
2026-09-10T15:39:32.414959+02:00;Sohm;C;Venezia;0;40.4;11;5;2;5.25;5.0;0;0;80.0;53.0;available
2026-09-10T15:39:32.414959+02:00;Ghidotti;P;Parma;0;40.4;1;1;0;0.0;0.0;0;0;1.0;50.0;available
2026-09-10T15:39:32.414959+02:00;Satalino;P;Sassuolo;0;40.4;1;1;0;0.0;0.0;0;0;1.0;50.0;available
2026-09-10T15:39:32.414959+02:00;Pinsoglio;P;Juventus;0;40.3;1;1;0;0.0;0.0;0;0;1.0;50.0;available
2026-09-10T15:39:32.414959+02:00;Stolz;P;Genoa;0;40.1;1;1;0;0.0;0.0;0;0;5.0;50.0;available
2026-09-10T15:39:32.414959+02:00;Pozzi;P;Venezia;0;40.1;1;1;0;0.0;0.0;0;0;1.0;50.0;available
2026-09-10T15:39:32.414959+02:00;Torriani;P;Milan;0;40.1;1;1;0;0.0;0.0;0;0;1.0;50.0;available
2026-09-10T15:39:32.414959+02:00;Grandi;P;Venezia;0;40.1;1;1;0;0.0;0.0;0;0;1.0;50.0;available
2026-09-10T15:39:32.414959+02:00;Di Gennaro;P;Inter;0;40.1;1;1;0;0.0;0.0;0;0;1.0;50.0;available
2026-09-10T15:39:32.414959+02:00;Grillitsch;C;Frosinone;0;40.0;10;4;0;0.0;0.0;0;0;55.0;50.0;available
2026-09-10T15:39:32.414959+02:00;De Roon;C;Roma;0;40.0;10;3;0;0.0;0.0;0;0;55.0;50.0;available
2026-09-10T15:39:32.414959+02:00;Pessina Mas.;P;Bologna;0;40.0;1;1;0;0.0;0.0;0;0;5.0;50.0;available
2026-09-10T15:39:32.414959+02:00;Vigorito;P;Como;0;40.0;1;1;0;0.0;0.0;0;0;1.0;50.0;available
2026-09-10T15:39:32.414959+02:00;Padelli;P;Udinese;0;40.0;1;1;0;0.0;0.0;0;0;1.0;50.0;available
2026-09-10T15:39:32.414959+02:00;Cataldi;C;Lazio;0;39.9;12;3;0;0.0;0.0;0;0;30.0;50.0;available
2026-09-10T15:39:32.414959+02:00;Mascardi;P;Torino;0;39.9;5;1;2;6.0;4.0;0;0;5.0;50.0;available
2026-09-10T15:39:32.414959+02:00;Gineitis;C;Torino;0;39.7;12;5;3;5.33;5.5;0;1;60.0;50.0;available
2026-09-10T15:39:32.414959+02:00;Siviero;P;Torino;0;39.6;1;1;0;0.0;0.0;0;0;1.0;50.0;available
2026-09-10T15:39:32.414959+02:00;Sommariva;P;Genoa;0;39.4;1;1;0;0.0;0.0;0;0;1.0;50.0;available
2026-09-10T15:39:32.414959+02:00;Happonen;P;Bologna;0;39.3;1;1;0;0.0;0.0;0;0;1.0;50.0;available
2026-09-10T15:39:32.414959+02:00;Tomori;D;Milan;0;39.2;8;6;0;0.0;0.0;0;0;25.0;50.0;available
2026-09-10T15:39:32.414959+02:00;Strajnar;P;Monza;0;39.1;1;1;0;0.0;0.0;0;0;1.0;50.0;available
2026-09-10T15:39:32.414959+02:00;Ilic;C;Lecce;0;38.8;10;1;2;5.5;5.25;0;0;90.0;50.0;available
2026-09-10T15:39:32.414959+02:00;Ndaba;D;Lecce;0;38.6;5;1;2;5.5;5.5;0;0;40.0;50.0;available
2026-09-10T15:39:32.414959+02:00;Otoa;D;Genoa;0;38.6;5;2;1;5.0;5.0;0;0;35.0;50.0;available
2026-09-10T15:39:32.414959+02:00;Drameh;D;Genoa;0;38.4;10;3;0;0.0;0.0;0;0;25.0;50.0;available
2026-09-10T15:39:32.414959+02:00;Tchato;D;Frosinone;0;38.1;8;3;0;0.0;0.0;0;0;30.0;50.0;available
2026-09-10T15:39:32.414959+02:00;Traorè Hj.;C;Genoa;0;38.0;11;4;0;0.0;0.0;0;0;40.0;50.0;available
2026-09-10T15:39:32.414959+02:00;Juan Jesus;D;Venezia;0;37.8;10;4;0;0.0;0.0;0;0;20.0;50.0;available
2026-09-10T15:39:32.414959+02:00;Cremaschi;C;Parma;0;37.7;3;2;1;5.5;5.5;0;0;35.0;50.0;available
2026-09-10T15:39:32.414959+02:00;Lauberbach;A;Venezia;0;37.7;1;2;1;5.5;5.5;0;0;35.0;50.0;available
2026-09-10T15:39:32.414959+02:00;Sabelli;D;Genoa;0;37.7;5;2;1;5.0;5.0;0;0;30.0;50.0;available
2026-09-10T15:39:32.414959+02:00;Mkhitaryan;C;Inter;0;36.9;9;4;0;0.0;0.0;0;0;40.0;50.0;available
2026-09-10T15:39:32.414959+02:00;Arizala;D;Udinese;0;36.9;8;3;0;0.0;0.0;0;0;30.0;50.0;available
2026-09-10T15:39:32.414959+02:00;Amorim;C;Genoa;0;36.8;11;4;3;5.67;5.5;0;0;60.0;50.0;available
2026-09-10T15:39:32.414959+02:00;Kambwala;D;Como;0;36.2;8;3;0;0.0;0.0;0;0;25.0;50.0;available
2026-09-10T15:39:32.414959+02:00;Drobnic;D;Parma;0;36.2;1;2;1;5.5;5.5;0;0;25.0;50.0;available
2026-09-10T15:39:32.414959+02:00;Addai;C;Como;0;36.0;10;4;0;0.0;0.0;0;0;30.0;50.0;available
2026-09-10T15:39:32.414959+02:00;Foe Ondoa;C;Monza;0;35.8;2;2;1;5.0;5.0;0;0;55.0;50.0;available
2026-09-10T15:39:32.414959+02:00;Ekhator;A;Juventus;0;35.3;7;2;0;0.0;0.0;0;0;30.0;50.0;available
2026-09-10T15:39:32.414959+02:00;Candè;D;Sassuolo;0;35.2;7;2;0;0.0;0.0;0;0;30.0;50.0;available
2026-09-10T15:39:32.414959+02:00;Ziolkowski;D;Monza;0;35.1;8;1;0;0.0;0.0;0;0;30.0;50.8;available
2026-09-10T15:39:32.414959+02:00;Pellegrini Lu.;D;Lazio;0;34.9;7;1;0;0.0;0.0;0;0;30.0;50.0;available
2026-09-10T15:39:32.414959+02:00;Lazzari;D;Lazio;0;34.6;5;1;0;0.0;0.0;0;0;40.0;50.0;available
2026-09-10T15:39:32.414959+02:00;Colombo L.;C;Monza;0;34.5;4;2;1;5.5;5.0;0;0;40.0;50.0;available
2026-09-10T15:39:32.414959+02:00;Kaba;C;Lecce;0;34.4;2;1;0;0.0;0.0;0;0;80.0;50.0;available
2026-09-10T15:39:32.414959+02:00;Sulemana K.;A;Atalanta;0;34.4;5;5;0;0.0;0.0;0;0;30.0;50.0;available
2026-09-10T15:39:32.414959+02:00;Akpoguma;D;Frosinone;0;34.4;6;2;0;0.0;0.0;0;0;25.0;50.0;available
2026-09-10T15:39:32.414959+02:00;Aboukhlal;C;Torino;0;33.7;5;3;2;5.5;5.5;0;0;30.0;50.0;available
2026-09-10T15:39:32.414959+02:00;Adorante;A;Venezia;0;33.4;5;4;0;0.0;0.0;0;0;30.0;50.0;available
2026-09-10T15:39:32.414959+02:00;Havel;A;Genoa;0;33.2;5;3;0;0.0;0.0;0;0;30.0;50.8;available
2026-09-10T15:39:32.414959+02:00;Gandelman;C;Lecce;0;33.2;10;4;0;0.0;0.0;0;0;25.0;48.5;available
2026-09-10T15:39:32.414959+02:00;Marin R.;D;Napoli;0;33.1;8;2;3;5.33;5.17;0;0;60.0;47.0;available
2026-09-10T15:39:32.414959+02:00;Goglichidze;D;Monza;0;33.0;5;2;0;0.0;0.0;0;0;35.0;50.0;available
2026-09-10T15:39:32.414959+02:00;Sverko;D;Venezia;0;33.0;7;2;0;0.0;0.0;0;0;30.0;50.0;available
2026-09-10T15:39:32.414959+02:00;Jovanovic;C;Udinese;0;32.9;5;2;0;0.0;0.0;0;0;50.0;50.0;available
2026-09-10T15:39:32.414959+02:00;Brescianini;C;Fiorentina;0;32.3;11;4;3;5.33;5.33;0;0;40.0;50.0;available
2026-09-10T15:39:32.414959+02:00;Aurelio;D;Cagliari;0;31.0;5;1;0;0.0;0.0;0;0;25.0;50.0;available
2026-09-10T15:39:32.414959+02:00;Stankovic A.;C;Inter;0;30.9;7;2;0;0.0;0.0;0;0;25.0;50.0;available
2026-09-10T15:39:32.414959+02:00;Cabal;D;Juventus;0;30.5;4;1;0;0.0;0.0;0;0;30.0;50.0;available
2026-09-10T15:39:32.414959+02:00;Gelli F.;C;Frosinone;0;30.4;6;2;0;0.0;0.0;0;0;30.0;50.0;available
2026-09-10T15:39:32.414959+02:00;Terracciano F.;D;Milan;0;30.3;4;1;0;0.0;0.0;0;0;25.0;50.0;available
2026-09-10T15:39:32.414959+02:00;Biraghi;D;Torino;0;30.3;5;1;0;0.0;0.0;0;0;20.0;50.0;available
2026-09-10T15:39:32.414959+02:00;Giovane;A;Napoli;0;29.7;3;3;0;0.0;0.0;0;0;30.0;50.0;available
2026-09-10T15:39:32.414959+02:00;Ciervo;C;Cagliari;0;29.6;1;1;0;0.0;0.0;0;0;55.0;50.0;available
2026-09-10T15:39:32.414959+02:00;Sierro;C;Parma;0;29.4;1;1;0;0.0;0.0;0;0;60.0;50.0;available
2026-09-10T15:39:32.414959+02:00;Boloca;C;Sassuolo;0;29.4;5;1;0;0.0;0.0;0;0;30.0;50.0;available
2026-09-10T15:39:32.414959+02:00;Idrissi R.;D;Cagliari;0;29.4;3;2;0;0.0;0.0;0;0;30.0;50.0;available
2026-09-10T15:39:32.414959+02:00;Diawara S.;D;Milan;0;29.4;4;1;0;0.0;0.0;0;0;20.0;50.0;available
2026-09-10T15:39:32.414959+02:00;Rugani;D;Juventus;0;29.1;3;1;0;0.0;0.0;0;0;30.0;50.8;available
2026-09-10T15:39:32.414959+02:00;Casale;D;Bologna;0;29.1;5;2;0;0.0;0.0;0;0;15.0;50.0;available
2026-09-10T15:39:32.414959+02:00;Ciurria;C;Monza;0;29.0;6;1;0;0.0;0.0;0;0;30.0;50.0;available
2026-09-10T15:39:32.414959+02:00;Chakvetadze;C;Udinese;0;28.7;6;1;0;0.0;0.0;0;0;25.0;50.0;available
2026-09-10T15:39:32.414959+02:00;El Azzouzi O.;C;Bologna;0;28.6;10;2;1;5.0;4.5;0;0;30.0;50.0;available
2026-09-10T15:39:32.414959+02:00;Helgason;C;Venezia;0;28.1;3;2;0;0.0;0.0;0;0;40.0;50.0;available
2026-09-10T15:39:32.414959+02:00;Enem;A;Bologna;0;28.1;4;2;0;0.0;0.0;0;0;15.0;50.0;available
2026-09-10T15:39:32.414959+02:00;Robinho Junior;A;Genoa;0;28.0;2;1;0;0.0;0.0;0;0;30.0;52.2;available
2026-09-10T15:39:32.414959+02:00;Carboni F.;D;Parma;0;28.0;3;1;0;0.0;0.0;0;0;30.0;50.0;available
2026-09-10T15:39:32.414959+02:00;Amey;D;Frosinone;0;28.0;1;1;0;0.0;0.0;0;0;30.0;50.0;available
2026-09-10T15:39:32.414959+02:00;Dagasso;C;Venezia;0;28.0;1;1;1;5.5;5.0;0;0;25.0;50.0;available
2026-09-10T15:39:32.414959+02:00;Marianucci;D;Napoli;0;27.8;3;1;0;0.0;0.0;0;0;30.0;50.0;available
2026-09-10T15:39:32.414959+02:00;Przyborek;C;Lazio;0;27.8;5;1;0;0.0;0.0;0;0;20.0;50.0;available
2026-09-10T15:39:32.414959+02:00;Patric;D;Lazio;0;27.6;1;1;0;0.0;0.0;0;0;30.0;50.0;available
2026-09-10T15:39:32.414959+02:00;De Silvestri;D;Bologna;0;27.5;4;1;0;0.0;0.0;0;0;20.0;50.0;available
2026-09-10T15:39:32.414959+02:00;Dembelè A.;D;Lecce;0;27.2;2;1;0;0.0;0.0;0;0;35.0;50.0;available
2026-09-10T15:39:32.414959+02:00;Pieragnolo;D;Sassuolo;0;27.2;1;1;0;0.0;0.0;0;0;30.0;50.0;available
2026-09-10T15:39:32.414959+02:00;Maye;D;Monza;0;27.1;1;1;0;0.0;0.0;0;0;35.0;50.0;available
2026-09-10T15:39:32.414959+02:00;Bayo V.;A;Udinese;0;26.9;3;1;2;5.0;4.75;0;0;60.0;50.0;available
2026-09-10T15:39:32.414959+02:00;Venturino;C;Genoa;0;26.9;4;1;0;0.0;0.0;0;0;30.0;50.0;available
2026-09-10T15:39:32.414959+02:00;Kone B.;C;Frosinone;0;26.9;3;1;0;0.0;0.0;0;0;30.0;50.0;available
2026-09-10T15:39:32.414959+02:00;Jean;D;Lecce;0;26.7;4;1;0;0.0;0.0;0;0;20.0;50.0;available
2026-09-10T15:39:32.414959+02:00;Milik;A;Juventus;0;26.7;3;4;0;0.0;0.0;0;0;10.0;50.0;available
2026-09-10T15:39:32.414959+02:00;Duncan;C;Venezia;0;26.6;4;1;0;0.0;0.0;0;0;30.0;50.0;available
2026-09-10T15:39:32.414959+02:00;Puczka;D;Genoa;0;26.3;3;1;0;0.0;0.0;0;0;25.0;50.0;available
2026-09-10T15:39:32.414959+02:00;Trepy;A;Cagliari;0;26.2;1;1;0;0.0;0.0;0;0;30.0;50.0;available
2026-09-10T15:39:32.414959+02:00;Omar Fayed;D;Frosinone;0;26.2;1;1;0;0.0;0.0;0;0;20.0;50.0;available
2026-09-10T15:39:32.414959+02:00;Antov;D;Monza;0;25.4;2;1;0;0.0;0.0;0;0;20.0;50.0;available
2026-09-10T15:39:32.414959+02:00;Goldaniga;D;Como;0;25.2;1;1;0;0.0;0.0;0;0;20.0;50.0;available
2026-09-10T15:39:32.414959+02:00;Gomes;D;Venezia;0;24.1;1;1;0;0.0;0.0;0;0;25.0;50.0;available
2026-09-10T15:39:32.414959+02:00;El Azzouzi A.;C;Frosinone;0;24.1;1;1;0;0.0;0.0;0;0;25.0;50.0;available
2026-09-10T15:39:32.414959+02:00;Fofana Sa.;C;Lecce;0;23.9;1;1;0;0.0;0.0;0;0;30.0;50.0;available
2026-09-10T15:39:32.414959+02:00;Liteta;C;Cagliari;0;23.2;1;1;0;0.0;0.0;0;0;20.0;50.0;available
2026-09-10T15:39:32.414959+02:00;De Martis;A;Parma;0;22.9;1;1;0;0.0;0.0;0;0;15.0;50.0;available
2026-09-10T15:39:32.414959+02:00;Lahdo;C;Como;0;22.9;1;1;0;0.0;0.0;0;0;15.0;50.0;available
2026-09-10T15:39:32.414959+02:00;Lisman;A;Venezia;0;22.6;1;1;0;0.0;0.0;0;0;15.0;50.0;available
2026-09-10T15:39:32.414959+02:00;Comotto;C;Milan;0;21.9;1;1;0;0.0;0.0;0;0;10.0;50.0;available
2026-09-10T15:39:32.414959+02:00;Laerke;C;Lecce;0;20.9;1;1;0;0.0;0.0;0;0;15.0;47.8;available
2026-09-10T15:39:32.414959+02:00;Dia;A;Lazio;1;0.0;20;10;2;6.0;6.25;0;1;0.0;50.0;available
2026-09-10T15:39:32.414959+02:00;Zappa;D;Atalanta;1;0.0;16;8;1;6.0;6.0;0;0;0.0;50.0;available
2026-09-10T15:39:32.414959+02:00;Norton-Cuffy;D;Genoa;1;0.0;15;8;2;6.0;6.0;0;0;0.0;50.0;available
2026-09-10T15:39:32.414959+02:00;Pedersen;D;Torino;1;0.0;12;5;1;6.0;6.0;0;0;0.0;50.0;available
2026-09-10T15:39:32.414959+02:00;Delli Carri;D;Monza;1;0.0;11;4;1;6.0;6.0;0;0;0.0;50.0;available
2026-09-10T15:39:32.414959+02:00;Borrelli;A;Cagliari;1;0.0;9;4;1;6.0;6.0;0;0;0.0;50.0;available
2026-09-10T15:39:32.414959+02:00;Morata;A;Roma;1;0.0;100;20;0;0.0;0.0;0;0;0.0;50.0;available
2026-09-10T15:39:32.414959+02:00;Leao;A;Milan;1;0.0;75;18;0;0.0;0.0;0;0;0.0;50.0;available
2026-09-10T15:39:32.414959+02:00;Lukaku;A;Napoli;1;0.0;45;10;0;0.0;0.0;0;0;0.0;50.0;available
2026-09-10T15:39:32.414959+02:00;Gutierrez;D;Napoli;1;0.0;26;8;0;0.0;0.0;0;0;0.0;50.0;available
2026-09-10T15:39:32.414959+02:00;Ratkov;A;Lazio;1;0.0;22;9;0;0.0;0.0;0;0;0.0;50.0;available
2026-09-10T15:39:32.414959+02:00;Nkunku;A;Milan;1;0.0;20;13;0;0.0;0.0;0;0;0.0;50.0;available
2026-09-10T15:39:32.414959+02:00;Romagnoli;D;Lazio;1;0.0;20;6;0;0.0;0.0;0;0;0.0;50.0;available
2026-09-10T15:39:32.414959+02:00;Suzuki;P;Parma;1;0.0;20;7;0;0.0;0.0;0;0;0.0;50.0;available
2026-09-10T15:39:32.414959+02:00;Ondrejka;C;Parma;1;0.0;18;5;0;0.0;0.0;0;0;0.0;50.0;available
2026-09-10T15:39:32.414959+02:00;Circati;D;Parma;1;0.0;18;6;0;0.0;0.0;0;0;0.0;50.0;available
2026-09-10T15:39:32.414959+02:00;Djimsiti;D;Atalanta;1;0.0;16;7;0;0.0;0.0;0;0;0.0;50.0;available
2026-09-10T15:39:32.414959+02:00;El Aynaoui;C;Roma;1;0.0;13;4;0;0.0;0.0;0;0;0.0;50.0;available
2026-09-10T15:39:32.414959+02:00;Ahanor;D;Atalanta;1;0.0;13;6;0;0.0;0.0;0;0;0.0;50.0;available
2026-09-10T15:39:32.414959+02:00;Sorensen O.;C;Parma;1;0.0;12;3;0;0.0;0.0;0;0;0.0;50.0;available
2026-09-10T15:39:32.414959+02:00;Angelino;D;Roma;1;0.0;12;3;0;0.0;0.0;0;0;0.0;50.0;available
2026-09-10T15:39:32.414959+02:00;Koutsoupias;C;Frosinone;1;0.0;11;4;0;0.0;0.0;0;0;0.0;50.0;available
2026-09-10T15:39:32.414959+02:00;Gimenez;A;Milan;1;0.0;10;6;0;0.0;0.0;0;0;0.0;50.0;available
2026-09-10T15:39:32.414959+02:00;Dallinga;A;Bologna;1;0.0;10;8;0;0.0;0.0;0;0;0.0;50.0;available
2026-09-10T15:39:32.414959+02:00;Fofana Y.;C;Milan;1;0.0;10;4;0;0.0;0.0;0;0;0.0;50.0;available
2026-09-10T15:39:32.414959+02:00;Di Gregorio;P;Juventus;1;0.0;10;9;0;0.0;0.0;0;0;0.0;50.0;available
2026-09-10T15:39:32.414959+02:00;Cuenca A.;D;Como;1;0.0;8;1;0;0.0;0.0;0;0;0.0;50.0;available
2026-09-10T15:39:32.414959+02:00;Athekame;D;Milan;1;0.0;8;3;0;0.0;0.0;0;0;0.0;50.0;available
2026-09-10T15:39:32.414959+02:00;Martin;D;Genoa;1;0.0;8;4;0;0.0;0.0;0;0;0.0;50.0;available
2026-09-10T15:39:32.414959+02:00;Mutandwa;A;Cagliari;1;0.0;7;6;0;0.0;0.0;0;0;0.0;50.0;available
2026-09-10T15:39:32.414959+02:00;Prati;C;Cagliari;1;0.0;7;4;0;0.0;0.0;0;0;0.0;50.0;available
2026-09-10T15:39:32.414959+02:00;Miretti;C;Juventus;1;0.0;7;3;0;0.0;0.0;0;0;0.0;50.0;available
2026-09-10T15:39:32.414959+02:00;Kuhn;A;Como;1;0.0;5;3;0;0.0;0.0;0;0;0.0;50.0;available
2026-09-10T15:39:32.414959+02:00;Petagna;A;Monza;1;0.0;5;2;0;0.0;0.0;0;0;0.0;50.0;available
2026-09-10T15:39:32.414959+02:00;Perin;P;Juventus;1;0.0;5;6;0;0.0;0.0;0;0;0.0;50.0;available
2026-09-10T15:39:32.414959+02:00;Buksa;A;Udinese;1;0.0;4;2;0;0.0;0.0;0;0;0.0;50.0;available
2026-09-10T15:39:32.414959+02:00;Vaz;A;Roma;1;0.0;4;1;0;0.0;0.0;0;0;0.0;50.0;available
2026-09-10T15:39:32.414959+02:00;Anjorin;C;Torino;1;0.0;4;1;0;0.0;0.0;0;0;0.0;50.0;available
2026-09-10T15:39:32.414959+02:00;Camara A.;C;Udinese;1;0.0;3;1;0;0.0;0.0;0;0;0.0;50.0;available
2026-09-10T15:39:32.414959+02:00;Bjarkason;C;Venezia;1;0.0;3;1;0;0.0;0.0;0;0;0.0;50.0;available
2026-09-10T15:39:32.414959+02:00;Mlacic;D;Udinese;1;0.0;3;1;0;0.0;0.0;0;0;0.0;50.0;available
2026-09-10T15:39:32.414959+02:00;Oyono J.;D;Frosinone;1;0.0;2;1;0;0.0;0.0;0;0;0.0;50.0;available
2026-09-10T15:39:32.414959+02:00;Vogliacco;D;Genoa;1;0.0;2;1;0;0.0;0.0;0;0;0.0;50.0;available
2026-09-10T15:39:32.414959+02:00;Matturro;D;Genoa;1;0.0;2;1;0;0.0;0.0;0;0;0.0;50.0;available
2026-09-10T15:39:32.414959+02:00;Missori;D;Sassuolo;1;0.0;2;1;0;0.0;0.0;0;0;0.0;50.0;available
2026-09-10T15:39:32.414959+02:00;Albarracin;A;Cagliari;1;0.0;1;1;0;0.0;0.0;0;0;0.0;50.0;available
2026-09-10T15:39:32.414959+02:00;Moro L.;A;Sassuolo;1;0.0;1;1;0;0.0;0.0;0;0;0.0;50.0;available
2026-09-10T15:39:32.414959+02:00;Azon;A;Como;1;0.0;1;1;0;0.0;0.0;0;0;0.0;50.0;available
2026-09-10T15:39:32.414959+02:00;Iannoni;C;Sassuolo;1;0.0;1;1;0;0.0;0.0;0;0;0.0;50.0;available
2026-09-10T15:39:32.414959+02:00;Corrado;D;Frosinone;1;0.0;1;1;0;0.0;0.0;0;0;0.0;50.0;available
2026-09-10T15:39:32.414959+02:00;Gelli J.;D;Frosinone;1;0.0;1;1;0;0.0;0.0;0;0;0.0;50.0;available
2026-09-10T15:39:32.414959+02:00;Macchioni;D;Sassuolo;1;0.0;1;1;0;0.0;0.0;0;0;0.0;50.0;available
2026-09-10T15:39:32.414959+02:00;Raterink;D;Cagliari;1;0.0;1;1;0;0.0;0.0;0;0;0.0;50.0;available
2026-09-10T15:39:32.414959+02:00;Perez M.;D;Lecce;1;0.0;1;1;0;0.0;0.0;0;0;0.0;50.0;available
2026-09-10T15:39:32.414959+02:00;Vismara;P;Atalanta;1;0.0;1;1;0;0.0;0.0;0;0;0.0;50.0;available
2026-09-10T15:39:32.414959+02:00;Samooja;P;Lecce;1;0.0;1;1;0;0.0;0.0;0;0;0.0;50.0;available
2026-09-10T15:39:32.414959+02:00;Paleari;P;Torino;1;0.0;1;1;0;0.0;0.0;0;0;0.0;50.0;available
2026-09-10T15:39:32.414959+02:00;Ciocci;P;Cagliari;1;0.0;1;1;0;0.0;0.0;0;0;0.0;50.0;available
2026-09-10T15:39:32.414959+02:00;Fruchtl;P;Lecce;1;0.0;1;1;0;0.0;0.0;0;0;0.0;50.0;available
2026-09-10T15:39:32.414959+02:00;Rossi F.;P;Atalanta;1;0.0;1;1;0;0.0;0.0;0;0;0.0;50.0;available
2026-09-10T15:39:32.414959+02:00;David;A;Juventus;1;0.0;25;8;1;5.0;5.0;0;0;0.0;50.0;available
2026-09-10T15:39:32.414959+02:00;Pizzignacco;P;Monza;1;0.0;1;1;1;4.5;0.5;0;0;0.0;50.0;available
